Date	0
1954-01-01	14.978309208237018
1954-01-02	34.563470130259816
1954-01-03	39.77633968703606
1954-01-04	-19.240088253877076
1954-01-05	-9.34366148583841
1954-01-06	-14.412900722172761
1954-01-07	-43.90321221303804
1954-01-08	-23.887385033368048
1954-01-09	-7.856340841235713
1954-01-10	-2.253567814128556
1954-01-11	-3.9720330533464026
1954-01-12	-6.837714523748627
1954-01-13	29.5430264492085
1954-01-14	-22.378861828957366
1954-01-15	1.424083043733717
1954-01-16	-37.353194596873735
1954-01-17	23.252703406268417
1954-01-18	8.18425556718445
1954-01-19	-22.2214270852134
1954-01-20	21.39100463806042
1954-01-21	-7.035783147489624
1954-01-22	-49.1999301108759
1954-01-23	17.62476926583503
1954-01-24	26.355885962483438
1954-01-25	17.604137475220224
1954-01-26	4.488944403486284
1954-01-27	16.23016944759803
1954-01-28	21.098880439409363
1954-01-29	14.201040690065378
1954-01-30	27.14329197879997
1954-01-31	26.436346382153335
1954-02-01	-22.61244605476692
1954-02-02	42.70770219095355
1954-02-03	9.120715202251208
1954-02-04	-0.13352897681778098
1954-02-05	28.880208986084828
1954-02-06	50.0950769616987
1954-02-07	16.735345796169874
1954-02-08	-31.81568744389173
1954-02-09	24.817513881672152
1954-02-10	26.268434399896353
1954-02-11	24.639418379568962
1954-02-12	-23.676636127885587
1954-02-13	0.7775266001393996
1954-02-14	11.922141958409432
1954-02-15	46.344356988415655
1954-02-16	-7.61130554722954
1954-02-17	16.721282444417138
1954-02-18	4.7332850392555
1954-02-19	6.000215755392239
1954-02-20	10.013177115636813
1954-02-21	3.9308995272864884
1954-02-22	-17.439247840562324
1954-02-23	19.574937760484524
1954-02-24	-18.02530072263393
1954-02-25	6.525071937047297
1954-02-26	17.536824377150182
1954-02-27	31.98826593088796
1954-02-28	24.707202883808367
1954-03-01	-17.237688155114913
1954-03-02	-29.20188645827435
1954-03-03	29.97229316486848
1954-03-04	2.251649034120112
1954-03-05	44.90001520031978
1954-03-06	9.368650872755431
1954-03-07	-41.27878415480967
1954-03-08	15.371685596980939
1954-03-09	-14.211056268911362
1954-03-10	-27.058798504100842
1954-03-11	-1.3027642028142588
1954-03-12	-16.255787811681216
1954-03-13	12.202477423354292
1954-03-14	-33.459056719176935
1954-03-15	0.04378068646028144
1954-03-16	16.210682301698277
1954-03-17	18.278859868932415
1954-03-18	0.4577930097044217
1954-03-19	-11.505199697359329
1954-03-20	2.4040104234787525
1954-03-21	-6.025900103127168
1954-03-22	9.580307347291294
1954-03-23	1.607666505798495
1954-03-24	-11.167898167578631
1954-03-25	-24.40370357349722
1954-03-26	-34.41127054086015
1954-03-27	26.151961996363276
1954-03-28	39.26272383442397
1954-03-29	-22.555551392700217
1954-03-30	15.790516045553781
1954-03-31	17.209027147277887
1954-04-01	-24.636497488324206
1954-04-02	-0.26220650876518237
1954-04-03	9.988693691466592
1954-04-04	8.138048971629937
1954-04-05	-42.60420514719482
1954-04-06	-22.27054094158194
1954-04-07	-35.3575452920564
1954-04-08	26.862560925221633
1954-04-09	2.6943488944777476
1954-04-10	13.213973926336536
1954-04-11	20.780158902992216
1954-04-12	6.6380286483025595
1954-04-13	-35.23567835530567
1954-04-14	-3.0995770263095785
1954-04-15	-32.76192771631031
1954-04-16	-38.52640910586505
1954-04-17	27.805437136057364
1954-04-18	-8.042243056641805
1954-04-19	3.400598291933748
1954-04-20	-25.352459219499654
1954-04-21	24.507498965741032
1954-04-22	-9.459856188803109
1954-04-23	10.436239571304142
1954-04-24	-5.321146294592036
1954-04-25	-30.333836772276133
1954-04-26	-7.615745741139839
1954-04-27	-21.941667839714707
1954-04-28	38.40453897815363
1954-04-29	4.464876087959981
1954-04-30	-5.936409455242675
1954-05-01	-14.867493879789203
1954-05-02	3.2732630463630565
1954-05-03	2.235131597255952
1954-05-04	-22.316826096232877
1954-05-05	-2.3158084091860056
1954-05-06	13.456835213599053
1954-05-07	-33.06288725848914
1954-05-08	-20.627719062365152
1954-05-09	-7.428821452301243
1954-05-10	-12.532468913347138
1954-05-11	22.16913976928219
1954-05-12	15.290662045734704
1954-05-13	-2.0038542263129484
1954-05-14	-16.407161717432913
1954-05-15	-17.142293858952893
1954-05-16	29.73687824908575
1954-05-17	-10.906600812798976
1954-05-18	20.940034312583453
1954-05-19	-8.05545149617412
1954-05-20	2.666651466810682
1954-05-21	-1.7680834528168885
1954-05-22	40.54652080939807
1954-05-23	31.64674123136563
1954-05-24	18.72252738007934
1954-05-25	45.14398574636925
1954-05-26	28.392561228072076
1954-05-27	-2.7858788749367376
1954-05-28	-8.164865470169731
1954-05-29	3.994690588417088
1954-05-30	-8.416929124280035
1954-05-31	-13.13347137760869
1954-06-01	26.380535433275814
1954-06-02	5.253181906818445
1954-06-03	-10.028613417532481
1954-06-04	2.0621639166864196
1954-06-05	39.610442973277074
1954-06-06	23.486213048167205
1954-06-07	-1.3897465689088027
1954-06-08	18.64719252457706
1954-06-09	-8.17658691249155
1954-06-10	-40.857215883836766
1954-06-11	22.596377967959203
1954-06-12	27.547088365202534
1954-06-13	-41.968149369902065
1954-06-14	-0.7916259549855298
1954-06-15	15.433092808224574
1954-06-16	-22.8667401701707
1954-06-17	10.742350215634865
1954-06-18	4.999822557166648
1954-06-19	-21.762373541782914
1954-06-20	4.793884859586044
1954-06-21	-35.2749263516563
1954-06-22	-1.7125211833427276
1954-06-23	-15.269479421767596
1954-06-24	11.402777208182599
1954-06-25	-45.12348911206443
1954-06-26	17.044317068026082
1954-06-27	-21.9785828184275
1954-06-28	-3.8814579243558134
1954-06-29	25.169426775783474
1954-06-30	-10.714316665189813
1954-07-01	3.430617372239869
1954-07-02	8.74376298051314
1954-07-03	57.09368713101047
1954-07-04	2.0185064849695653
1954-07-05	36.60075774090835
1954-07-06	30.897543024090933
1954-07-07	18.509371772737264
1954-07-08	3.9155216500192838
1954-07-09	-2.8107754298643197
1954-07-10	-0.2831913272837556
1954-07-11	12.229753157304069
1954-07-12	-33.35869458841316
1954-07-13	-4.832179334531637
1954-07-14	36.597341957635685
1954-07-15	40.1619883675447
1954-07-16	-3.038390667572002
1954-07-17	2.1043103434137373
1954-07-18	9.550554897545396
1954-07-19	5.611626370964736
1954-07-20	-4.468140801141269
1954-07-21	36.05848451129849
1954-07-22	14.611452070204312
1954-07-23	-7.310204273923796
1954-07-24	26.964212693788507
1954-07-25	-9.21906042374406
1954-07-26	-7.311896018747483
1954-07-27	-23.57097792598654
1954-07-28	-44.31023387228235
1954-07-29	-18.736563288878777
1954-07-30	28.721370323263507
1954-07-31	-29.14672593221052
1954-08-01	-36.43696520166538
1954-08-02	-35.27274799581643
1954-08-03	30.064546276105865
1954-08-04	9.035226871589842
1954-08-05	36.91732960059253
1954-08-06	-19.244643124256942
1954-08-07	26.443862275488453
1954-08-08	-15.392339432390415
1954-08-09	2.501144424186661
1954-08-10	0.4201705936868392
1954-08-11	7.544581641756629
1954-08-12	-4.754181434791585
1954-08-13	-17.006456437343942
1954-08-14	-9.63372887828975
1954-08-15	1.2529380858762338
1954-08-16	54.5205235342724
1954-08-17	-4.504172598116115
1954-08-18	-61.10446593563104
1954-08-19	27.46642319750432
1954-08-20	-44.68388305524432
1954-08-21	13.22888519696024
1954-08-22	-6.983897333920865
1954-08-23	2.4047313634819414
1954-08-24	-10.34486530809164
1954-08-25	-5.297779280052244
1954-08-26	48.40588045532073
1954-08-27	-1.7561927577687555
1954-08-28	-9.34215798400048
1954-08-29	-20.74840393532629
1954-08-30	-24.436134087354976
1954-08-31	-23.760958985982487
1954-09-01	-14.868344358139105
1954-09-02	19.23841039266117
1954-09-03	44.16415826603106
1954-09-04	17.40815385421368
1954-09-05	-24.361048592123254
1954-09-06	29.011000721038585
1954-09-07	-10.199452742155447
1954-09-08	12.908054995091504
1954-09-09	-5.54831164771704
1954-09-10	-3.539619992572936
1954-09-11	0.7667473699655687
1954-09-12	14.974106763599762
1954-09-13	-0.3389674799693301
1954-09-14	-22.802953031689434
1954-09-15	21.07654362291692
1954-09-16	14.003585262268395
1954-09-17	-21.187050034756318
1954-09-18	-30.057557727360585
1954-09-19	-8.468342754055305
1954-09-20	-13.805847648495154
1954-09-21	-0.5338227578907682
1954-09-22	-13.892672337006868
1954-09-23	12.511408716503292
1954-09-24	28.324780143037625
1954-09-25	-34.95505658580123
1954-09-26	15.009466237988144
1954-09-27	-24.496545570218608
1954-09-28	58.836506983850136
1954-09-29	18.999711134978757
1954-09-30	23.57782858788334
1954-10-01	44.4917429749411
1954-10-02	9.048653045173499
1954-10-03	-12.41956341954204
1954-10-04	17.568464892958154
1954-10-05	-8.612967697891209
1954-10-06	-17.511870018935728
1954-10-07	15.388141449461584
1954-10-08	-13.464988658215123
1954-10-09	20.710553464986276
1954-10-10	12.609705305721926
1954-10-11	10.853209518646906
1954-10-12	-11.985621297445748
1954-10-13	-0.03376673473326308
1954-10-14	-16.601040744089378
1954-10-15	2.3159727841989293
1954-10-16	3.8782974267945862
1954-10-17	26.0819508857589
1954-10-18	38.071884153081704
1954-10-19	3.5769316676797995
1954-10-20	-2.929989536636395
1954-10-21	18.557047794557143
1954-10-22	-26.874251957081714
1954-10-23	0.04714548750063752
1954-10-24	-21.623656682620673
1954-10-25	29.444150833222363
1954-10-26	25.27076522051228
1954-10-27	-11.657213335431898
1954-10-28	10.077417528144581
1954-10-29	10.308938640825929
1954-10-30	10.163978606221958
1954-10-31	-0.705529422672778
1954-11-01	-52.24116067683284
1954-11-02	14.16411320269168
1954-11-03	4.4603265555964455
1954-11-04	26.597149020767947
1954-11-05	-1.5319390559127617
1954-11-06	28.544514342058964
1954-11-07	31.740227375490296
1954-11-08	-14.318042838560574
1954-11-09	-27.807579310910146
1954-11-10	12.20930957917237
1954-11-11	-12.021730430651496
1954-11-12	-1.529097437342654
1954-11-13	20.967275817695807
1954-11-14	19.211059141353687
1954-11-15	-23.960568265392855
1954-11-16	-8.828702315230693
1954-11-17	-4.668980285730454
1954-11-18	-24.979505556382207
1954-11-19	12.129424482762401
1954-11-20	3.151523279284641
1954-11-21	-12.998106078727249
1954-11-22	-32.96267371521036
1954-11-23	4.441440399672908
1954-11-24	-1.167778144957148
1954-11-25	45.18973989568679
1954-11-26	48.16915585421873
1954-11-27	1.8899811388760437
1954-11-28	-2.475818861232275
1954-11-29	0.8949411921867624
1954-11-30	-21.42306969262258
1954-12-01	7.851884977662093
1954-12-02	-16.295569309111528
1954-12-03	28.411025373059772
1954-12-04	-14.313196122870352
1954-12-05	-2.290739671708547
1954-12-06	-24.53584737615011
1954-12-07	-5.216524158531663
1954-12-08	-0.7297054599046009
1954-12-09	-7.158811182403312
1954-12-10	-14.096730485775907
1954-12-11	27.521496750577874
1954-12-12	-13.233533516149354
1954-12-13	-19.08226352586209
1954-12-14	-18.01078454318789
1954-12-15	19.594220056674256
1954-12-16	-8.792566695487524
1954-12-17	21.927378649644922
1954-12-18	-2.5763046434039634
1954-12-19	-23.723548550109275
1954-12-20	-25.206051377007075
1954-12-21	15.012825393697005
1954-12-22	-29.363872729890883
1954-12-23	-23.15867393269765
1954-12-24	-18.48281747216167
1954-12-25	-28.4164533299045
1954-12-26	21.335709153947644
1954-12-27	-36.36759432305099
1954-12-28	-13.73108875190314
1954-12-29	-11.62140833290407
1954-12-30	-22.73117786345433
1954-12-31	11.647595690181744
1955-01-01	-0.1433706804260524
1955-01-02	-7.893227945186492
1955-01-03	-44.013440795533526
1955-01-04	-16.634186163990716
1955-01-05	-8.599399341931386
1955-01-06	-9.566346119076124
1955-01-07	-3.9800308294992526
1955-01-08	48.338986649791465
1955-01-09	-12.125560861687974
1955-01-10	-22.7811792026263
1955-01-11	-6.337206624099385
1955-01-12	19.634878786264974
1955-01-13	32.98192468117007
1955-01-14	7.35584430141161
1955-01-15	-44.6459130233518
1955-01-16	-4.401873356850026
1955-01-17	-13.922293791957832
1955-01-18	4.869527527663426
1955-01-19	-8.46118369341598
1955-01-20	-0.1496283307965418
1955-01-21	-0.7070260407731239
1955-01-22	7.1110702522408245
1955-01-23	16.46372554237378
1955-01-24	9.453539102113563
1955-01-25	-11.306433807104327
1955-01-26	-52.555427486888
1955-01-27	-20.869603505925582
1955-01-28	17.300061978321622
1955-01-29	2.0819847402319707
1955-01-30	-4.5279387239183295
1955-01-31	42.322232910944095
1955-02-01	-3.4833312202531506
1955-02-02	8.782538011784068
1955-02-03	-32.42645418875078
1955-02-04	23.226725679058585
1955-02-05	24.205180564410114
1955-02-06	15.378044785118718
1955-02-07	-21.169271271328768
1955-02-08	-15.293671536750377
1955-02-09	-20.78565722144439
1955-02-10	1.281811160739386
1955-02-11	-19.400384151016585
1955-02-12	-9.618018290076833
1955-02-13	14.179194109455745
1955-02-14	15.19393041184774
1955-02-15	23.420095000158927
1955-02-16	35.29156337974169
1955-02-17	-10.479981527168604
1955-02-18	5.379001714924764
1955-02-19	-7.238879180280183
1955-02-20	-2.3615826128509125
1955-02-21	10.283725109797688
1955-02-22	-10.71525337197038
1955-02-23	-14.483239257763692
1955-02-24	8.309678006185433
1955-02-25	-28.76144447942405
1955-02-26	10.475878659214635
1955-02-27	2.56576190646899
1955-02-28	30.008695287783922
1955-03-01	17.860632770734348
1955-03-02	4.156413339830466
1955-03-03	-16.517926555819688
1955-03-04	-45.61542846362153
1955-03-05	17.884868194177134
1955-03-06	-45.51338180271959
1955-03-07	2.7384013829751233
1955-03-08	13.269316442084893
1955-03-09	3.774762089908548
1955-03-10	2.497453314394243
1955-03-11	-3.622855392673353
1955-03-12	-2.900340746046397
1955-03-13	65.92283097546078
1955-03-14	-18.94091728766608
1955-03-15	-26.39092953752178
1955-03-16	-23.15601953309494
1955-03-17	8.030799039570997
1955-03-18	-0.022050213789616357
1955-03-19	0.9904986696343435
1955-03-20	-15.474211901703494
1955-03-21	-15.781022641883201
1955-03-22	3.40604305861452
1955-03-23	23.367472078817233
1955-03-24	9.197437219325188
1955-03-25	32.98123240379208
1955-03-26	26.023702087980883
1955-03-27	4.194409222183244
1955-03-28	10.620796556139911
1955-03-29	3.1217176367051076
1955-03-30	-8.318306489814885
1955-03-31	-22.067244079316804
1955-04-01	-29.36612980051411
1955-04-02	-7.089243139506841
1955-04-03	3.4662586643430933
1955-04-04	-1.5180195844864477
1955-04-05	22.905892732823272
1955-04-06	-6.975577419325805
1955-04-07	-0.9681205878552996
1955-04-08	3.19259883579997
1955-04-09	23.68373418151241
1955-04-10	7.635300000909567
1955-04-11	-16.28885009418438
1955-04-12	-19.496807053308054
1955-04-13	0.43748305859098957
1955-04-14	33.40012790231936
1955-04-15	39.6338391674522
1955-04-16	-17.371217306279256
1955-04-17	20.91436349658413
1955-04-18	39.681090572056945
1955-04-19	-15.842647820416172
1955-04-20	2.4295340465936666
1955-04-21	-3.999711334143445
1955-04-22	-29.934650863198257
1955-04-23	26.577759397331434
1955-04-24	38.31306687966403
1955-04-25	12.906883073741847
1955-04-26	-39.47991233987623
1955-04-27	16.440964889350425
1955-04-28	-24.111643417131194
1955-04-29	-38.17553368249808
1955-04-30	-10.458871206252981
1955-05-01	14.515265061505774
1955-05-02	-3.449066655414561
1955-05-03	22.564126312681662
1955-05-04	-17.249958449599028
1955-05-05	18.85765251979934
1955-05-06	27.453193319588735
1955-05-07	-2.2594058909228725
1955-05-08	-6.30581814092872
1955-05-09	49.31226201081511
1955-05-10	3.928253869253151
1955-05-11	18.102283494771598
1955-05-12	13.90810041832663
1955-05-13	16.833211372632782
1955-05-14	-14.02621190323486
1955-05-15	-13.993939137123824
1955-05-16	-15.279593348665593
1955-05-17	26.60954058599082
1955-05-18	21.91657622217531
1955-05-19	17.083688505205423
1955-05-20	42.809091440399804
1955-05-21	16.605774233132458
1955-05-22	10.76785909919746
1955-05-23	-3.6274282727900555
1955-05-24	-35.92488712835509
1955-05-25	19.29112524931342
1955-05-26	9.990885377574388
1955-05-27	-18.566366331557866
1955-05-28	26.48409583992605
1955-05-29	36.072036631251684
1955-05-30	23.958303620149163
1955-05-31	2.7427418781507678
1955-06-01	-21.97497838060552
1955-06-02	-20.281545187723644
1955-06-03	-2.4472665220382632
1955-06-04	-19.22391716130607
1955-06-05	44.70207282821453
1955-06-06	6.437223196653315
1955-06-07	10.24155562951453
1955-06-08	27.773050423452087
1955-06-09	6.276489826272352
1955-06-10	-30.230753253703085
1955-06-11	-31.20461994973374
1955-06-12	8.587677545544775
1955-06-13	26.65274211717342
1955-06-14	-31.441917741805568
1955-06-15	-10.420788130171195
1955-06-16	35.85415322470096
1955-06-17	1.1935868697539593
1955-06-18	2.549011851177524
1955-06-19	-7.181862393252608
1955-06-20	54.00780151715774
1955-06-21	22.097349433884848
1955-06-22	10.581464158207556
1955-06-23	15.170217581209478
1955-06-24	23.012656302059963
1955-06-25	40.94477047424159
1955-06-26	20.488624011410124
1955-06-27	-7.391404372515542
1955-06-28	9.910455761382684
1955-06-29	2.0046765162043814
1955-06-30	33.05418676945657
1955-07-01	-5.7004927582800295
1955-07-02	-5.596878177538831
1955-07-03	-28.5171965417012
1955-07-04	17.3795848252144
1955-07-05	-21.309026657771746
1955-07-06	-0.3405102095830106
1955-07-07	57.2565530173472
1955-07-08	55.095036340840515
1955-07-09	-7.972933360526898
1955-07-10	-14.376121282442716
1955-07-11	-36.40670740823688
1955-07-12	0.34095030270323645
1955-07-13	-9.063343871262694
1955-07-14	12.319206676138574
1955-07-15	-4.164980115143656
1955-07-16	-9.814990043571553
1955-07-17	-13.700821530354997
1955-07-18	-2.7554476276148616
1955-07-19	-10.975921049071701
1955-07-20	-17.786270020575362
1955-07-21	48.97444212977117
1955-07-22	12.51023963750574
1955-07-23	1.1886596180978026
1955-07-24	8.186466113014482
1955-07-25	-11.89979125095165
1955-07-26	0.5198287121603746
1955-07-27	31.0191624924493
1955-07-28	-36.49109333792192
1955-07-29	8.921484893374691
1955-07-30	6.998397121470214
1955-07-31	18.847305727701208
1955-08-01	4.593653804883477
1955-08-02	10.64644078100621
1955-08-03	-6.480015808202171
1955-08-04	-12.087262479545135
1955-08-05	-14.363348120185902
1955-08-06	-15.020551150775134
1955-08-07	3.5352935587387613
1955-08-08	9.81170836030726
1955-08-09	-35.95973972837217
1955-08-10	20.765001382544234
1955-08-11	44.705154384474895
1955-08-12	6.186939661375403
1955-08-13	-7.478606742155261
1955-08-14	-3.778425340902732
1955-08-15	19.674276773433288
1955-08-16	-10.064421341171087
1955-08-17	12.053205903145336
1955-08-18	9.167652986523594
1955-08-19	11.920545313648015
1955-08-20	-27.02094988320963
1955-08-21	-9.86728298578813
1955-08-22	-48.213151114853964
1955-08-23	-9.262066153670343
1955-08-24	-16.10426400283726
1955-08-25	-3.9854609587624976
1955-08-26	-22.03388306259745
1955-08-27	4.193166383861266
1955-08-28	10.700959464579471
1955-08-29	56.362815780503524
1955-08-30	0.05614532881386591
1955-08-31	-17.563608144297817
1955-09-01	-32.1235967866876
1955-09-02	2.2508990818830186
1955-09-03	-4.421764807459406
1955-09-04	-19.38750102696756
1955-09-05	23.73880782515638
1955-09-06	1.1094311756313273
1955-09-07	-0.024816260637310572
1955-09-08	3.5077338209293814
1955-09-09	-13.40541032745382
1955-09-10	34.60461356697426
1955-09-11	13.012770807466211
1955-09-12	-19.584528787044498
1955-09-13	-44.03399083433529
1955-09-14	-28.87990021568682
1955-09-15	47.14141045842018
1955-09-16	26.148071475053
1955-09-17	-0.8083002373305403
1955-09-18	-56.84206987718791
1955-09-19	-26.216664646846304
1955-09-20	-1.7144855546119453
1955-09-21	-15.209667452922215
1955-09-22	11.350863114444378
1955-09-23	-15.537113694893758
1955-09-24	8.666828702768237
1955-09-25	20.247486571248498
1955-09-26	21.26571224893946
1955-09-27	-40.68278828117741
1955-09-28	21.592819536552195
1955-09-29	10.494462985051877
1955-09-30	27.637079912337118
1955-10-01	5.150829900226163
1955-10-02	15.617943921570154
1955-10-03	-11.495607338849508
1955-10-04	-17.442870843744558
1955-10-05	23.68955018768517
1955-10-06	2.6432947809524983
1955-10-07	5.059688938657324
1955-10-08	-10.343344974158667
1955-10-09	-28.03912432408429
1955-10-10	-33.49446223231669
1955-10-11	0.6739819464965887
1955-10-12	46.07573200355694
1955-10-13	1.8970119098472487
1955-10-14	-21.7134743341397
1955-10-15	-0.37450710678237176
1955-10-16	3.228496462629966
1955-10-17	5.157968197812604
1955-10-18	13.286761321043873
1955-10-19	24.005792136214378
1955-10-20	-5.737356346603775
1955-10-21	22.148996058362425
1955-10-22	21.50767424546463
1955-10-23	19.57787783139581
1955-10-24	-3.8901491137693744
1955-10-25	16.88722717211161
1955-10-26	6.152175282786365
1955-10-27	-43.297927226721086
1955-10-28	-1.3563905682707869
1955-10-29	-15.442997581452133
1955-10-30	-5.6001967221383255
1955-10-31	-13.905772299732591
1955-11-01	24.832415476577875
1955-11-02	13.409559860073028
1955-11-03	35.34802580895094
1955-11-04	29.967649759128296
1955-11-05	-34.7861313812072
1955-11-06	18.32439016984516
1955-11-07	18.112394327841237
1955-11-08	-27.038502504883684
1955-11-09	10.579251949197642
1955-11-10	24.43561767977833
1955-11-11	-14.705199233153886
1955-11-12	0.31722042198536093
1955-11-13	2.713368316942006
1955-11-14	42.58387540238944
1955-11-15	-37.210540732113735
1955-11-16	-6.507629659493467
1955-11-17	-10.68550062833484
1955-11-18	-25.162433939749583
1955-11-19	-1.6695639131457474
1955-11-20	4.709573808777184
1955-11-21	22.92193206138031
1955-11-22	-5.144974460680198
1955-11-23	23.129532346933367
1955-11-24	32.3664302124581
1955-11-25	-1.6748435295448452
1955-11-26	-17.490639911105028
1955-11-27	34.08798910355451
1955-11-28	-3.6377497787634994
1955-11-29	-28.672772852621648
1955-11-30	6.411429585162242
1955-12-01	-14.691160898945126
1955-12-02	-21.001264231443304
1955-12-03	3.1982898056210614
1955-12-04	12.155005473233182
1955-12-05	-4.652553667740232
1955-12-06	7.422698687905525
1955-12-07	12.05700617722053
1955-12-08	-34.90921543805286
1955-12-09	-8.48288426690963
1955-12-10	-25.511971236129508
1955-12-11	49.68625906028606
1955-12-12	-23.730911977828132
1955-12-13	15.120684627241959
1955-12-14	-28.414798369840213
1955-12-15	-19.35317175296968
1955-12-16	5.700625653324263
1955-12-17	-33.337513802013724
1955-12-18	-12.290247371455207
1955-12-19	14.282446556363892
1955-12-20	15.351695460786289
1955-12-21	-38.56581512432426
1955-12-22	-29.957720724737342
1955-12-23	22.60740060855134
1955-12-24	-23.75916046804353
1955-12-25	47.241286040347845
1955-12-26	-8.05597962418587
1955-12-27	-15.225909600641462
1955-12-28	5.202371577067427
1955-12-29	-35.32681327885362
1955-12-30	-28.999439971180927
1955-12-31	29.98054223570464
1956-01-01	37.8981220809773
1956-01-02	-52.59560551729772
1956-01-03	-29.800926407216963
1956-01-04	16.384057929828707
1956-01-05	44.60673782287032
1956-01-06	12.94605138835083
1956-01-07	-9.0406108640236
1956-01-08	-6.616106337318984
1956-01-09	0.4877666112060913
1956-01-10	-5.576872177531921
1956-01-11	-22.784348015450217
1956-01-12	-12.41364681753968
1956-01-13	2.0588553684404234
1956-01-14	10.58926024151247
1956-01-15	19.869155113259556
1956-01-16	23.848942395885956
1956-01-17	33.83290739655605
1956-01-18	21.97141132330588
1956-01-19	-0.17639546318155008
1956-01-20	12.1395028272996
1956-01-21	-35.527097966319104
1956-01-22	10.025547357431789
1956-01-23	-19.570962549416553
1956-01-24	-5.002758033074919
1956-01-25	1.9439310398138567
1956-01-26	23.141242808848656
1956-01-27	16.72690144972106
1956-01-28	4.948004148060635
1956-01-29	-57.596317971942355
1956-01-30	-28.32295903084689
1956-01-31	40.74277085834975
1956-02-01	9.749436814578491
1956-02-02	-19.268115167671027
1956-02-03	3.0467070425064575
1956-02-04	-24.074868851580607
1956-02-05	-22.332463562523827
1956-02-06	4.357378319996939
1956-02-07	-4.506108670170196
1956-02-08	34.08518653743824
1956-02-09	-5.797226974093475
1956-02-10	45.07643439788078
1956-02-11	18.543247058998272
1956-02-12	14.472226776032416
1956-02-13	0.9982100563844859
1956-02-14	-32.35153655889823
1956-02-15	17.744029350678925
1956-02-16	16.05728593640197
1956-02-17	-18.203931847407457
1956-02-18	-3.1498340467098176
1956-02-19	22.6536462569881
1956-02-20	28.51676619185702
1956-02-21	-3.1398865080253238
1956-02-22	-10.196584509276024
1956-02-23	-34.395950134983174
1956-02-24	0.6754836686522514
1956-02-25	-25.360914190780143
1956-02-26	21.83950603728427
1956-02-27	-10.552390161264167
1956-02-28	12.834035673813034
1956-02-29	-17.82699531655531
1956-03-01	-3.14262152669194
1956-03-02	-18.43657195505689
1956-03-03	12.444162748759252
1956-03-04	-20.881454318145334
1956-03-05	30.303577451965218
1956-03-06	37.536081926218955
1956-03-07	-0.8799871754849176
1956-03-08	11.54128556123495
1956-03-09	6.428493272164385
1956-03-10	2.3467882931892783
1956-03-11	20.759362487516757
1956-03-12	7.529627809296936
1956-03-13	12.945976968655085
1956-03-14	-20.124962755364766
1956-03-15	-2.421959662668553
1956-03-16	2.693626975957118
1956-03-17	33.63007797912839
1956-03-18	-18.380235675131633
1956-03-19	65.43393556734091
1956-03-20	-19.97643932489226
1956-03-21	24.591149835116045
1956-03-22	24.042422285941935
1956-03-23	29.31931938518859
1956-03-24	18.754882375381463
1956-03-25	25.30064845234883
1956-03-26	29.135823161479724
1956-03-27	-5.647495969352247
1956-03-28	-18.07227380778121
1956-03-29	-19.71083756449609
1956-03-30	-3.9299284869493096
1956-03-31	-4.205079016968564
1956-04-01	-29.81399462421409
1956-04-02	14.713795864214294
1956-04-03	54.21182426535029
1956-04-04	17.51663958282823
1956-04-05	5.871714167140522
1956-04-06	-20.02135971000648
1956-04-07	9.243568824985458
1956-04-08	-40.845806744705534
1956-04-09	6.953637400421036
1956-04-10	-18.72396625620161
1956-04-11	-7.572246422896331
1956-04-12	-10.799577164525102
1956-04-13	13.05820535104657
1956-04-14	-17.198635435823803
1956-04-15	11.675783232281104
1956-04-16	12.288950435338988
1956-04-17	-19.043669340553272
1956-04-18	24.581313535066638
1956-04-19	-10.006143740917075
1956-04-20	1.210813794551609
1956-04-21	-7.633242059772387
1956-04-22	25.947408924651164
1956-04-23	49.19435101322093
1956-04-24	6.8371423470435015
1956-04-25	-4.708913324225418
1956-04-26	26.67412632264762
1956-04-27	-1.6622496703153853
1956-04-28	38.46091930204107
1956-04-29	18.168559321376524
1956-04-30	-22.14036020674084
1956-05-01	-39.85877582108946
1956-05-02	-21.759792653446507
1956-05-03	-4.917630555753422
1956-05-04	40.90938529349965
1956-05-05	-17.210430500050933
1956-05-06	19.564678741771715
1956-05-07	4.825822034621729
1956-05-08	-22.83366889142894
1956-05-09	-4.999158622077388
1956-05-10	1.3388274716492203
1956-05-11	-23.67528240536303
1956-05-12	40.645177884443996
1956-05-13	-11.24928338438994
1956-05-14	7.1132929595409005
1956-05-15	-14.78872271040814
1956-05-16	-14.328105670639442
1956-05-17	-34.39939478825455
1956-05-18	12.441910030820539
1956-05-19	-20.411616467784476
1956-05-20	27.599497916546692
1956-05-21	-5.946930049803879
1956-05-22	50.470913624067414
1956-05-23	-18.292438331357328
1956-05-24	18.980834244011085
1956-05-25	8.406024458895391
1956-05-26	-15.03751072856749
1956-05-27	-34.00125807832327
1956-05-28	19.635695050452007
1956-05-29	5.8857935487373805
1956-05-30	-15.479676684746607
1956-05-31	-6.486802933158107
1956-06-01	34.21051479755587
1956-06-02	-12.994377006322347
1956-06-03	-12.653318130806065
1956-06-04	-4.4680262418448
1956-06-05	-19.659860758606783
1956-06-06	9.038801440254133
1956-06-07	-35.89374587581225
1956-06-08	6.529092246242209
1956-06-09	-3.5843590807592802
1956-06-10	-20.49022705723444
1956-06-11	-7.298784443711501
1956-06-12	0.572149921609514
1956-06-13	10.391428945158491
1956-06-14	-9.256823975563266
1956-06-15	2.0843227866804037
1956-06-16	19.389397246849345
1956-06-17	28.062813563758947
1956-06-18	-37.43220200172858
1956-06-19	20.56450491654319
1956-06-20	22.477338670042485
1956-06-21	12.493715539300608
1956-06-22	-0.1812091681056487
1956-06-23	20.366449078570863
1956-06-24	27.985671953515173
1956-06-25	27.850375614710472
1956-06-26	-8.544946195100568
1956-06-27	-30.113200914370324
1956-06-28	-2.4954134018650986
1956-06-29	21.507416255452725
1956-06-30	34.01848017959224
1956-07-01	9.803985629933953
1956-07-02	-24.44392466505299
1956-07-03	-28.702099617902874
1956-07-04	41.41329692372912
1956-07-05	-20.323687307526136
1956-07-06	-25.469226519266027
1956-07-07	-53.368971327831254
1956-07-08	23.57264564585623
1956-07-09	-6.137882191930428
1956-07-10	10.915720000612618
1956-07-11	2.8782463432497765
1956-07-12	-30.32272657861665
1956-07-13	-2.0617518909202284
1956-07-14	-9.8641143256182
1956-07-15	17.408498697391853
1956-07-16	-12.942980707444487
1956-07-17	11.907195432210779
1956-07-18	6.163959446388733
1956-07-19	25.945439772588134
1956-07-20	-0.044317251618331444
1956-07-21	18.975101789878146
1956-07-22	38.42834647058062
1956-07-23	13.125452465267768
1956-07-24	-0.6942408424287703
1956-07-25	-41.451641922299196
1956-07-26	-21.88459700083718
1956-07-27	-16.978920512376217
1956-07-28	-7.210056705910555
1956-07-29	-9.413418210975273
1956-07-30	-30.312514603598654
1956-07-31	-18.144969422284188
1956-08-01	16.957606215507443
1956-08-02	18.914399119681843
1956-08-03	-32.30372510761261
1956-08-04	12.62674695974959
1956-08-05	34.42774800506637
1956-08-06	-35.786611110095386
1956-08-07	-33.11318644455604
1956-08-08	9.538172659336063
1956-08-09	22.634333489212
1956-08-10	3.568176573074634
1956-08-11	11.956889306431234
1956-08-12	-30.838362490845988
1956-08-13	-17.720759070251447
1956-08-14	-24.305051201184327
1956-08-15	22.791014731481617
1956-08-16	-8.370776784298506
1956-08-17	-8.751912970862392
1956-08-18	14.274549317711267
1956-08-19	16.87194405173957
1956-08-20	10.907348575326635
1956-08-21	-12.285098590474295
1956-08-22	-10.228239855118531
1956-08-23	8.559895585804682
1956-08-24	31.081134653304442
1956-08-25	24.999216975825487
1956-08-26	-0.8088410406331927
1956-08-27	14.461128714554311
1956-08-28	3.9214291118591076
1956-08-29	-17.509616001142163
1956-08-30	37.08421980328248
1956-08-31	4.954284300539873
1956-09-01	27.958881811815022
1956-09-02	-10.369890524103548
1956-09-03	4.1996822590246135
1956-09-04	-29.75318965766137
1956-09-05	-16.42832749907371
1956-09-06	-1.8705857287789722
1956-09-07	-33.82607635185902
1956-09-08	25.71001254969168
1956-09-09	-7.029200593896286
1956-09-10	18.325590720940134
1956-09-11	-24.098185731570794
1956-09-12	37.797897007014065
1956-09-13	-17.16526872998459
1956-09-14	3.428293951473276
1956-09-15	-5.990589908444953
1956-09-16	-4.534838403531302
1956-09-17	-30.22242549814024
1956-09-18	0.05674193233119862
1956-09-19	12.966713516239627
1956-09-20	-10.246356439969441
1956-09-21	-14.606356466251839
1956-09-22	8.515385765285155
1956-09-23	-8.084327547634306
1956-09-24	4.612986878502184
1956-09-25	1.2332710910318512
1956-09-26	17.65143795594331
1956-09-27	-59.81534074900018
1956-09-28	28.981309046610424
1956-09-29	13.366003080192801
1956-09-30	21.495074297872108
1956-10-01	-0.19454112635194032
1956-10-02	0.6364713185929137
1956-10-03	27.140850072509817
1956-10-04	29.43281439506642
1956-10-05	-3.01540582667253
1956-10-06	27.638719337905936
1956-10-07	-33.75892704076128
1956-10-08	-0.5878750427605626
1956-10-09	26.666008289570573
1956-10-10	31.03655980500778
1956-10-11	9.299241472942802
1956-10-12	37.30768412442862
1956-10-13	25.774785344789034
1956-10-14	10.107954843263126
1956-10-15	55.603865393207265
1956-10-16	14.494420680997138
1956-10-17	25.74184361437859
1956-10-18	-25.851312795920972
1956-10-19	16.46207439656555
1956-10-20	-25.829205245614066
1956-10-21	-19.285631643558553
1956-10-22	-8.70805808738016
1956-10-23	-15.863852509052943
1956-10-24	-8.446842906578608
1956-10-25	-18.279378699807207
1956-10-26	4.836972606628084
1956-10-27	28.051419817873658
1956-10-28	-8.680151447302832
1956-10-29	38.058131546644134
1956-10-30	2.5111473974582257
1956-10-31	-10.481745362440853
1956-11-01	0.6009587380627296
1956-11-02	18.21430905792026
1956-11-03	7.507593450859862
1956-11-04	2.167945809764688
1956-11-05	-17.827308867036695
1956-11-06	20.659675367156645
1956-11-07	-30.041414167963424
1956-11-08	6.151374847203789
1956-11-09	-13.753070371780062
1956-11-10	38.651448012206345
1956-11-11	40.136232328841444
1956-11-12	-36.77442006379372
1956-11-13	3.0878651179959986
1956-11-14	-23.223207745614054
1956-11-15	2.1337010745047973
1956-11-16	-19.73195935150278
1956-11-17	-27.246990048230646
1956-11-18	6.28064711323106
1956-11-19	-15.746651435371497
1956-11-20	-9.531576141852558
1956-11-21	-17.83072248263389
1956-11-22	-41.857154206917926
1956-11-23	29.15469123619611
1956-11-24	45.21685409812601
1956-11-25	5.266731891330749
1956-11-26	24.689561662457358
1956-11-27	-24.157233403506815
1956-11-28	-7.958506841114906
1956-11-29	-8.366567556879733
1956-11-30	12.358131513526951
1956-12-01	39.356170592959394
1956-12-02	12.964694857944906
1956-12-03	-36.480712676750684
1956-12-04	-5.356655926331802
1956-12-05	-11.003900988320508
1956-12-06	-9.727787532254377
1956-12-07	3.592560282548
1956-12-08	-18.33225242578463
1956-12-09	-2.392365986172339
1956-12-10	-46.753722571525
1956-12-11	-27.475879287658312
1956-12-12	-26.212517122659875
1956-12-13	-44.96992995682998
1956-12-14	-23.043620812482782
1956-12-15	-0.41754556690325706
1956-12-16	14.936939003628694
1956-12-17	-14.76519587836146
1956-12-18	9.401417341210522
1956-12-19	5.512680569688617
1956-12-20	-19.25797739289687
1956-12-21	32.59956845839087
1956-12-22	-32.4748309202185
1956-12-23	-21.14337014843118
1956-12-24	39.70447536046978
1956-12-25	35.01886199275108
1956-12-26	13.66992533460182
1956-12-27	-6.321030288290985
1956-12-28	-8.760793296262536
1956-12-29	-9.494553037497894
1956-12-30	-12.517002770347242
1956-12-31	-39.90224066853796
1957-01-01	16.10537286981983
1957-01-02	-23.517693619360934
1957-01-03	-21.3607366251508
1957-01-04	14.982594477553276
1957-01-05	3.0970884984122806
1957-01-06	14.453882223277978
1957-01-07	-38.4873510431764
1957-01-08	15.244590568612006
1957-01-09	-2.414185624810348
1957-01-10	46.43412341938724
1957-01-11	40.154327462376486
1957-01-12	-9.41083678202264
1957-01-13	3.3299294578811214
1957-01-14	-7.178494252286214
1957-01-15	-12.392473764932156
1957-01-16	13.977867114203598
1957-01-17	-22.307287875162483
1957-01-18	-5.555001391439487
1957-01-19	-33.10399734109099
1957-01-20	22.078047322008057
1957-01-21	22.217879787849746
1957-01-22	3.064908593494142
1957-01-23	-4.88266299422595
1957-01-24	9.535943059396168
1957-01-25	13.016385691234847
1957-01-26	-13.659338938927899
1957-01-27	16.843168544416635
1957-01-28	19.48372652973606
1957-01-29	36.32366960043285
1957-01-30	-3.2800010959951056
1957-01-31	17.337136688233176
1957-02-01	42.399687186721366
1957-02-02	10.391879952947708
1957-02-03	22.788980289231574
1957-02-04	18.539291614216996
1957-02-05	-18.943591749153857
1957-02-06	14.329869532492859
1957-02-07	-5.263414161500592
1957-02-08	-7.964022105806018
1957-02-09	16.890130496940667
1957-02-10	-0.9643371125714084
1957-02-11	-14.964895566398315
1957-02-12	-14.634783533473303
1957-02-13	-1.9006987741998211
1957-02-14	-20.796873359110315
1957-02-15	-20.358647222371367
1957-02-16	3.5675222708549157
1957-02-17	-8.360361866589917
1957-02-18	-27.069515885716935
1957-02-19	29.5449729617033
1957-02-20	-10.568796209802777
1957-02-21	-11.730796876049405
1957-02-22	16.666517397123766
1957-02-23	10.42755553184351
1957-02-24	-31.707999310314314
1957-02-25	36.89699679837049
1957-02-26	-13.207932774658676
1957-02-27	-32.24400147964414
1957-02-28	4.372565307961386
1957-03-01	-25.08155484279938
1957-03-02	34.54574053350897
1957-03-03	-7.835280450690917
1957-03-04	30.298596566524516
1957-03-05	-35.12107470466653
1957-03-06	-41.892082580166296
1957-03-07	12.98281453688346
1957-03-08	6.781134703548903
1957-03-09	-3.9635974698098293
1957-03-10	34.67553045175704
1957-03-11	-11.160095048703367
1957-03-12	10.822940025677978
1957-03-13	1.439623991825673
1957-03-14	10.13778897841022
1957-03-15	-8.576227793332766
1957-03-16	18.13122675201169
1957-03-17	-28.67331568762684
1957-03-18	20.311379330450595
1957-03-19	1.6566397025183925
1957-03-20	0.7400828980493825
1957-03-21	12.470845576985944
1957-03-22	-17.687830991076737
1957-03-23	-11.473852515627286
1957-03-24	17.925246180178732
1957-03-25	-16.814817210201117
1957-03-26	-17.099056645290055
1957-03-27	-20.24198210690055
1957-03-28	9.361854484576979
1957-03-29	59.06942893421679
1957-03-30	-15.231847228116518
1957-03-31	-25.771334491667094
1957-04-01	1.693224790319177
1957-04-02	-2.303475621754118
1957-04-03	0.04356851435029652
1957-04-04	0.3389071943641584
1957-04-05	22.288216755110547
1957-04-06	-15.70415193009714
1957-04-07	-11.883835351938712
1957-04-08	-13.176477658363781
1957-04-09	0.4133045889970579
1957-04-10	-18.456977951580395
1957-04-11	-3.3865957736340153
1957-04-12	1.2243356710924516
1957-04-13	-9.35818060253165
1957-04-14	28.492118238378048
1957-04-15	-23.836351301382113
1957-04-16	37.27758251142555
1957-04-17	-14.73991656008676
1957-04-18	8.292735142682549
1957-04-19	15.040498359635832
1957-04-20	-16.305606397099787
1957-04-21	21.202445865536223
1957-04-22	-37.78480637096364
1957-04-23	22.735944139557827
1957-04-24	12.929951718747136
1957-04-25	-15.266840786668428
1957-04-26	5.784956912431391
1957-04-27	14.642062237425849
1957-04-28	-41.98348645022072
1957-04-29	-15.522308250523533
1957-04-30	-27.867837831975656
1957-05-01	-8.009978589445073
1957-05-02	-63.850537435011965
1957-05-03	5.686001762407903
1957-05-04	-27.07670568445342
1957-05-05	12.00285369108608
1957-05-06	8.295628858412718
1957-05-07	-3.171966403825638
1957-05-08	-6.39633080164285
1957-05-09	-25.424742587311243
1957-05-10	-21.123820198364797
1957-05-11	-6.350212481712822
1957-05-12	-33.944076848404
1957-05-13	27.37146704543657
1957-05-14	19.811134083829266
1957-05-15	27.9048112643036
1957-05-16	-0.6475718173412246
1957-05-17	1.0738904335626542
1957-05-18	8.914603473611837
1957-05-19	-33.77572006770919
1957-05-20	0.34541482858678574
1957-05-21	26.86224628494861
1957-05-22	-26.943132563092146
1957-05-23	18.249539991620374
1957-05-24	-11.605876682533847
1957-05-25	-22.932720230544305
1957-05-26	-2.5171423989563415
1957-05-27	13.292753863946729
1957-05-28	43.143618369775254
1957-05-29	43.07944210325783
1957-05-30	10.352895347291371
1957-05-31	21.26512392130331
1957-06-01	2.2874447663914985
1957-06-02	-40.47670396678778
1957-06-03	14.892977990854927
1957-06-04	-22.613638243315002
1957-06-05	-4.275631998488721
1957-06-06	8.127852157768501
1957-06-07	-12.675002155733662
1957-06-08	18.918036891870024
1957-06-09	41.64842835670459
1957-06-10	-8.727738950827726
1957-06-11	-24.51719085450989
1957-06-12	32.922508568456
1957-06-13	45.367577246437875
1957-06-14	29.66057232089955
1957-06-15	-31.22512419973701
1957-06-16	26.610340266613427
1957-06-17	-31.768217013174286
1957-06-18	-41.079847020735656
1957-06-19	-12.077085710160437
1957-06-20	13.981651610834993
1957-06-21	-31.93410454843915
1957-06-22	-19.513157420742935
1957-06-23	-30.66984838507148
1957-06-24	32.23756836963322
1957-06-25	-6.122000133891394
1957-06-26	2.8273222723112945
1957-06-27	-28.352784594337077
1957-06-28	-5.921412595352479
1957-06-29	17.297392128709713
1957-06-30	-19.251623583290524
1957-07-01	25.6565420163106
1957-07-02	7.1465443962333435
1957-07-03	22.779560525900212
1957-07-04	12.275218820413459
1957-07-05	56.44796603442833
1957-07-06	0.9837777509470547
1957-07-07	20.638776071958137
1957-07-08	52.872681226196214
1957-07-09	-23.865655440802637
1957-07-10	48.17895762051682
1957-07-11	28.903114267777255
1957-07-12	-17.981382071560347
1957-07-13	-37.84536888567169
1957-07-14	-6.588498943175445
1957-07-15	6.365632975964116
1957-07-16	22.669249932721687
1957-07-17	11.056311155038193
1957-07-18	-20.276424127799885
1957-07-19	-24.20048686229618
1957-07-20	-12.780757154068185
1957-07-21	37.46090811525131
1957-07-22	-20.870744950983543
1957-07-23	-27.656684588857516
1957-07-24	-10.49895647325185
1957-07-25	10.241218457343688
1957-07-26	0.7343856981747418
1957-07-27	15.892062673583947
1957-07-28	2.183439839603661
1957-07-29	9.735318356024349
1957-07-30	-42.74175957232512
1957-07-31	2.3598421826128795
1957-08-01	-5.225887828285296
1957-08-02	3.128107065321701
1957-08-03	-10.999602058026305
1957-08-04	29.384662865289975
1957-08-05	17.530776760646123
1957-08-06	20.259611526604235
1957-08-07	7.432777261303961
1957-08-08	55.76961382523858
1957-08-09	-3.8717818611232344
1957-08-10	-58.586612865874905
1957-08-11	-2.3982996022221785
1957-08-12	4.9694912624904575
1957-08-13	37.821775870896545
1957-08-14	26.590942299582593
1957-08-15	1.2599658780283445
1957-08-16	10.387557333992863
1957-08-17	16.246394848437518
1957-08-18	-17.901316547044942
1957-08-19	0.8709590804061047
1957-08-20	-27.473857392774306
1957-08-21	2.7523799142660614
1957-08-22	25.34969135209604
1957-08-23	-1.6342658102833922
1957-08-24	16.430687639475636
1957-08-25	10.691030129463607
1957-08-26	-22.274880920094127
1957-08-27	41.60769815530126
1957-08-28	2.2704707031348215
1957-08-29	-30.330978639159373
1957-08-30	-6.867010942292305
1957-08-31	30.501293989665637
1957-09-01	12.997380132734655
1957-09-02	10.01315731936175
1957-09-03	13.964224249437759
1957-09-04	-23.57617283121544
1957-09-05	-22.57460142771669
1957-09-06	-25.33130617617638
1957-09-07	-19.281382824698976
1957-09-08	40.65173770451346
1957-09-09	4.406042057790495
1957-09-10	-11.162169616380641
1957-09-11	-7.284798589272242
1957-09-12	1.5154718197775243
1957-09-13	-23.967900356327508
1957-09-14	34.20323916973489
1957-09-15	-18.57332984957269
1957-09-16	53.95710268267983
1957-09-17	-25.716767068399488
1957-09-18	6.801193429527753
1957-09-19	10.227990370642157
1957-09-20	8.129642482549237
1957-09-21	26.69006430773222
1957-09-22	6.389175978930508
1957-09-23	1.1848401631298913
1957-09-24	2.0297703378673777
1957-09-25	19.1254626644806
1957-09-26	16.663337541817953
1957-09-27	3.4022180612693145
1957-09-28	10.463815256632639
1957-09-29	12.911220966649358
1957-09-30	17.782712596798252
1957-10-01	39.87232670145935
1957-10-02	1.827831067051497
1957-10-03	0.4294134712285116
1957-10-04	0.06375289862200384
1957-10-05	18.95715499886647
1957-10-06	2.1025699748431985
1957-10-07	-19.3718605237181
1957-10-08	-22.87750282115223
1957-10-09	-3.755875088842398
1957-10-10	-11.23180765834329
1957-10-11	-14.82187396719243
1957-10-12	-3.481206191243679
1957-10-13	0.315294699391765
1957-10-14	8.612419412187597
1957-10-15	34.69825585390028
1957-10-16	-29.09785949961801
1957-10-17	-34.707638108896035
1957-10-18	-21.552488126135316
1957-10-19	35.30697543602778
1957-10-20	-24.240581960400334
1957-10-21	13.247159483959518
1957-10-22	-12.221935605259612
1957-10-23	-3.3898821504759598
1957-10-24	-16.534191145033088
1957-10-25	-11.144427989738347
1957-10-26	-5.27275456055028
1957-10-27	-19.801545673656324
1957-10-28	-20.366214350311004
1957-10-29	11.307385422114287
1957-10-30	-26.322494475936487
1957-10-31	-14.921484419269992
1957-11-01	-6.693890703581253
1957-11-02	-14.628468945054907
1957-11-03	30.444358147224225
1957-11-04	36.01639470907881
1957-11-05	-26.880529534311265
1957-11-06	-20.787153172149704
1957-11-07	-48.073198302591116
1957-11-08	32.60580682961247
1957-11-09	-13.27060510786243
1957-11-10	27.423940783754933
1957-11-11	-2.1710222017244583
1957-11-12	-53.89323547959231
1957-11-13	0.7247383731038262
1957-11-14	6.206363810625506
1957-11-15	-17.29658083933751
1957-11-16	-31.809721785358427
1957-11-17	3.405418215848237
1957-11-18	-40.77474766653174
1957-11-19	4.6782128802558365
1957-11-20	13.953382090888692
1957-11-21	-8.602501720695027
1957-11-22	10.791319187160655
1957-11-23	6.577616144277544
1957-11-24	17.79902323561185
1957-11-25	9.564125619161441
1957-11-26	-2.21876761038458
1957-11-27	-7.6004828333659145
1957-11-28	-16.246419533387986
1957-11-29	22.59718769261239
1957-11-30	30.3499465783676
1957-12-01	-11.727340930208504
1957-12-02	-0.24570741509264038
1957-12-03	14.976066965646702
1957-12-04	1.6696415754669605
1957-12-05	-17.443480476105904
1957-12-06	6.895024077433928
1957-12-07	3.3323834852406398
1957-12-08	-4.62421893081968
1957-12-09	-3.1704799015671785
1957-12-10	-3.388937428996157
1957-12-11	-20.2665152238027
1957-12-12	-5.773160269044668
1957-12-13	-5.548436942102953
1957-12-14	-15.54422940093048
1957-12-15	19.402893780022065
1957-12-16	6.964411893920234
1957-12-17	19.989460230179485
1957-12-18	4.967596937799126
1957-12-19	-5.510140088297176
1957-12-20	-11.462705405992352
1957-12-21	12.137929469169913
1957-12-22	-12.526853593817314
1957-12-23	6.814940830962754
1957-12-24	-8.330410618277462
1957-12-25	11.005847921107863
1957-12-26	8.528197905963625
1957-12-27	1.8846240772134328
1957-12-28	-45.84771422821712
1957-12-29	13.817272174331904
1957-12-30	6.498840771194157
1957-12-31	-30.928440936891363
1958-01-01	48.19216258025329
1958-01-02	-22.030856227294493
1958-01-03	-41.743888145146634
1958-01-04	-22.81853393416661
1958-01-05	2.9638328718641826
1958-01-06	-80.28402135851852
1958-01-07	-4.3238110323505605
1958-01-08	14.629408640146469
1958-01-09	4.697175650219133
1958-01-10	54.934336787883865
1958-01-11	-1.7028900950127828
1958-01-12	51.71263356638354
1958-01-13	-22.115059781540324
1958-01-14	18.11522013697443
1958-01-15	-2.433592843047574
1958-01-16	1.7784798438915708
1958-01-17	-5.539395483395272
1958-01-18	6.281628697241906
1958-01-19	18.38089538480656
1958-01-20	-21.82462318188683
1958-01-21	10.411168001859467
1958-01-22	-8.744597633723163
1958-01-23	-1.4964865332176915
1958-01-24	-2.2297646489763565
1958-01-25	4.8856101447792994
1958-01-26	12.478350909146938
1958-01-27	-14.780970495823746
1958-01-28	25.890710248272338
1958-01-29	-32.413823436205654
1958-01-30	14.648579088665294
1958-01-31	-13.670328863510363
1958-02-01	-19.128806004230874
1958-02-02	20.82438016957106
1958-02-03	-13.240641879680739
1958-02-04	59.13814308982314
1958-02-05	16.614539397220444
1958-02-06	35.94010703389916
1958-02-07	21.1362703025544
1958-02-08	5.268371958756474
1958-02-09	17.503206353002902
1958-02-10	-11.242141258166864
1958-02-11	44.514445037631305
1958-02-12	41.7914138131846
1958-02-13	24.87347401223557
1958-02-14	24.04241665525712
1958-02-15	-15.577914689648257
1958-02-16	3.284165005613148
1958-02-17	-19.892096508805274
1958-02-18	-19.380956194625792
1958-02-19	14.739910778866065
1958-02-20	-3.2954035796373002
1958-02-21	34.88153134541468
1958-02-22	-0.38719927902806117
1958-02-23	-0.9797223677866673
1958-02-24	-3.851839898126248
1958-02-25	-21.20028964261667
1958-02-26	-4.411109353534246
1958-02-27	1.6054074963616927
1958-02-28	-44.328603172927004
1958-03-01	23.675712042991137
1958-03-02	28.614091796612737
1958-03-03	37.614116460042915
1958-03-04	-15.108009091838113
1958-03-05	-13.07934259573437
1958-03-06	-14.925500345400243
1958-03-07	13.208820469570158
1958-03-08	12.651655619710535
1958-03-09	-9.464127967138735
1958-03-10	0.8247871423622585
1958-03-11	14.73197774764268
1958-03-12	6.542849912262935
1958-03-13	18.79405545231987
1958-03-14	60.78596339416772
1958-03-15	16.516596196475625
1958-03-16	37.12504569778077
1958-03-17	-26.565575883526336
1958-03-18	-23.61174057578983
1958-03-19	4.4089745838755885
1958-03-20	13.863185971611333
1958-03-21	-5.637191277848062
1958-03-22	-4.223581312815854
1958-03-23	5.124995907879645
1958-03-24	-38.58950020032015
1958-03-25	6.609491328717315
1958-03-26	-22.01062310530271
1958-03-27	1.0689323578669818
1958-03-28	-12.29109272887701
1958-03-29	38.95433317617655
1958-03-30	-6.015684088801894
1958-03-31	16.653541620517984
1958-04-01	7.782121798373038
1958-04-02	1.169851917580934
1958-04-03	-2.236586901889793
1958-04-04	-5.931677365196136
1958-04-05	5.3951456185469935
1958-04-06	-7.38428467153485
1958-04-07	13.964256128668318
1958-04-08	-23.090967297023788
1958-04-09	-12.619412937775927
1958-04-10	17.24131795548439
1958-04-11	-8.327904132038302
1958-04-12	47.36234357825561
1958-04-13	9.746090959840345
1958-04-14	3.0066823184527864
1958-04-15	10.788461088952984
1958-04-16	19.963810205177865
1958-04-17	-7.009863933066844
1958-04-18	-13.960384826235178
1958-04-19	-28.950271543952983
1958-04-20	-25.577267412563035
1958-04-21	10.058201391762926
1958-04-22	6.891294124151779
1958-04-23	3.534079400334578
1958-04-24	-29.526410842842306
1958-04-25	11.235880185213583
1958-04-26	24.635746383844776
1958-04-27	8.055901738002422
1958-04-28	-67.08212183565408
1958-04-29	16.996650832726957
1958-04-30	-21.408804256461675
1958-05-01	30.117403658398977
1958-05-02	1.5237716093066795
1958-05-03	-10.303249799234713
1958-05-04	27.69529404358562
1958-05-05	6.82176567754301
1958-05-06	-16.733816368717136
1958-05-07	3.1959002101357736
1958-05-08	-18.89430488779298
1958-05-09	12.064024145598996
1958-05-10	-14.490378585553563
1958-05-11	-30.327624147441448
1958-05-12	15.898803826064137
1958-05-13	10.379383196457432
1958-05-14	28.38826116269599
1958-05-15	-14.048934536514937
1958-05-16	-22.596733274215126
1958-05-17	-8.904509612396172
1958-05-18	18.354790409881403
1958-05-19	-0.7695977994865879
1958-05-20	-11.06033127500912
1958-05-21	45.58536353318388
1958-05-22	-0.6481395120487015
1958-05-23	8.235849528566959
1958-05-24	5.158700401162621
1958-05-25	3.1849782633284613
1958-05-26	2.6005096931975213
1958-05-27	10.036343072803412
1958-05-28	6.773836008336805
1958-05-29	-11.753043042092202
1958-05-30	-22.160123599721324
1958-05-31	-7.261489592106699
1958-06-01	8.272337205089787
1958-06-02	-58.759527641290774
1958-06-03	10.391158769149879
1958-06-04	28.51046901673684
1958-06-05	12.914689747625296
1958-06-06	14.833770841780291
1958-06-07	20.04153673188815
1958-06-08	18.741214494058628
1958-06-09	0.4479172015847742
1958-06-10	-19.828110486294523
1958-06-11	-4.305645634110907
1958-06-12	27.313088447425816
1958-06-13	12.28180413838345
1958-06-14	-17.784551143577815
1958-06-15	43.611038974585895
1958-06-16	10.534123208649321
1958-06-17	1.7070417131329334
1958-06-18	17.92943861314015
1958-06-19	0.0494839266726993
1958-06-20	-24.681947952499044
1958-06-21	-16.45840898419994
1958-06-22	-18.137657143846628
1958-06-23	12.84153123452367
1958-06-24	-22.228069639506778
1958-06-25	-9.824452585029158
1958-06-26	-9.246131852951116
1958-06-27	-20.292913329207476
1958-06-28	7.0925770348810495
1958-06-29	24.273908749658137
1958-06-30	-22.928629991373274
1958-07-01	-13.49799564150792
1958-07-02	24.133101578241476
1958-07-03	17.656078886841424
1958-07-04	-26.928538028836538
1958-07-05	34.81538728893103
1958-07-06	-9.658246974813078
1958-07-07	13.337213364741439
1958-07-08	-6.736658064020846
1958-07-09	-24.44682255990833
1958-07-10	-10.072170963404709
1958-07-11	-2.9485536529367193
1958-07-12	18.312520137768853
1958-07-13	47.249104490391304
1958-07-14	-4.901607616437039
1958-07-15	3.17366398293494
1958-07-16	-19.02748705609755
1958-07-17	-14.928104814838544
1958-07-18	35.1144291429591
1958-07-19	-1.816260730496446
1958-07-20	-15.166398019650785
1958-07-21	-26.34392343408697
1958-07-22	-13.727995734280755
1958-07-23	14.631472265540186
1958-07-24	-27.26675642190393
1958-07-25	-6.6747754005636954
1958-07-26	32.745665349369396
1958-07-27	8.811859334024238
1958-07-28	1.7936237900097773
1958-07-29	-0.8592158482453882
1958-07-30	6.829040928596418
1958-07-31	-18.03904523051488
1958-08-01	22.04804239445875
1958-08-02	6.109318363020317
1958-08-03	4.526432666837234
1958-08-04	29.57092834396267
1958-08-05	7.818613877026291
1958-08-06	4.899601804838379
1958-08-07	38.37138304683593
1958-08-08	-7.155125213186585
1958-08-09	-21.730626246221643
1958-08-10	3.3482197556065696
1958-08-11	-2.2663718163640274
1958-08-12	-13.847499212417086
1958-08-13	-11.282932628189979
1958-08-14	19.318016391484104
1958-08-15	-28.430027468343273
1958-08-16	-24.689168409430984
1958-08-17	-17.27437243578614
1958-08-18	-8.000053606152969
1958-08-19	-3.208567421969895
1958-08-20	-17.26463453751281
1958-08-21	7.270747541227167
1958-08-22	3.329381578916948
1958-08-23	21.557902456262276
1958-08-24	-17.977020906856776
1958-08-25	-18.515408652635934
1958-08-26	-1.0145165400317249
1958-08-27	16.10721182104055
1958-08-28	13.57479111240284
1958-08-29	-18.04385974364079
1958-08-30	19.852094140620988
1958-08-31	-4.169407515752488
1958-09-01	25.5867821899751
1958-09-02	10.308437610445942
1958-09-03	-15.210508558267275
1958-09-04	16.30641017006017
1958-09-05	-35.611308007427915
1958-09-06	21.07341463067275
1958-09-07	51.67905298029207
1958-09-08	-22.245728928940117
1958-09-09	-25.887847270873607
1958-09-10	16.70481454025305
1958-09-11	18.096064247853473
1958-09-12	47.36600371055619
1958-09-13	-3.4923411204216706
1958-09-14	0.35285740285391565
1958-09-15	29.44930573316571
1958-09-16	-7.534304926471323
1958-09-17	39.51442619373703
1958-09-18	-35.02263425690847
1958-09-19	36.57224944004673
1958-09-20	15.123744695171192
1958-09-21	3.3564215226824254
1958-09-22	33.9534840209665
1958-09-23	14.230200457595101
1958-09-24	29.589187327055203
1958-09-25	-12.567027198602835
1958-09-26	46.43414811152777
1958-09-27	4.799096895100604
1958-09-28	44.56850418740066
1958-09-29	-2.9972411889640904
1958-09-30	15.278255466293087
1958-10-01	34.563001683531695
1958-10-02	15.423278809242177
1958-10-03	7.3557745029658905
1958-10-04	-22.3449985269442
1958-10-05	-0.9789586066892599
1958-10-06	15.399635542280063
1958-10-07	-23.1306087918891
1958-10-08	3.911303014697306
1958-10-09	0.40050208054934777
1958-10-10	12.852249038039721
1958-10-11	-15.162579757931987
1958-10-12	-42.184820563281654
1958-10-13	21.953499471215647
1958-10-14	4.990125884614559
1958-10-15	-26.29905851977957
1958-10-16	23.14454986806892
1958-10-17	-10.39405922661531
1958-10-18	10.381775132542419
1958-10-19	19.24809045984161
1958-10-20	52.2009696908208
1958-10-21	22.956421133313956
1958-10-22	26.77049903868586
1958-10-23	13.46494943249608
1958-10-24	56.711201734952255
1958-10-25	19.32148530698463
1958-10-26	3.5086494757915068
1958-10-27	14.262603463746123
1958-10-28	7.5369800354994405
1958-10-29	-3.8717190218850073
1958-10-30	17.276533788208983
1958-10-31	7.761987453465213
1958-11-01	19.47283844592377
1958-11-02	-16.808074434131235
1958-11-03	30.527106046925457
1958-11-04	43.73493415918951
1958-11-05	-26.937373279104477
1958-11-06	-24.729322567354657
1958-11-07	-19.100293227721895
1958-11-08	8.569337144721107
1958-11-09	-24.498321622329595
1958-11-10	-16.621761951890065
1958-11-11	4.514044714951962
1958-11-12	-4.918579398814755
1958-11-13	-23.80418385062297
1958-11-14	-18.507821288284614
1958-11-15	10.227356603688435
1958-11-16	3.250007649936207
1958-11-17	2.4951945559799347
1958-11-18	9.034889032160835
1958-11-19	1.006559779661367
1958-11-20	5.7683533477058235
1958-11-21	45.52002889192196
1958-11-22	-4.872752903785064
1958-11-23	10.089534226864215
1958-11-24	-15.483223749033037
1958-11-25	-30.880378992525536
1958-11-26	-2.954978934814359
1958-11-27	6.630709120854154
1958-11-28	27.7043705883295
1958-11-29	19.340914899827283
1958-11-30	-35.22349925308311
1958-12-01	-1.2284859695734125
1958-12-02	4.405165177342475
1958-12-03	15.265109028022962
1958-12-04	15.835059313348875
1958-12-05	-34.81114346068736
1958-12-06	-0.6076459506667786
1958-12-07	20.47716718201317
1958-12-08	4.901060661935909
1958-12-09	4.5271224301048925
1958-12-10	4.224533616079914
1958-12-11	-31.70987419782321
1958-12-12	4.700009993951077
1958-12-13	21.94011292891881
1958-12-14	27.5736020879527
1958-12-15	1.5850825924376233
1958-12-16	20.62970240561242
1958-12-17	-12.526093671785851
1958-12-18	-43.23773907535744
1958-12-19	11.09159172485255
1958-12-20	17.041741583101732
1958-12-21	8.733393458229662
1958-12-22	-31.923448855165297
1958-12-23	-46.01374116497222
1958-12-24	17.631108658652394
1958-12-25	30.237145493782542
1958-12-26	39.66114209735461
1958-12-27	-43.356281054783906
1958-12-28	24.571513027389987
1958-12-29	4.752070785318388
1958-12-30	-10.271329330249975
1958-12-31	-36.48684435328253
1959-01-01	3.381244238803929
1959-01-02	-37.63568596198084
1959-01-03	-20.736888509707786
1959-01-04	35.82527339636282
1959-01-05	-19.564762921876206
1959-01-06	26.729559301870474
1959-01-07	-44.93624796349687
1959-01-08	3.043611162519305
1959-01-09	14.014384184427481
1959-01-10	29.10883690355898
1959-01-11	-31.582858392177705
1959-01-12	27.415118973451264
1959-01-13	30.1192460040502
1959-01-14	-16.7460264254597
1959-01-15	12.13396022446438
1959-01-16	22.21183176605723
1959-01-17	15.371193132376455
1959-01-18	6.753213371997799
1959-01-19	35.51814175974219
1959-01-20	-5.770767386374921
1959-01-21	44.07046549603203
1959-01-22	27.430992812636887
1959-01-23	11.566442493534291
1959-01-24	-48.415335932172304
1959-01-25	16.632178965074644
1959-01-26	-21.208021037376202
1959-01-27	-2.089420716263427
1959-01-28	-31.852658217508974
1959-01-29	-6.130967934114557
1959-01-30	13.03999334899243
1959-01-31	22.338523158584472
1959-02-01	-19.90998142067616
1959-02-02	47.27159651513014
1959-02-03	33.88228476364912
1959-02-04	-5.949467795060031
1959-02-05	15.211874043007874
1959-02-06	42.84675156971631
1959-02-07	-0.821130838039543
1959-02-08	-15.801888112517599
1959-02-09	25.952437833160783
1959-02-10	17.113277495728614
1959-02-11	-45.28116568102909
1959-02-12	8.331684473754668
1959-02-13	-3.3257410535970884
1959-02-14	-30.49863000117058
1959-02-15	-64.56676411319029
1959-02-16	-44.20359985775914
1959-02-17	27.86188324709688
1959-02-18	-33.79115697895942
1959-02-19	6.087410619693062
1959-02-20	11.136912370289666
1959-02-21	32.41433577251444
1959-02-22	7.241686391898888
1959-02-23	-15.757137490627986
1959-02-24	-11.520905551680336
1959-02-25	-0.46822212871521507
1959-02-26	12.68202886498414
1959-02-27	18.946390074314266
1959-02-28	12.391357397616872
1959-03-01	16.573679704410008
1959-03-02	22.709002093504914
1959-03-03	17.881132023591558
1959-03-04	14.232112066592537
1959-03-05	18.948265382635686
1959-03-06	-7.721124011315371
1959-03-07	3.5588396866493888
1959-03-08	6.348694761256499
1959-03-09	67.34906613817967
1959-03-10	25.944673544751133
1959-03-11	-10.602682048522155
1959-03-12	28.441577854983336
1959-03-13	16.95247829928683
1959-03-14	4.5900777781146465
1959-03-15	-18.847883057708742
1959-03-16	6.059615772459356
1959-03-17	9.583593043260825
1959-03-18	16.003123305639907
1959-03-19	21.49425531362428
1959-03-20	24.205586762787366
1959-03-21	1.8831786320038986
1959-03-22	-30.055167468410236
1959-03-23	-30.65667726876526
1959-03-24	21.357808253974643
1959-03-25	42.25820976849518
1959-03-26	-10.414103331218607
1959-03-27	-9.561334889245458
1959-03-28	12.527578498486696
1959-03-29	-18.053749010197837
1959-03-30	35.250564495967794
1959-03-31	3.3419469410116163
1959-04-01	0.8693107617798523
1959-04-02	-54.343848731488364
1959-04-03	6.311955578128195
1959-04-04	-9.169699916678832
1959-04-05	-12.101969369826632
1959-04-06	27.995582385364425
1959-04-07	22.25565768155321
1959-04-08	-42.709334722253665
1959-04-09	34.40822077825196
1959-04-10	-28.883666275183273
1959-04-11	-13.526353785392462
1959-04-12	21.593378085076743
1959-04-13	-29.473805268333543
1959-04-14	-22.316615613627317
1959-04-15	25.910711972686745
1959-04-16	13.124868810919462
1959-04-17	37.64882670620169
1959-04-18	42.54160857362969
1959-04-19	-18.97242815693016
1959-04-20	-16.777183903608083
1959-04-21	-30.339195186607384
1959-04-22	-44.1994171144614
1959-04-23	-15.122478255759273
1959-04-24	-19.890023943844984
1959-04-25	-10.784317047086086
1959-04-26	29.68198384587742
1959-04-27	-25.491777291357547
1959-04-28	11.694180299518163
1959-04-29	2.4208709525448757
1959-04-30	-0.3078427160056483
1959-05-01	54.74342972045978
1959-05-02	-17.5409433867691
1959-05-03	-11.145744709942173
1959-05-04	42.84349380203523
1959-05-05	22.270978202538085
1959-05-06	-10.424704252158431
1959-05-07	71.75014192682887
1959-05-08	-5.439520696537011
1959-05-09	43.34847110266744
1959-05-10	-0.26169935379389186
1959-05-11	-0.03817197935179073
1959-05-12	-4.223177093885701
1959-05-13	-59.428063353209474
1959-05-14	21.114234148849174
1959-05-15	3.652095810588187
1959-05-16	9.327373987574747
1959-05-17	-2.940792031694464
1959-05-18	-19.036449359506474
1959-05-19	-3.3664349795641773
1959-05-20	-3.246705929426555
1959-05-21	-31.24137786353493
1959-05-22	-13.673363566446278
1959-05-23	3.497534157812816
1959-05-24	26.642837371817187
1959-05-25	-29.86330335003875
1959-05-26	-14.035404048930115
1959-05-27	-22.491833274164115
1959-05-28	8.209507325482425
1959-05-29	-5.392453850544762
1959-05-30	-9.194846665652104
1959-05-31	22.285743626520855
1959-06-01	33.60365740572804
1959-06-02	-29.39868691525185
1959-06-03	4.7097384334848815
1959-06-04	-26.494021681162824
1959-06-05	2.2392970034216955
1959-06-06	39.06094221320342
1959-06-07	-35.85924629286226
1959-06-08	18.12423786089153
1959-06-09	-3.9437752336351863
1959-06-10	5.799310637234724
1959-06-11	-28.478441841203278
1959-06-12	-36.52808552199414
1959-06-13	49.30069522386981
1959-06-14	-31.26081078641949
1959-06-15	10.078794287326845
1959-06-16	-41.50808680777083
1959-06-17	3.056083077762586
1959-06-18	-20.58549396021661
1959-06-19	3.0795444935993324
1959-06-20	-9.107331116408076
1959-06-21	6.884570770103615
1959-06-22	7.45389236087143
1959-06-23	8.143099048643133
1959-06-24	37.42537790777627
1959-06-25	20.29806749379913
1959-06-26	-1.3887897626626262
1959-06-27	3.078038580374227
1959-06-28	-5.085133250858812
1959-06-29	-18.19920020176829
1959-06-30	15.975750978456515
1959-07-01	6.522547517629459
1959-07-02	-17.51043668298611
1959-07-03	-26.240081378932935
1959-07-04	-34.17049928824827
1959-07-05	37.14425795472151
1959-07-06	-9.351426881832747
1959-07-07	-0.6261661766771469
1959-07-08	10.665894411564368
1959-07-09	3.3212578254165743
1959-07-10	-16.389022362354
1959-07-11	-3.1761878015032314
1959-07-12	-11.56927749061963
1959-07-13	-10.585609573760282
1959-07-14	-21.846672718042388
1959-07-15	27.596454274266456
1959-07-16	11.348644458708053
1959-07-17	6.308354624188719
1959-07-18	13.778493032982352
1959-07-19	7.098601586156434
1959-07-20	6.847196593624292
1959-07-21	-10.568042868471332
1959-07-22	6.9173287227274685
1959-07-23	21.39699822203091
1959-07-24	-7.948469584738595
1959-07-25	-11.131702532077016
1959-07-26	45.364171274121226
1959-07-27	6.713140530521292
1959-07-28	18.91138881904468
1959-07-29	12.509924150461575
1959-07-30	-17.555361714643023
1959-07-31	-5.981996676830499
1959-08-01	3.3434659000256834
1959-08-02	47.563397290692095
1959-08-03	1.3867090723918603
1959-08-04	-10.329993251761232
1959-08-05	2.5860125392971316
1959-08-06	-7.603320102726757
1959-08-07	33.56893990182518
1959-08-08	-6.616499328406404
1959-08-09	-4.841651451721322
1959-08-10	22.688659461061206
1959-08-11	-25.129020571294184
1959-08-12	20.494186015667328
1959-08-13	-7.106606986397956
1959-08-14	3.2260063875162075
1959-08-15	6.075018960310482
1959-08-16	-1.87805714533426
1959-08-17	-9.96234032479164
1959-08-18	1.3378521934824068
1959-08-19	-7.685491368095807
1959-08-20	-23.247303777730473
1959-08-21	-17.312641730991245
1959-08-22	-4.4174917935251665
1959-08-23	-14.315765935969962
1959-08-24	37.81718407852162
1959-08-25	13.32384810054687
1959-08-26	-4.549453916142194
1959-08-27	19.3183708358492
1959-08-28	-42.38695566914882
1959-08-29	-5.339611767536539
1959-08-30	61.920648776007475
1959-08-31	-3.2977937899020926
1959-09-01	8.545571892710072
1959-09-02	-23.53189778798299
1959-09-03	14.887864565518095
1959-09-04	-7.622560196123521
1959-09-05	8.881149512660528
1959-09-06	-24.2225978765771
1959-09-07	13.937574908908369
1959-09-08	-10.790155965584153
1959-09-09	31.535821532081833
1959-09-10	-21.65498687818292
1959-09-11	-31.244782410502516
1959-09-12	-0.7393918041411176
1959-09-13	18.102892870041096
1959-09-14	-3.0082799462872813
1959-09-15	44.699722117665615
1959-09-16	-14.42950957162948
1959-09-17	-25.61015354924097
1959-09-18	25.77122017708143
1959-09-19	-29.097661735954386
1959-09-20	-40.93247371369555
1959-09-21	16.99402554547758
1959-09-22	4.506232105946658
1959-09-23	-53.022642479338046
1959-09-24	-3.444993246735991
1959-09-25	-25.97743032544171
1959-09-26	-13.924400482494958
1959-09-27	28.545665626135612
1959-09-28	-9.251652300419119
1959-09-29	-20.997475890084296
1959-09-30	-13.330346838997816
1959-10-01	-37.76636607117023
1959-10-02	-20.561721064068976
1959-10-03	25.964082176826473
1959-10-04	-33.02015603828864
1959-10-05	0.2941541781498499
1959-10-06	19.7340981540128
1959-10-07	9.494192298136133
1959-10-08	18.780613973303286
1959-10-09	25.058172229530253
1959-10-10	-19.347079126999976
1959-10-11	-16.494517977242293
1959-10-12	6.040217821338359
1959-10-13	10.702635804049594
1959-10-14	22.43757829307003
1959-10-15	-1.1590266106662417
1959-10-16	16.06550626324592
1959-10-17	-3.2046930180320095
1959-10-18	-3.8106559147319983
1959-10-19	-15.550798307117997
1959-10-20	-3.217998371816197
1959-10-21	-50.19593779724256
1959-10-22	-1.9902648621007744
1959-10-23	-3.9723314044893785
1959-10-24	1.35884083429001
1959-10-25	-9.337490141231179
1959-10-26	22.257351475003567
1959-10-27	-43.44807196496006
1959-10-28	-1.6183798504635758
1959-10-29	32.87138220301418
1959-10-30	4.394385608524138
1959-10-31	23.114846814469306
1959-11-01	21.616111167406824
1959-11-02	11.049007321707053
1959-11-03	-3.7122759915541943
1959-11-04	3.2938851783929515
1959-11-05	14.212830909191476
1959-11-06	10.97283168742891
1959-11-07	-34.618628550475954
1959-11-08	26.328449881104873
1959-11-09	-1.627152160530631
1959-11-10	-5.077154200703457
1959-11-11	-15.026733159510464
1959-11-12	24.993051321908116
1959-11-13	-12.471203421209834
1959-11-14	24.72900222725877
1959-11-15	27.50569340118278
1959-11-16	9.937518004713832
1959-11-17	9.975466876187737
1959-11-18	-2.759686433020799
1959-11-19	4.651409430215184
1959-11-20	7.972764114504736
1959-11-21	15.104260314068807
1959-11-22	16.882646586530548
1959-11-23	2.7908886050118675
1959-11-24	1.1979583715620152
1959-11-25	-17.843648497795275
1959-11-26	4.500694651520928
1959-11-27	31.496763286203745
1959-11-28	39.831517457498364
1959-11-29	3.8522909239765584
1959-11-30	-18.499782604092655
1959-12-01	18.507961357382452
1959-12-02	20.821117934082437
1959-12-03	32.24501667020837
1959-12-04	2.67316344918929
1959-12-05	43.155558614114064
1959-12-06	-25.33126322197165
1959-12-07	23.20350963594173
1959-12-08	-6.361054645501444
1959-12-09	-16.25689794854586
1959-12-10	14.367809105927925
1959-12-11	3.670299825056497
1959-12-12	-14.495198438530817
1959-12-13	-38.92035208656398
1959-12-14	-3.1124043839930344
1959-12-15	-39.90309033615298
1959-12-16	-12.19792779446322
1959-12-17	-16.498533101185195
1959-12-18	9.449048832027424
1959-12-19	-2.829349495695163
1959-12-20	43.49048985102037
1959-12-21	14.451946605290114
1959-12-22	-7.653700578845971
1959-12-23	-11.963658240281287
1959-12-24	34.27286215240989
1959-12-25	-13.538127261289356
1959-12-26	7.253097210525135
1959-12-27	30.81319295690689
1959-12-28	-12.344008421963407
1959-12-29	8.612687519201167
1959-12-30	-22.094499571095287
1959-12-31	-38.03357473260951
1960-01-01	-1.622013513304014
1960-01-02	-6.181571570811385
1960-01-03	-31.7325043025919
1960-01-04	-31.314360285670524
1960-01-05	-20.228217915482833
1960-01-06	17.730577712466705
1960-01-07	5.148985080523678
1960-01-08	-0.0058303710542515486
1960-01-09	37.56620675345808
1960-01-10	-25.917777069433768
1960-01-11	8.113347600647423
1960-01-12	-3.364191257090316
1960-01-13	-28.962740892660364
1960-01-14	33.93697808023657
1960-01-15	-4.8875745173608784
1960-01-16	-18.215574917981254
1960-01-17	-32.92814315877399
1960-01-18	-0.6037467659253488
1960-01-19	40.85319672876275
1960-01-20	-11.18946014562564
1960-01-21	-17.271815755089985
1960-01-22	-13.065069145879523
1960-01-23	-52.48061213439254
1960-01-24	15.888451433273522
1960-01-25	3.0570966277215756
1960-01-26	-15.205787148907397
1960-01-27	-3.719740163061287
1960-01-28	14.862098313604923
1960-01-29	45.327077259049084
1960-01-30	4.027007348781688
1960-01-31	3.078342490978198
1960-02-01	12.525927076358327
1960-02-02	-46.93130505629213
1960-02-03	1.5171518324644628
1960-02-04	1.2141612561994761
1960-02-05	56.49676745215563
1960-02-06	-46.251287790890885
1960-02-07	12.27974022739164
1960-02-08	14.843712566234244
1960-02-09	8.909525588571007
1960-02-10	20.76072151196119
1960-02-11	16.712399113406683
1960-02-12	-5.352594043306491
1960-02-13	-29.608395615089066
1960-02-14	-1.4084460115776414
1960-02-15	3.702676872029132
1960-02-16	-53.35589212222717
1960-02-17	-11.044562402475162
1960-02-18	34.21821529076983
1960-02-19	-20.17851929273139
1960-02-20	56.76902892683901
1960-02-21	-21.92787275609989
1960-02-22	-34.97983674536496
1960-02-23	-1.0929095659409251
1960-02-24	14.45708061225053
1960-02-25	44.327843832200394
1960-02-26	-5.416753419923765
1960-02-27	2.099242772888114
1960-02-28	-10.375672149736152
1960-02-29	-14.542284900101555
1960-03-01	9.112294882020604
1960-03-02	13.248077634867455
1960-03-03	2.7584177424483656
1960-03-04	16.070312971350006
1960-03-05	-2.282603778300783
1960-03-06	-33.68664290116831
1960-03-07	4.5938995675879255
1960-03-08	32.725261670445946
1960-03-09	-11.583998891668786
1960-03-10	36.92357221817805
1960-03-11	5.495507137815041
1960-03-12	-15.433293378757604
1960-03-13	33.90900013305786
1960-03-14	16.563418093587472
1960-03-15	36.23479540039618
1960-03-16	-2.7784886162748643
1960-03-17	-8.812618152855908
1960-03-18	2.4246507219277387
1960-03-19	-16.26187389629268
1960-03-20	-18.455962860039474
1960-03-21	9.433307615581649
1960-03-22	-21.976840801283814
1960-03-23	7.710496729398579
1960-03-24	31.527207743852227
1960-03-25	-32.01555294370028
1960-03-26	-5.7952187845071474
1960-03-27	25.760317718955868
1960-03-28	4.95915802493707
1960-03-29	-15.163198484117963
1960-03-30	-19.659489183593195
1960-03-31	-12.207613897212584
1960-04-01	24.108375477019546
1960-04-02	-37.0359159327613
1960-04-03	-5.905955976811369
1960-04-04	-15.17441491514311
1960-04-05	2.1187934693493227
1960-04-06	-7.572815295276769
1960-04-07	29.522815277238017
1960-04-08	8.230960622420264
1960-04-09	-5.353430590773935
1960-04-10	-16.500930088296972
1960-04-11	10.646155096672372
1960-04-12	-2.553912369143582
1960-04-13	8.522039104397878
1960-04-14	22.08469360439045
1960-04-15	14.459553251873398
1960-04-16	-9.71057390850438
1960-04-17	-3.2874676837054535
1960-04-18	17.233691797324287
1960-04-19	-23.540745001641422
1960-04-20	24.7284071956167
1960-04-21	-32.48750420647446
1960-04-22	-11.81986557896444
1960-04-23	23.32997420656697
1960-04-24	25.056019094886405
1960-04-25	25.191594740070013
1960-04-26	18.572455805532076
1960-04-27	-10.588371635135502
1960-04-28	-14.356629605744796
1960-04-29	21.627316478740543
1960-04-30	10.229711033985957
1960-05-01	17.032914013843442
1960-05-02	9.82388654934873
1960-05-03	-14.834226611925171
1960-05-04	8.592640381292696
1960-05-05	-8.563978818569534
1960-05-06	19.61248544188764
1960-05-07	-19.213374332989964
1960-05-08	39.19020627575532
1960-05-09	-11.612723434070276
1960-05-10	59.84247127707802
1960-05-11	29.39072010298777
1960-05-12	5.412369221137525
1960-05-13	0.05839533627951887
1960-05-14	2.170466201300748
1960-05-15	-0.978241737650452
1960-05-16	36.833341150624705
1960-05-17	65.65833844564135
1960-05-18	0.7013078698974092
1960-05-19	-16.384884810541973
1960-05-20	44.43701739100227
1960-05-21	5.457803350738921
1960-05-22	11.018113615108325
1960-05-23	-19.100009464505494
1960-05-24	0.393433626187385
1960-05-25	17.894014954701856
1960-05-26	16.224987537256823
1960-05-27	-10.066384976996108
1960-05-28	49.43954897910779
1960-05-29	-33.93268925818669
1960-05-30	-16.96117658009048
1960-05-31	35.73619655068132
1960-06-01	-5.99961335133476
1960-06-02	49.36472704251773
1960-06-03	29.036283186176362
1960-06-04	-38.73545043861501
1960-06-05	-27.052655293110426
1960-06-06	-11.248323795338829
1960-06-07	11.170908090168979
1960-06-08	16.375731998265625
1960-06-09	12.380453338558414
1960-06-10	-39.88635853265244
1960-06-11	-1.8625903990515449
1960-06-12	6.842426597006255
1960-06-13	-11.306039489365116
1960-06-14	23.316877446085417
1960-06-15	30.28344702436769
1960-06-16	2.9750544283675646
1960-06-17	12.668561406170667
1960-06-18	-16.727676152803408
1960-06-19	-10.126522479243777
1960-06-20	10.938320966881472
1960-06-21	-5.168354874216399
1960-06-22	5.987810833390021
1960-06-23	12.82051085751552
1960-06-24	-1.6742601182972285
1960-06-25	-23.11722603793942
1960-06-26	-23.254831258351025
1960-06-27	-0.4939072315567967
1960-06-28	7.785248721429306
1960-06-29	-11.18698061163905
1960-06-30	30.269130550412328
1960-07-01	-15.991834662693826
1960-07-02	55.22673004590317
1960-07-03	15.034895977173125
1960-07-04	1.038038461552642
1960-07-05	1.383891813439201
1960-07-06	-1.1093879936574356
1960-07-07	-6.371472177479628
1960-07-08	7.674401701893517
1960-07-09	6.329927163497747
1960-07-10	14.931834670387735
1960-07-11	45.252083812676354
1960-07-12	-5.966283122625668
1960-07-13	7.213711612847919
1960-07-14	22.921733705308984
1960-07-15	28.889731883426006
1960-07-16	26.039072460192497
1960-07-17	5.721220713124264
1960-07-18	3.1642577458449583
1960-07-19	37.619466016796366
1960-07-20	3.190141873084425
1960-07-21	-18.187445728206807
1960-07-22	6.386785239608888
1960-07-23	10.113254285484611
1960-07-24	18.889991235459902
1960-07-25	-11.665772087743573
1960-07-26	11.23218061903986
1960-07-27	3.8093331763897726
1960-07-28	-17.940046190481024
1960-07-29	-6.6605189321251235
1960-07-30	19.738270736167802
1960-07-31	24.44681323527316
1960-08-01	14.091826555276086
1960-08-02	-22.416569980538245
1960-08-03	0.6788182338105972
1960-08-04	-8.269321757785121
1960-08-05	-4.811692122581876
1960-08-06	-33.49690415639432
1960-08-07	3.635826581518364
1960-08-08	0.605375544960342
1960-08-09	-41.59459712199747
1960-08-10	-13.964365363332835
1960-08-11	21.236597139531742
1960-08-12	-13.069210261853385
1960-08-13	-44.39738398156152
1960-08-14	17.9295150545328
1960-08-15	-18.50352100926138
1960-08-16	18.39960270230952
1960-08-17	-25.96730886058844
1960-08-18	0.34188374157646084
1960-08-19	-39.96992220361946
1960-08-20	-9.35999518743844
1960-08-21	23.64553464017219
1960-08-22	-3.771857088724783
1960-08-23	11.980340019798447
1960-08-24	25.67853447949696
1960-08-25	-2.159146582268084
1960-08-26	-7.754233791213354
1960-08-27	24.368878682881228
1960-08-28	16.615516435983924
1960-08-29	-49.199690009394075
1960-08-30	12.854865651330043
1960-08-31	-6.059596348075801
1960-09-01	-15.123996873943277
1960-09-02	33.64594372295748
1960-09-03	10.771958627930605
1960-09-04	10.434914682818142
1960-09-05	-24.501838146437034
1960-09-06	7.790616076428311
1960-09-07	-25.778257140720218
1960-09-08	31.447764853424346
1960-09-09	-3.5333039768037358
1960-09-10	-23.75945106588268
1960-09-11	16.06985800521381
1960-09-12	-0.28680139115111025
1960-09-13	-7.415308198562396
1960-09-14	-15.24439116515186
1960-09-15	9.601134435766488
1960-09-16	-1.187321633752209
1960-09-17	-2.469599191478462
1960-09-18	-10.2320083891455
1960-09-19	4.728228596890481
1960-09-20	16.444520255187015
1960-09-21	9.115917313808225
1960-09-22	0.47467320689608583
1960-09-23	35.9458041650757
1960-09-24	-1.7314336928106038
1960-09-25	-4.513382222799187
1960-09-26	32.69337031016344
1960-09-27	-5.614978584911303
1960-09-28	30.637931037822252
1960-09-29	61.065627424190055
1960-09-30	-12.713656171538359
1960-10-01	23.374702227697096
1960-10-02	5.006817769384642
1960-10-03	12.632035278094774
1960-10-04	23.023353495953977
1960-10-05	-4.901033470685591
1960-10-06	-3.0026593846152227
1960-10-07	-5.1091146018732925
1960-10-08	-17.926871264248266
1960-10-09	26.59251920483923
1960-10-10	8.044407216863902
1960-10-11	14.33828213933386
1960-10-12	18.37002124473285
1960-10-13	35.13468271694898
1960-10-14	-7.2842987760767866
1960-10-15	42.83946695123418
1960-10-16	-31.642341800848122
1960-10-17	20.39059378867688
1960-10-18	38.12080333476082
1960-10-19	-25.62534689686434
1960-10-20	14.912402369178759
1960-10-21	3.8618876479805726
1960-10-22	-23.798662499870446
1960-10-23	-8.108053228153768
1960-10-24	71.6602216672501
1960-10-25	14.128554250141969
1960-10-26	26.095915931727447
1960-10-27	-3.5239421957449926
1960-10-28	17.22206705904086
1960-10-29	12.059005862039688
1960-10-30	-9.177933747064875
1960-10-31	44.96327912571879
1960-11-01	0.5040885357391691
1960-11-02	21.93983377928466
1960-11-03	21.090898836253434
1960-11-04	16.460249345664078
1960-11-05	53.250210464098764
1960-11-06	27.228141784951394
1960-11-07	-5.399632218970162
1960-11-08	18.35644704086714
1960-11-09	-7.5273233425376525
1960-11-10	-26.182692820399065
1960-11-11	-4.010542822588061
1960-11-12	7.295101498311108
1960-11-13	15.816311837682006
1960-11-14	39.220807148785234
1960-11-15	33.302540143946246
1960-11-16	10.806719613053817
1960-11-17	4.813812683312714
1960-11-18	-36.87372290290977
1960-11-19	-9.200995858331993
1960-11-20	52.43319536844563
1960-11-21	-0.2654065197260258
1960-11-22	9.468131188014585
1960-11-23	-18.1289068237781
1960-11-24	5.877358858266315
1960-11-25	-11.513331618176755
1960-11-26	0.8587448012352557
1960-11-27	-27.874235746952696
1960-11-28	2.1283601511983834
1960-11-29	7.882463571804379
1960-11-30	-34.45616332430829
1960-12-01	29.002750801569334
1960-12-02	-1.7660919085027638
1960-12-03	-12.360892848582864
1960-12-04	39.95556154967046
1960-12-05	-9.008320253760981
1960-12-06	38.55182640235278
1960-12-07	16.27683828614141
1960-12-08	32.577741449953784
1960-12-09	-9.977456441523854
1960-12-10	-4.172616511108822
1960-12-11	-1.3923213817784774
1960-12-12	12.204997453679164
1960-12-13	-8.538762227774681
1960-12-14	1.1243462232400476
1960-12-15	-13.855034530748094
1960-12-16	-0.7356925539737298
1960-12-17	-19.857452064036014
1960-12-18	-2.0780255054784584
1960-12-19	21.63389117090153
1960-12-20	-39.91033517700075
1960-12-21	-6.92469553973077
1960-12-22	5.732210393257709
1960-12-23	47.30666651663227
1960-12-24	43.11634588493163
1960-12-25	-23.681309765605928
1960-12-26	-21.941429202331783
1960-12-27	-17.75088761227767
1960-12-28	37.15927336809968
1960-12-29	3.6836083821910437
1960-12-30	13.582586834532757
1960-12-31	4.951204573843298
1961-01-01	7.546385123793091
1961-01-02	14.659210563570747
1961-01-03	-2.3836643129756423
1961-01-04	-7.940250838692059
1961-01-05	-18.07267919263326
1961-01-06	-24.2835051844974
1961-01-07	-10.329631923444927
1961-01-08	20.70893721780104
1961-01-09	22.972588291743715
1961-01-10	35.7597097549238
1961-01-11	-59.38815985510816
1961-01-12	-20.161483538451524
1961-01-13	31.866345290094277
1961-01-14	15.386768342785757
1961-01-15	16.327919089593664
1961-01-16	-27.174848698627116
1961-01-17	26.269950966619003
1961-01-18	-21.316550768856168
1961-01-19	25.81755131013549
1961-01-20	-3.5942264037964122
1961-01-21	3.880964585056069
1961-01-22	28.67671694291379
1961-01-23	-0.2402646772141861
1961-01-24	24.03842802862572
1961-01-25	2.07135119026975
1961-01-26	-19.220774180811528
1961-01-27	-21.258987523465617
1961-01-28	22.94776612254597
1961-01-29	23.835700896717444
1961-01-30	-18.021672197248286
1961-01-31	16.420468062569824
1961-02-01	17.185882553319328
1961-02-02	15.691402307393906
1961-02-03	4.784936036865962
1961-02-04	-17.436869046590164
1961-02-05	0.9734587058218901
1961-02-06	6.565054770385803
1961-02-07	18.54279247458704
1961-02-08	7.627864164669391
1961-02-09	1.3457629252662082
1961-02-10	6.308533207649013
1961-02-11	32.450310460947165
1961-02-12	-12.947738898103035
1961-02-13	-41.82086970572671
1961-02-14	19.76840574099076
1961-02-15	-4.2176685643212455
1961-02-16	94.70732188779728
1961-02-17	14.060333181078567
1961-02-18	22.60366722585114
1961-02-19	46.886844415726934
1961-02-20	9.731137873941384
1961-02-21	1.4338498511039384
1961-02-22	-13.931246045764986
1961-02-23	-4.312629350865415
1961-02-24	4.236884826892167
1961-02-25	-16.79252181223462
1961-02-26	-2.9364163493201056
1961-02-27	-47.81775285758001
1961-02-28	12.040145820043428
1961-03-01	16.29943590985193
1961-03-02	9.415776293027259
1961-03-03	-25.34086584987279
1961-03-04	-8.10591837432327
1961-03-05	-34.96538674300971
1961-03-06	-0.5425198786472403
1961-03-07	47.760295948079694
1961-03-08	3.860220600728745
1961-03-09	-1.1152885010609677
1961-03-10	-12.779948439012733
1961-03-11	-23.739274703229366
1961-03-12	-28.9311368647483
1961-03-13	9.732388568507028
1961-03-14	-4.373826340610828
1961-03-15	-22.26146277171364
1961-03-16	-24.645471962723306
1961-03-17	-1.8514731619131266
1961-03-18	27.748379751603697
1961-03-19	-12.525958396453868
1961-03-20	18.199785063155083
1961-03-21	-1.4529017816259915
1961-03-22	-18.028776377531102
1961-03-23	-24.903271407300604
1961-03-24	-3.2187348260406257
1961-03-25	-14.781441327908523
1961-03-26	-19.127427918853915
1961-03-27	-2.1174305044804136
1961-03-28	-16.892913581007225
1961-03-29	-9.745615301770387
1961-03-30	4.186537497712981
1961-03-31	-10.489077652438764
1961-04-01	35.055930564188266
1961-04-02	-4.664664687429547
1961-04-03	-45.03350294138707
1961-04-04	14.198033621572264
1961-04-05	-0.5847390933590784
1961-04-06	-24.50280590636922
1961-04-07	-7.158538654374441
1961-04-08	5.499417256615131
1961-04-09	-20.570067874292093
1961-04-10	0.059422547606646337
1961-04-11	-17.18807075788686
1961-04-12	-11.21367361836564
1961-04-13	5.223886834947826
1961-04-14	-6.045292756046545
1961-04-15	22.108511598359282
1961-04-16	11.071463022947576
1961-04-17	11.320716844188938
1961-04-18	-12.97301395341956
1961-04-19	5.6617057804267255
1961-04-20	-9.008469736477453
1961-04-21	7.804231546272296
1961-04-22	-37.54722520701878
1961-04-23	-5.614182599974386
1961-04-24	-17.584538023963898
1961-04-25	13.979021457659385
1961-04-26	-3.797514195592555
1961-04-27	-10.683521857920478
1961-04-28	-2.9566189471620987
1961-04-29	5.838894994687714
1961-04-30	6.037295712633891
1961-05-01	13.146036328978667
1961-05-02	19.593153873916837
1961-05-03	7.062637799248959
1961-05-04	-11.389530920129546
1961-05-05	29.679114015099234
1961-05-06	-21.552788249410092
1961-05-07	8.885194698638218
1961-05-08	-7.682242721658616
1961-05-09	34.523061310458246
1961-05-10	-13.967891805617208
1961-05-11	24.8257889383113
1961-05-12	9.450762404601
1961-05-13	-26.879400460243648
1961-05-14	11.35168747872666
1961-05-15	23.790679792723115
1961-05-16	34.25773468454492
1961-05-17	-13.294281541800114
1961-05-18	6.71120009350798
1961-05-19	15.657302077701335
1961-05-20	-29.671949861591
1961-05-21	-14.554460600478555
1961-05-22	-7.004208716125225
1961-05-23	-69.80351350359872
1961-05-24	13.638649658475385
1961-05-25	24.532709021330394
1961-05-26	-1.1750264259355043
1961-05-27	34.324898002514075
1961-05-28	-29.405510610217373
1961-05-29	42.24407596348163
1961-05-30	-4.86881815065318
1961-05-31	19.4275715379599
1961-06-01	-1.8182648074164842
1961-06-02	5.890287478180523
1961-06-03	6.270789212437817
1961-06-04	-44.00793579367223
1961-06-05	-6.431590055551098
1961-06-06	-24.93046465729424
1961-06-07	16.023997592719176
1961-06-08	-4.480359846128288
1961-06-09	20.788512688843433
1961-06-10	20.98586410460281
1961-06-11	5.1306678029107715
1961-06-12	-4.704641084009638
1961-06-13	2.444910832130007
1961-06-14	1.9378890053237239
1961-06-15	19.014456234865573
1961-06-16	-29.120361042233736
1961-06-17	-1.8873285602277072
1961-06-18	30.165202400273056
1961-06-19	-14.630689968701859
1961-06-20	28.312058417997864
1961-06-21	19.192382168596453
1961-06-22	50.862734518656424
1961-06-23	4.782283438674014
1961-06-24	4.804156612902946
1961-06-25	2.5330378039567396
1961-06-26	17.097150510597455
1961-06-27	1.6797462784855044
1961-06-28	6.0032367833413
1961-06-29	6.254832819490366
1961-06-30	17.399277285534883
1961-07-01	24.886812779246185
1961-07-02	30.640960549707764
1961-07-03	25.955992334435216
1961-07-04	8.287196987747423
1961-07-05	19.55257559183661
1961-07-06	-10.813080179563382
1961-07-07	13.34553029323968
1961-07-08	40.502818063573194
1961-07-09	5.501258297525479
1961-07-10	-7.330725938853025
1961-07-11	-7.246438829750797
1961-07-12	-22.449958782530334
1961-07-13	13.796076338054347
1961-07-14	5.587675563704911
1961-07-15	30.29386764223432
1961-07-16	-11.946586598043224
1961-07-17	-5.886243502398424
1961-07-18	-19.815206603425807
1961-07-19	-0.23435648383959107
1961-07-20	26.334652496430873
1961-07-21	2.1252947067099983
1961-07-22	11.986233753461336
1961-07-23	22.304717620163416
1961-07-24	18.323801277990363
1961-07-25	-6.29150945635138
1961-07-26	9.821946859024761
1961-07-27	-41.06124504906468
1961-07-28	-3.08321597777897
1961-07-29	14.224473797204965
1961-07-30	51.43221417386776
1961-07-31	11.996467884812299
1961-08-01	9.165544437811361
1961-08-02	39.918514894106366
1961-08-03	-31.243472297176943
1961-08-04	-21.25611852368902
1961-08-05	-9.281327515455976
1961-08-06	-9.694271342122347
1961-08-07	-5.294979013441642
1961-08-08	-18.418484172359754
1961-08-09	-5.6457555196179685
1961-08-10	11.410360662312447
1961-08-11	32.51147251237139
1961-08-12	-15.422681398394861
1961-08-13	19.076669886809576
1961-08-14	-59.54466541878564
1961-08-15	34.60530713197201
1961-08-16	2.6955050170697064
1961-08-17	15.458756512382935
1961-08-18	8.415368960613431
1961-08-19	-3.51385106663003
1961-08-20	-7.4098547423226435
1961-08-21	22.028538253805827
1961-08-22	-20.746294594576124
1961-08-23	-6.820340001593496
1961-08-24	23.14287792380508
1961-08-25	1.5977823463493999
1961-08-26	11.84490700364901
1961-08-27	-33.476841620532525
1961-08-28	26.552740006100954
1961-08-29	-13.697622102518215
1961-08-30	31.324729445815144
1961-08-31	28.095987886248885
1961-09-01	49.73654880445942
1961-09-02	-2.3226049951337764
1961-09-03	0.5393103566182931
1961-09-04	-12.946312759017411
1961-09-05	-4.8282224214253775
1961-09-06	3.17490731922783
1961-09-07	-12.446104068846424
1961-09-08	-22.92521540526542
1961-09-09	12.0160334830632
1961-09-10	-18.53837507264221
1961-09-11	25.4927106055595
1961-09-12	-7.514645299036438
1961-09-13	9.00517427964296
1961-09-14	1.3130133260092858
1961-09-15	-2.523390474035385
1961-09-16	29.23162260178988
1961-09-17	-3.348115968467525
1961-09-18	-26.392691089812125
1961-09-19	-2.35393415491607
1961-09-20	-10.679321797929173
1961-09-21	-18.039127804821256
1961-09-22	43.8176425199805
1961-09-23	-5.821546885145498
1961-09-24	7.126349581678746
1961-09-25	-38.574735675384794
1961-09-26	-46.91090576582012
1961-09-27	8.90293536374407
1961-09-28	-17.56327065172166
1961-09-29	-46.51276777118098
1961-09-30	-15.864007667947927
1961-10-01	12.14156341897734
1961-10-02	-7.133140571575492
1961-10-03	-30.129436121416116
1961-10-04	-6.42116482495109
1961-10-05	4.869157073351345
1961-10-06	20.588615492252686
1961-10-07	24.62835910578266
1961-10-08	0.5423878536975779
1961-10-09	-31.576818480257437
1961-10-10	-18.014681424647026
1961-10-11	5.325160198010497
1961-10-12	-7.5534487169452085
1961-10-13	-46.846504719909284
1961-10-14	-5.949144302636683
1961-10-15	10.565520137546457
1961-10-16	-0.47801412667717
1961-10-17	-25.550806484913892
1961-10-18	-9.262206756897704
1961-10-19	5.861621317220883
1961-10-20	19.720950633090283
1961-10-21	2.576165647293558
1961-10-22	-0.19168413770647574
1961-10-23	12.155153143686427
1961-10-24	31.34253951676798
1961-10-25	0.7128822840293363
1961-10-26	24.175424437023963
1961-10-27	-38.76801122629457
1961-10-28	-17.409521373305243
1961-10-29	9.671103378964807
1961-10-30	-4.250154854056683
1961-10-31	25.58635931941318
1961-11-01	-2.707872676323028
1961-11-02	2.6661940309431165
1961-11-03	19.243994693615846
1961-11-04	-11.709558830245935
1961-11-05	-13.378211057605515
1961-11-06	16.92409714750826
1961-11-07	-38.36340328930346
1961-11-08	-54.639807998278094
1961-11-09	-26.860838902245444
1961-11-10	11.033909651851305
1961-11-11	-13.548045525569746
1961-11-12	-23.74724980981714
1961-11-13	-22.950001849806046
1961-11-14	23.763354047355925
1961-11-15	-5.688983262686682
1961-11-16	25.783188254867028
1961-11-17	-31.456070949215146
1961-11-18	11.44098600444385
1961-11-19	0.25731493426604
1961-11-20	-1.611852373645868
1961-11-21	22.68678104551582
1961-11-22	20.434486544632176
1961-11-23	0.3730788730678788
1961-11-24	16.27953645418823
1961-11-25	12.817307663755267
1961-11-26	11.376697458590511
1961-11-27	8.555880474090683
1961-11-28	-11.61640805939985
1961-11-29	-2.938292434944074
1961-11-30	10.05537519259404
1961-12-01	22.181613369231208
1961-12-02	-1.5915772511889805
1961-12-03	-2.627200855843082
1961-12-04	-13.996741519496299
1961-12-05	14.862099108774961
1961-12-06	-17.74821578957423
1961-12-07	-3.948324543625792
1961-12-08	-16.002540553300324
1961-12-09	-19.980855576410136
1961-12-10	-16.2130779169935
1961-12-11	15.85187074960967
1961-12-12	24.3704410887601
1961-12-13	21.937798453897468
1961-12-14	18.823179969099307
1961-12-15	-3.1818629362044915
1961-12-16	23.16935843084058
1961-12-17	2.1118973786324267
1961-12-18	32.74062452311781
1961-12-19	-8.886176531968026
1961-12-20	-33.08209895868266
1961-12-21	38.503850133912955
1961-12-22	-1.9823163162388158
1961-12-23	10.721941905613344
1961-12-24	-8.296706482166858
1961-12-25	29.650452835418037
1961-12-26	6.6463622124493025
1961-12-27	-33.45890714187479
1961-12-28	1.8576492473360258
1961-12-29	8.486893418012507
1961-12-30	3.4840397684190787
1961-12-31	-52.760465500961324
1962-01-01	37.82093517956553
1962-01-02	15.426402411202387
1962-01-03	-16.415019764548752
1962-01-04	7.705360186632161
1962-01-05	13.93806863173147
1962-01-06	-1.6672800242133563
1962-01-07	-27.3155577272361
1962-01-08	35.296162004041115
1962-01-09	-10.006053558014344
1962-01-10	26.615789096669246
1962-01-11	13.081253680320255
1962-01-12	20.781321616759225
1962-01-13	-31.060431961710385
1962-01-14	-3.7925382278762427
1962-01-15	-12.04694203000505
1962-01-16	-23.564953496314807
1962-01-17	13.317675565627153
1962-01-18	-53.74559107709197
1962-01-19	13.685968998443164
1962-01-20	1.1404179893684216
1962-01-21	66.65057019977547
1962-01-22	34.772033283828506
1962-01-23	-2.8242188916532367
1962-01-24	27.90395304100528
1962-01-25	12.13978280865092
1962-01-26	-2.531563962879046
1962-01-27	24.673740554284795
1962-01-28	-6.7478945876625716
1962-01-29	-29.99044289790346
1962-01-30	-35.1164453978263
1962-01-31	-46.26560629709121
1962-02-01	19.849890473852444
1962-02-02	-21.581072223429643
1962-02-03	-13.65459534630586
1962-02-04	33.97206584082831
1962-02-05	16.129524323779176
1962-02-06	-6.879986022217737
1962-02-07	30.97054585300929
1962-02-08	-9.802527955025127
1962-02-09	30.518776765614415
1962-02-10	5.7998503540619275
1962-02-11	-46.362130549174594
1962-02-12	6.039547736347839
1962-02-13	-9.012115734284235
1962-02-14	-3.022013488466361
1962-02-15	20.782725916514334
1962-02-16	-8.349757816900933
1962-02-17	-18.28652199014727
1962-02-18	-25.859415405459437
1962-02-19	-27.287389907174756
1962-02-20	31.692912265287667
1962-02-21	35.014782236115245
1962-02-22	2.103818382012446
1962-02-23	-8.971932230939425
1962-02-24	-5.746289119520202
1962-02-25	-4.455075172124481
1962-02-26	-2.200126334255672
1962-02-27	7.148932233121205
1962-02-28	10.4945757968727
1962-03-01	-18.28666763417555
1962-03-02	26.54410605655458
1962-03-03	-31.202232835604704
1962-03-04	-0.7121326160526602
1962-03-05	-21.610414061199442
1962-03-06	3.921780506414281
1962-03-07	-12.401746437836982
1962-03-08	41.59710443408682
1962-03-09	24.63786281953826
1962-03-10	16.002426500630605
1962-03-11	28.916497752217385
1962-03-12	-16.31650288775821
1962-03-13	-13.749965647964903
1962-03-14	31.57102432545637
1962-03-15	-13.740773634271015
1962-03-16	19.10527968257737
1962-03-17	-5.631474170218934
1962-03-18	-3.200148708080442
1962-03-19	-3.205198632105013
1962-03-20	11.490498846208421
1962-03-21	7.175471160971838
1962-03-22	-59.84687304743799
1962-03-23	20.337810752164344
1962-03-24	9.342671703137468
1962-03-25	-7.424031508090565
1962-03-26	-17.61187471873579
1962-03-27	-0.36341956391949215
1962-03-28	-52.32142396533764
1962-03-29	-3.546979166268742
1962-03-30	-11.582755357100712
1962-03-31	-0.8428915960175289
1962-04-01	1.4159903488599186
1962-04-02	-8.077515479057876
1962-04-03	-22.026116601248404
1962-04-04	1.8973969073388375
1962-04-05	7.487851911767268
1962-04-06	10.830319935638622
1962-04-07	-2.655630799834234
1962-04-08	18.852591415196297
1962-04-09	19.28141885008645
1962-04-10	-12.469266956653271
1962-04-11	-22.040138179442238
1962-04-12	1.1187511500783323
1962-04-13	22.499629867143813
1962-04-14	27.77705161161
1962-04-15	-7.499128313410678
1962-04-16	-33.00727092497384
1962-04-17	9.50152944236672
1962-04-18	34.84274486467528
1962-04-19	-6.860217117281194
1962-04-20	-33.01331282525557
1962-04-21	-26.47528540506794
1962-04-22	43.94959777001544
1962-04-23	-15.307385131100233
1962-04-24	11.901474404090958
1962-04-25	31.149771999130454
1962-04-26	19.930684299154365
1962-04-27	-19.88185414026921
1962-04-28	5.5972759530965766
1962-04-29	17.624705884721457
1962-04-30	8.330164594197832
1962-05-01	-30.045935199011023
1962-05-02	1.4516216766639525
1962-05-03	11.664951188185105
1962-05-04	11.931960466994898
1962-05-05	7.385493603120067
1962-05-06	-8.359738807464836
1962-05-07	-18.76966260049243
1962-05-08	28.252590890062482
1962-05-09	-24.687632789966166
1962-05-10	7.244378196059377
1962-05-11	20.671961191697008
1962-05-12	0.18686258394995936
1962-05-13	8.34895460399839
1962-05-14	8.621144040061116
1962-05-15	23.354590987077156
1962-05-16	-23.948322817164765
1962-05-17	2.0896549158143105
1962-05-18	-17.261729371722108
1962-05-19	8.845541395005826
1962-05-20	-12.794266728654891
1962-05-21	25.88745529803813
1962-05-22	14.471992002958524
1962-05-23	-25.899758244368567
1962-05-24	39.084044666330556
1962-05-25	15.905978623936933
1962-05-26	-10.646974621821721
1962-05-27	-3.5588071684242744
1962-05-28	15.026563802062764
1962-05-29	-30.61920480178409
1962-05-30	-32.47783686008751
1962-05-31	-2.302732530425722
1962-06-01	8.970069060395975
1962-06-02	-8.297111352177868
1962-06-03	-7.807059804527597
1962-06-04	-19.63428262979563
1962-06-05	24.743096343522325
1962-06-06	9.926564532004543
1962-06-07	-30.56041901199112
1962-06-08	-3.00960937095957
1962-06-09	-14.021513246777651
1962-06-10	4.411443939477308
1962-06-11	5.362992571422778
1962-06-12	-1.2879373107289027
1962-06-13	-11.590288067400529
1962-06-14	-16.974249128160107
1962-06-15	39.41904371008748
1962-06-16	-18.9580364579471
1962-06-17	-37.82345761609952
1962-06-18	-30.437242891342038
1962-06-19	1.0177623918489345
1962-06-20	-1.5114713653031473
1962-06-21	-3.461688414091446
1962-06-22	28.492643819282943
1962-06-23	13.91855582253086
1962-06-24	-10.278110175583613
1962-06-25	-4.725073748994093
1962-06-26	-10.91181239449473
1962-06-27	34.13881122847706
1962-06-28	7.25037289309177
1962-06-29	-1.2346901236724996
1962-06-30	-21.161297636874835
1962-07-01	-16.044544685380362
1962-07-02	17.187928404571817
1962-07-03	26.31382563412062
1962-07-04	26.719517251445136
1962-07-05	4.356134701658207
1962-07-06	-2.510543704579696
1962-07-07	5.295214063253137
1962-07-08	4.316835132889668
1962-07-09	41.46347592236334
1962-07-10	-7.940035472508006
1962-07-11	-1.423257178871239
1962-07-12	-39.8926267486231
1962-07-13	-7.834375566395876
1962-07-14	-0.18459446180359018
1962-07-15	2.483192344880419
1962-07-16	-10.232973345944497
1962-07-17	-11.616055188879804
1962-07-18	-29.64388832782599
1962-07-19	-26.91561071210972
1962-07-20	27.58373481128184
1962-07-21	15.448913524318991
1962-07-22	-27.167961033144866
1962-07-23	31.7471205131375
1962-07-24	5.12813384593658
1962-07-25	3.71674674982296
1962-07-26	11.19655380718106
1962-07-27	-3.0325840116366054
1962-07-28	16.33941676104982
1962-07-29	-20.327880503661525
1962-07-30	-36.30953218038087
1962-07-31	8.347359245588033
1962-08-01	1.3770640016087228
1962-08-02	-33.56181653760009
1962-08-03	-35.0193667140044
1962-08-04	16.37895909588581
1962-08-05	-12.268705876085768
1962-08-06	-22.66410335723186
1962-08-07	-21.34955500264103
1962-08-08	-12.03512231300047
1962-08-09	6.983282337839881
1962-08-10	-16.730071500895736
1962-08-11	-28.539039086534743
1962-08-12	-19.758197389500687
1962-08-13	-0.6192598279249648
1962-08-14	-29.044452233730045
1962-08-15	41.034392528166265
1962-08-16	22.432610165629114
1962-08-17	3.981783648094093
1962-08-18	3.2657485192598523
1962-08-19	20.390385126105908
1962-08-20	-14.381289447292144
1962-08-21	17.571574430498647
1962-08-22	-12.421581482299223
1962-08-23	8.285434978474775
1962-08-24	-38.830526951265945
1962-08-25	19.21315021190947
1962-08-26	-26.422699406871786
1962-08-27	43.357222140082094
1962-08-28	-3.42608170989472
1962-08-29	-14.309323194908414
1962-08-30	1.4747495174150953
1962-08-31	6.236331996781704
1962-09-01	0.3070044499969994
1962-09-02	12.605777622259097
1962-09-03	6.49164022053223
1962-09-04	-1.4758475187516964
1962-09-05	-16.570778000277077
1962-09-06	3.6765895572880396
1962-09-07	25.284262484367737
1962-09-08	-18.64171213432577
1962-09-09	9.711626759208247
1962-09-10	-23.00749393991039
1962-09-11	9.468572385864702
1962-09-12	21.807531489114517
1962-09-13	12.943461180187798
1962-09-14	-0.11473814227767565
1962-09-15	31.583520564527657
1962-09-16	-13.714142182332175
1962-09-17	31.395971699184624
1962-09-18	13.07553734280327
1962-09-19	18.371075304798918
1962-09-20	6.868467271958089
1962-09-21	26.614920463638747
1962-09-22	-4.470977854820312
1962-09-23	22.502840726638546
1962-09-24	-5.747862722324349
1962-09-25	13.071930240441795
1962-09-26	0.193753242842015
1962-09-27	-6.353955335779821
1962-09-28	9.2815326129773
1962-09-29	-1.5683074284917382
1962-09-30	-22.19120997388507
1962-10-01	7.6145513101434315
1962-10-02	20.592570295172198
1962-10-03	17.49056384558452
1962-10-04	-12.65318076297429
1962-10-05	23.637628261144133
1962-10-06	33.51868303521142
1962-10-07	29.392100132814516
1962-10-08	-6.223674379627951
1962-10-09	55.00912284934526
1962-10-10	-39.477057237371135
1962-10-11	-25.82550206611612
1962-10-12	-3.200541801745846
1962-10-13	-22.60666200003777
1962-10-14	-9.86184611701614
1962-10-15	-3.665263312354562
1962-10-16	30.26860417949044
1962-10-17	-2.0100389404572097
1962-10-18	7.604461387823578
1962-10-19	8.453266746021164
1962-10-20	-31.858686192449653
1962-10-21	27.459478151397303
1962-10-22	40.4998993495189
1962-10-23	33.42999266649141
1962-10-24	31.10262592414555
1962-10-25	-3.5751412888107836
1962-10-26	13.715927567570303
1962-10-27	-12.914375067792076
1962-10-28	58.973040753145604
1962-10-29	-29.745460520852035
1962-10-30	14.142609443497392
1962-10-31	20.213230254000724
1962-11-01	29.326440763771625
1962-11-02	-21.919173250883613
1962-11-03	12.80431740750539
1962-11-04	-2.4701651191863006
1962-11-05	10.519410069544103
1962-11-06	25.149736325015283
1962-11-07	-12.64604111199025
1962-11-08	-30.257087175993096
1962-11-09	18.167725299812062
1962-11-10	12.810514118374766
1962-11-11	39.09237695079088
1962-11-12	-5.320718810263733
1962-11-13	1.7232896032999148
1962-11-14	22.274466584608618
1962-11-15	12.30499934679546
1962-11-16	-14.935633552829295
1962-11-17	10.662607785311641
1962-11-18	24.23971370066141
1962-11-19	-3.934975714146775
1962-11-20	5.635001937891935
1962-11-21	-17.733622908269734
1962-11-22	3.300020633336147
1962-11-23	39.95774241481386
1962-11-24	20.895534524616423
1962-11-25	-12.724527807449697
1962-11-26	10.370931624594945
1962-11-27	34.55255603239182
1962-11-28	38.93100535902813
1962-11-29	18.679721644139853
1962-11-30	6.598299376390163
1962-12-01	7.838137242416115
1962-12-02	-2.4999054777388547
1962-12-03	34.21197182232841
1962-12-04	19.637562550885175
1962-12-05	-13.713032878008846
1962-12-06	-23.644094262081325
1962-12-07	-37.129024564608756
1962-12-08	24.025668906144876
1962-12-09	37.81383540440381
1962-12-10	-27.043013647737073
1962-12-11	14.903502550635027
1962-12-12	-15.901171302456547
1962-12-13	-26.301922747077633
1962-12-14	-26.31730487982566
1962-12-15	-16.990423885693694
1962-12-16	26.563927607664017
1962-12-17	-24.381605357873948
1962-12-18	10.887513856033221
1962-12-19	34.49774185189037
1962-12-20	-15.369666758006176
1962-12-21	-47.743606614353574
1962-12-22	-11.2564075194243
1962-12-23	-16.49483222460055
1962-12-24	0.7297859860338001
1962-12-25	29.52993970031419
1962-12-26	-16.50501083142732
1962-12-27	-14.79853067106464
1962-12-28	-15.256908158621673
1962-12-29	30.169888124517875
1962-12-30	-15.774424726413319
1962-12-31	15.337671769420115
1963-01-01	-6.255259398737109
1963-01-02	-1.3803702879681337
1963-01-03	28.921637961681157
1963-01-04	14.53839811833134
1963-01-05	-9.215519894764778
1963-01-06	8.714154442107649
1963-01-07	29.770389858112964
1963-01-08	-3.990831960681934
1963-01-09	0.7943690099198109
1963-01-10	-2.018362486749761
1963-01-11	-5.1453834792763065
1963-01-12	12.403530089475346
1963-01-13	18.38910984632089
1963-01-14	60.89762907357405
1963-01-15	-9.268907271230846
1963-01-16	-16.378544996590836
1963-01-17	5.035650072248253
1963-01-18	10.105922058783925
1963-01-19	-22.045001688091716
1963-01-20	21.162041425576344
1963-01-21	10.290419132333122
1963-01-22	13.922694485864074
1963-01-23	-38.93548823262319
1963-01-24	30.41647967819908
1963-01-25	6.398327039716021
1963-01-26	-13.11778046143828
1963-01-27	49.94979162000105
1963-01-28	11.157173584023607
1963-01-29	-13.90686940344301
1963-01-30	-22.10783912530606
1963-01-31	15.186543095748162
1963-02-01	-0.49148277019366704
1963-02-02	-17.281670987127544
1963-02-03	-16.697594436506506
1963-02-04	15.384746677419233
1963-02-05	-4.651404845133968
1963-02-06	21.558345200416085
1963-02-07	4.269588006095616
1963-02-08	13.812294932384125
1963-02-09	-22.871563170913017
1963-02-10	-8.880419836464018
1963-02-11	15.620136493267363
1963-02-12	-17.883355647501368
1963-02-13	15.683066812255216
1963-02-14	-14.055721312399577
1963-02-15	-19.61817750947431
1963-02-16	16.84240010275746
1963-02-17	-4.134618709661376
1963-02-18	-19.025976159739653
1963-02-19	6.781661565015998
1963-02-20	-23.782369029933335
1963-02-21	17.798429685032715
1963-02-22	6.352203717219197
1963-02-23	20.30583275903696
1963-02-24	-19.720912897808706
1963-02-25	-44.83879789179826
1963-02-26	-44.45998210364726
1963-02-27	3.2424015272445557
1963-02-28	-21.134963173131993
1963-03-01	-13.02972487490161
1963-03-02	-6.508031958254174
1963-03-03	-30.05248056027223
1963-03-04	-3.3772263737316237
1963-03-05	-16.69323209207479
1963-03-06	-44.497929515942225
1963-03-07	-6.88175937492163
1963-03-08	2.8447899871892703
1963-03-09	-15.137234381658917
1963-03-10	24.790611820478308
1963-03-11	-23.716525910599408
1963-03-12	-0.9572854927271361
1963-03-13	-1.194390718895251
1963-03-14	38.289202290410145
1963-03-15	26.69452119349142
1963-03-16	-18.326229847461928
1963-03-17	-15.489127927910065
1963-03-18	-37.87507319759681
1963-03-19	7.4658076276722385
1963-03-20	10.683085314776369
1963-03-21	8.708807793180714
1963-03-22	-0.6028456210990392
1963-03-23	-6.960732802764537
1963-03-24	7.851838550880597
1963-03-25	17.4046864958065
1963-03-26	-17.899858934516278
1963-03-27	-32.053544556820526
1963-03-28	26.277668290032008
1963-03-29	7.20710374062822
1963-03-30	38.1321109532647
1963-03-31	-4.602929528534827
1963-04-01	9.717735911397815
1963-04-02	25.897241183698377
1963-04-03	62.681299835608435
1963-04-04	12.496855698283522
1963-04-05	2.4569347409183298
1963-04-06	32.57131166001613
1963-04-07	3.437779361903501
1963-04-08	15.625740305648605
1963-04-09	0.7338095143069171
1963-04-10	-2.58775435383036
1963-04-11	-21.334627877339347
1963-04-12	3.483185049488678
1963-04-13	-18.08833140856364
1963-04-14	-24.851420154456758
1963-04-15	-39.18508012205157
1963-04-16	32.92470892254014
1963-04-17	-43.40208821798434
1963-04-18	20.05595444313101
1963-04-19	27.97040085621348
1963-04-20	30.607654191965153
1963-04-21	19.939128934895407
1963-04-22	25.00863468844114
1963-04-23	22.288235510647223
1963-04-24	-6.082049051415581
1963-04-25	-2.970699967364008
1963-04-26	-16.006977539835475
1963-04-27	34.1148363603403
1963-04-28	-23.750960464554293
1963-04-29	-7.296443124779799
1963-04-30	-29.671934658944917
1963-05-01	-8.102401337978776
1963-05-02	40.81188065048957
1963-05-03	-8.283153140822183
1963-05-04	19.30266623515842
1963-05-05	9.753058033555657
1963-05-06	-3.532597032885165
1963-05-07	-16.543739626113037
1963-05-08	-35.49524786127443
1963-05-09	-12.89550593079157
1963-05-10	-3.5081757883989377
1963-05-11	-23.33447788196506
1963-05-12	-5.814892678553102
1963-05-13	6.104519496913227
1963-05-14	2.521394249861231
1963-05-15	9.09342583385242
1963-05-16	-7.683767409922874
1963-05-17	-38.32413613615624
1963-05-18	-24.74197758502511
1963-05-19	-9.21742016207648
1963-05-20	-15.06646294560128
1963-05-21	-4.077226096953428
1963-05-22	-36.48545148686947
1963-05-23	-8.419500682361372
1963-05-24	-17.256428435632518
1963-05-25	27.54170340240442
1963-05-26	-12.276152775219845
1963-05-27	-22.98944195479083
1963-05-28	-5.424290430378444
1963-05-29	-46.91738061284229
1963-05-30	26.682462201793104
1963-05-31	17.30914649508955
1963-06-01	-2.0160060140557983
1963-06-02	-4.868306015648802
1963-06-03	-9.387667073478648
1963-06-04	32.360441096876066
1963-06-05	-25.55726385992551
1963-06-06	30.10617887333993
1963-06-07	19.279399332461935
1963-06-08	11.14057930257138
1963-06-09	-1.1101933325262745
1963-06-10	43.40952310923818
1963-06-11	-18.78140599333407
1963-06-12	-18.89249866891451
1963-06-13	-2.7458652842426483
1963-06-14	-8.96635354664542
1963-06-15	11.63158566514193
1963-06-16	32.198125129081646
1963-06-17	-40.035585121021356
1963-06-18	1.3990099017277235
1963-06-19	-27.728776522822436
1963-06-20	-34.57540995563551
1963-06-21	-27.61302299376674
1963-06-22	5.5648229898637185
1963-06-23	11.855895536237838
1963-06-24	17.716653835794684
1963-06-25	17.061477751207715
1963-06-26	-19.479255470923913
1963-06-27	0.46394864261801694
1963-06-28	16.926625449944037
1963-06-29	7.406818827021072
1963-06-30	-19.630246705248553
1963-07-01	26.49852113128352
1963-07-02	25.45869916413221
1963-07-03	6.916633179508389
1963-07-04	2.295967402568707
1963-07-05	-1.906954332614571
1963-07-06	5.780403416615541
1963-07-07	-0.4735359324093993
1963-07-08	4.290072110613538
1963-07-09	9.618750872414932
1963-07-10	25.079566135329376
1963-07-11	-45.90069149981021
1963-07-12	33.117648666464284
1963-07-13	-48.17845620228657
1963-07-14	27.09063472896517
1963-07-15	5.054348609936399
1963-07-16	5.950314811417537
1963-07-17	-1.5699475562644885
1963-07-18	5.459856808334495
1963-07-19	-1.5665445330740677
1963-07-20	-53.953024263267665
1963-07-21	-12.155650391981506
1963-07-22	-38.40025653531893
1963-07-23	-3.976337586652914
1963-07-24	36.51084066837237
1963-07-25	31.006100859863015
1963-07-26	-15.710261584862629
1963-07-27	19.992023314611746
1963-07-28	-8.54857434250263
1963-07-29	35.55358440369745
1963-07-30	18.846987284143164
1963-07-31	35.29301914310977
1963-08-01	-29.02810590883668
1963-08-02	-0.9962075951397964
1963-08-03	-23.935097333548615
1963-08-04	-6.175000549286751
1963-08-05	19.493920794287774
1963-08-06	20.685860249502436
1963-08-07	-7.5000284856848385
1963-08-08	-19.35277281506922
1963-08-09	13.38576030774412
1963-08-10	10.216119127632433
1963-08-11	18.389955539698313
1963-08-12	-25.2708218644294
1963-08-13	-19.520247706876724
1963-08-14	-17.59699231079806
1963-08-15	43.815165893748414
1963-08-16	4.958315484164098
1963-08-17	-0.28971239628227385
1963-08-18	27.68247285881786
1963-08-19	17.829437713377345
1963-08-20	41.92483035569891
1963-08-21	-14.313622081537108
1963-08-22	11.289845479359082
1963-08-23	16.944654042634596
1963-08-24	56.942719754521974
1963-08-25	8.995918756920831
1963-08-26	23.074959846964287
1963-08-27	12.178135328545437
1963-08-28	30.185719134618978
1963-08-29	1.3305300207233124
1963-08-30	-16.437536567735968
1963-08-31	12.196263690860567
1963-09-01	-8.508648906544392
1963-09-02	-17.732636146266664
1963-09-03	-15.065150842380039
1963-09-04	19.764314674071823
1963-09-05	4.283588603374195
1963-09-06	-7.511133082718759
1963-09-07	34.63818438257964
1963-09-08	-20.7583075395016
1963-09-09	39.85371475669707
1963-09-10	-19.586782868474565
1963-09-11	9.69881121370172
1963-09-12	-5.122840030871951
1963-09-13	-25.526641844927305
1963-09-14	-13.355631202717618
1963-09-15	13.947463608846123
1963-09-16	3.8352026557402636
1963-09-17	-2.8849968183475747
1963-09-18	-34.95953680739223
1963-09-19	-8.886783444873835
1963-09-20	-19.531070335387298
1963-09-21	-12.85908628330347
1963-09-22	-18.03333663063529
1963-09-23	-38.13851831577675
1963-09-24	-12.219474012092494
1963-09-25	-14.102690231201299
1963-09-26	26.88166497887407
1963-09-27	11.385962303168391
1963-09-28	-11.805185899474047
1963-09-29	23.88457865807239
1963-09-30	-6.609714070388299
1963-10-01	-11.513205347590782
1963-10-02	11.370676956270222
1963-10-03	18.2744360338439
1963-10-04	14.10033912378359
1963-10-05	-8.965909782661798
1963-10-06	-0.8023512881371251
1963-10-07	-18.01413312387479
1963-10-08	3.179361413281698
1963-10-09	22.379487532571435
1963-10-10	25.715642455137573
1963-10-11	3.5055281993417813
1963-10-12	-0.810859627398804
1963-10-13	14.143755094328155
1963-10-14	39.069864510087726
1963-10-15	25.037528194717073
1963-10-16	10.610368148197571
1963-10-17	-43.334048186704315
1963-10-18	-5.572448620978198
1963-10-19	-9.779327100323638
1963-10-20	-17.74014816140686
1963-10-21	14.121538967828597
1963-10-22	18.610008215616137
1963-10-23	11.375990089924171
1963-10-24	-39.57289980858414
1963-10-25	-43.3118996185894
1963-10-26	14.967198519205308
1963-10-27	-7.381039530618226
1963-10-28	35.183156601882295
1963-10-29	21.754861098633473
1963-10-30	57.69243101394712
1963-10-31	-38.531468082624215
1963-11-01	40.68541383427235
1963-11-02	-11.871799215104764
1963-11-03	4.012582306649637
1963-11-04	-5.218752710553893
1963-11-05	37.58596857361302
1963-11-06	6.97627417479876
1963-11-07	38.530024670048974
1963-11-08	25.43793918800489
1963-11-09	-25.688010048572778
1963-11-10	36.444106809518495
1963-11-11	4.285267521693032
1963-11-12	-43.976630686908884
1963-11-13	13.175711857839795
1963-11-14	-26.04029409701179
1963-11-15	10.180554301490544
1963-11-16	19.972632612696934
1963-11-17	33.89061855551318
1963-11-18	45.87055275089043
1963-11-19	-1.0235143398096558
1963-11-20	-22.179078701636154
1963-11-21	-0.04064417635805739
1963-11-22	0.2174856232772765
1963-11-23	20.013510113449943
1963-11-24	3.0523888113634445
1963-11-25	-2.5559702520857615
1963-11-26	37.88428835100819
1963-11-27	-13.909507705243263
1963-11-28	16.910222651091264
1963-11-29	31.130071499485563
1963-11-30	22.52801273657221
1963-12-01	-19.04388016513234
1963-12-02	-11.312624687468308
1963-12-03	-2.8297613344164967
1963-12-04	4.097666088129704
1963-12-05	8.694470955260611
1963-12-06	30.767833634230485
1963-12-07	-2.333246577730506
1963-12-08	21.951330159972034
1963-12-09	0.38966652315367545
1963-12-10	-19.143811869704358
1963-12-11	-33.75231522145725
1963-12-12	6.797975361680997
1963-12-13	9.906544933983277
1963-12-14	-36.21617790290565
1963-12-15	1.4059422416787466
1963-12-16	21.48833033734927
1963-12-17	-18.467093104984176
1963-12-18	-25.86735248819524
1963-12-19	52.349583449825126
1963-12-20	-6.360414932350321
1963-12-21	-10.842304741890052
1963-12-22	52.404844870746004
1963-12-23	34.452399826749684
1963-12-24	-6.241800965630855
1963-12-25	9.216155271729043
1963-12-26	-20.253071038282457
1963-12-27	21.424635125439718
1963-12-28	0.709700160909739
1963-12-29	-9.525569178917527
1963-12-30	1.3705007006498766
1963-12-31	9.33696572686565
1964-01-01	8.94904318247401
1964-01-02	5.996209118840139
1964-01-03	6.177721865986947
1964-01-04	-2.5758348354341365
1964-01-05	-1.865312275692366
1964-01-06	25.617419955423664
1964-01-07	50.48573458073402
1964-01-08	0.2955484139217899
1964-01-09	19.167449890948003
1964-01-10	25.61610945273822
1964-01-11	-47.886331576461274
1964-01-12	-17.403886661173644
1964-01-13	29.447773918403048
1964-01-14	-2.8428515971376322
1964-01-15	-11.990016781469947
1964-01-16	25.87928903515198
1964-01-17	-33.78183044099385
1964-01-18	-25.535852119731974
1964-01-19	10.425972383082568
1964-01-20	18.45522031457149
1964-01-21	16.709285201105
1964-01-22	-57.928072880919615
1964-01-23	3.8034815809145437
1964-01-24	44.11693734851883
1964-01-25	-54.215700921014
1964-01-26	2.559044296558658
1964-01-27	0.04439017413689772
1964-01-28	11.908753739628745
1964-01-29	10.957182183918894
1964-01-30	-3.0941767796181034
1964-01-31	-12.899940615745694
1964-02-01	-9.006252625791147
1964-02-02	8.170312888411207
1964-02-03	-18.436065598038017
1964-02-04	28.309703628452873
1964-02-05	53.377637547789135
1964-02-06	-10.79376777673394
1964-02-07	13.649350983170116
1964-02-08	-9.81257218063065
1964-02-09	-27.986020865139224
1964-02-10	-19.868435124065996
1964-02-11	17.485136496340456
1964-02-12	-8.051618996951733
1964-02-13	16.24751659920674
1964-02-14	1.0830180586319569
1964-02-15	-18.781775307849585
1964-02-16	-48.13879441801767
1964-02-17	-12.65817516198374
1964-02-18	-4.140635000952053
1964-02-19	10.661352631250253
1964-02-20	-30.555101140745734
1964-02-21	1.2153821219769811
1964-02-22	-30.213006656631503
1964-02-23	-25.34153885946287
1964-02-24	-24.70459327768584
1964-02-25	-8.015947404142217
1964-02-26	1.206572936875576
1964-02-27	-11.830308190100322
1964-02-28	-43.78852442419494
1964-02-29	17.659957076772812
1964-03-01	26.278422589468562
1964-03-02	12.629120731909675
1964-03-03	-18.66177960752422
1964-03-04	-2.901764997109203
1964-03-05	5.024171144849481
1964-03-06	-29.684218815036214
1964-03-07	-26.975275621645544
1964-03-08	20.921361681336084
1964-03-09	-28.86987189953282
1964-03-10	-14.489341966969409
1964-03-11	-3.0771183884950837
1964-03-12	4.02515007301255
1964-03-13	-1.084757809398323
1964-03-14	8.72474455921635
1964-03-15	39.038445854467504
1964-03-16	4.668645875077519
1964-03-17	7.4902868501058775
1964-03-18	53.08339413906391
1964-03-19	-33.821197612879494
1964-03-20	-16.135069047160766
1964-03-21	-8.982521313458793
1964-03-22	7.0534266245679955
1964-03-23	-6.292983132364665
1964-03-24	-36.32820766037052
1964-03-25	-21.613139065539304
1964-03-26	3.740232657846808
1964-03-27	64.50035912825507
1964-03-28	9.947307643388791
1964-03-29	-5.024403744546154
1964-03-30	-29.50925721534516
1964-03-31	16.98922599212535
1964-04-01	5.879211957363042
1964-04-02	-0.15293978450515744
1964-04-03	-7.872817210504744
1964-04-04	-39.286488941236875
1964-04-05	0.09108706713032266
1964-04-06	21.383255378036175
1964-04-07	13.423991977311676
1964-04-08	8.572185433557467
1964-04-09	29.52692475080096
1964-04-10	20.38802687440227
1964-04-11	16.04728321845255
1964-04-12	-12.131451895380064
1964-04-13	12.47603619615772
1964-04-14	12.76862626140509
1964-04-15	-16.35199446696042
1964-04-16	22.95862998046406
1964-04-17	-13.343624422572693
1964-04-18	17.057853875535933
1964-04-19	9.892025075074795
1964-04-20	13.192249119179056
1964-04-21	4.081555612977548
1964-04-22	0.9520640491630882
1964-04-23	-4.570290859057283
1964-04-24	11.59448111198582
1964-04-25	-27.35126751846233
1964-04-26	10.1700202967999
1964-04-27	-14.792796747277128
1964-04-28	-0.0572886051140693
1964-04-29	-54.863690131512044
1964-04-30	8.771545758740714
1964-05-01	29.641331223105716
1964-05-02	3.8169860229565646
1964-05-03	1.6813416824145029
1964-05-04	-34.974368481296096
1964-05-05	-4.980219291404253
1964-05-06	28.783636217446514
1964-05-07	-40.54971998972969
1964-05-08	-2.0414047791238827
1964-05-09	-2.953862770599854
1964-05-10	-18.40881411447622
1964-05-11	-4.094925844125792
1964-05-12	34.45721613618244
1964-05-13	-35.68136170588317
1964-05-14	-25.210730051359107
1964-05-15	0.8230112780973229
1964-05-16	-1.9191502800692437
1964-05-17	8.994271369114768
1964-05-18	-24.645772807402793
1964-05-19	-0.31132665672158666
1964-05-20	15.072039390468147
1964-05-21	8.350958731578132
1964-05-22	-8.343367973303547
1964-05-23	-11.558238660031682
1964-05-24	-14.720565537006209
1964-05-25	4.391792666901921
1964-05-26	29.000211208470397
1964-05-27	-4.37087527343682
1964-05-28	-15.000187867823012
1964-05-29	0.17748922298236147
1964-05-30	27.715104650319066
1964-05-31	-14.20257264528363
1964-06-01	-6.513455023724561
1964-06-02	14.334218829468155
1964-06-03	-10.630016558205256
1964-06-04	22.249668651302766
1964-06-05	7.310691395568335
1964-06-06	-27.568861607373563
1964-06-07	12.394515353804373
1964-06-08	-14.129305383037234
1964-06-09	23.606113706043065
1964-06-10	36.842631751717136
1964-06-11	6.038499663517248
1964-06-12	8.452022429084426
1964-06-13	27.057966266165423
1964-06-14	19.23678877381591
1964-06-15	-23.6386882481274
1964-06-16	-21.21567032946104
1964-06-17	-7.701790553950884
1964-06-18	6.159890729481815
1964-06-19	-32.96413244943683
1964-06-20	37.435366952102385
1964-06-21	24.455635242477967
1964-06-22	-12.300780318436734
1964-06-23	-23.524165265387538
1964-06-24	8.025580842522533
1964-06-25	23.27168529915763
1964-06-26	47.52394886478147
1964-06-27	15.823301105433284
1964-06-28	6.33001759088605
1964-06-29	15.474571171868577
1964-06-30	-27.23183370963022
1964-07-01	-5.831804246171459
1964-07-02	6.408360066073698
1964-07-03	-53.51186278423016
1964-07-04	14.284422831167817
1964-07-05	-24.734256886868504
1964-07-06	-6.4377451256529525
1964-07-07	47.395364941342436
1964-07-08	5.523625143633259
1964-07-09	-5.948105587858841
1964-07-10	-12.371501340029216
1964-07-11	-14.70354181521797
1964-07-12	-32.201055231645505
1964-07-13	11.148935717476256
1964-07-14	-9.922373955345215
1964-07-15	1.6912396598989914
1964-07-16	-9.783503882706114
1964-07-17	-20.49507350953319
1964-07-18	-28.17314597675946
1964-07-19	40.26617623020847
1964-07-20	-5.8144810460719665
1964-07-21	-2.1229125829020203
1964-07-22	-8.04468324485181
1964-07-23	13.724910384412356
1964-07-24	36.469089673413215
1964-07-25	9.342860339255072
1964-07-26	11.090275819839377
1964-07-27	61.51646359130102
1964-07-28	6.189510349848842
1964-07-29	-21.07985081098054
1964-07-30	8.569257997591306
1964-07-31	-8.538966375711858
1964-08-01	-7.760375433088456
1964-08-02	24.889993977450548
1964-08-03	9.500797583163319
1964-08-04	-11.193928959360747
1964-08-05	7.157775056428977
1964-08-06	9.074519228860002
1964-08-07	12.973707136497646
1964-08-08	-10.570100296720868
1964-08-09	9.958534819562212
1964-08-10	-13.834983926898506
1964-08-11	29.338635223776805
1964-08-12	16.08598269510096
1964-08-13	39.07795599302303
1964-08-14	-11.975815992659761
1964-08-15	-21.589115964822394
1964-08-16	-14.571555595889794
1964-08-17	-2.1500976940771706
1964-08-18	-17.167124193295628
1964-08-19	13.02716348777284
1964-08-20	-22.40377696965122
1964-08-21	25.096379464557778
1964-08-22	-18.134084329396202
1964-08-23	15.497157524898018
1964-08-24	25.86928275820008
1964-08-25	5.173703567365719
1964-08-26	-8.852200391446548
1964-08-27	-1.7103687537311603
1964-08-28	-14.235995280961424
1964-08-29	30.106331228665884
1964-08-30	-13.92520744048225
1964-08-31	6.499090468093418
1964-09-01	-7.778045079732866
1964-09-02	1.2638898057753323
1964-09-03	20.10869998055123
1964-09-04	-3.4614164772306486
1964-09-05	7.823924145499086
1964-09-06	16.911387272986776
1964-09-07	-11.21113858438618
1964-09-08	-20.45053803524103
1964-09-09	28.89326264769647
1964-09-10	-29.459623365285115
1964-09-11	-5.851368993513986
1964-09-12	9.896341271805849
1964-09-13	-28.248445248974747
1964-09-14	7.421784807732413
1964-09-15	26.55630522185285
1964-09-16	-3.5065716395640747
1964-09-17	2.8721859876103055
1964-09-18	-1.4853925585433105
1964-09-19	7.802870421435801
1964-09-20	3.452327807907091
1964-09-21	-9.780640230668489
1964-09-22	2.0628236156463693
1964-09-23	20.804427527962755
1964-09-24	-16.544902962928695
1964-09-25	10.821807250453103
1964-09-26	5.661929653429837
1964-09-27	-7.81605853545847
1964-09-28	13.629387204044153
1964-09-29	8.386484776263238
1964-09-30	-29.55463979725005
1964-10-01	-23.83622896048396
1964-10-02	-16.59728392792302
1964-10-03	15.098258455537401
1964-10-04	-16.30693867007903
1964-10-05	-21.955735469034718
1964-10-06	-25.634053315930526
1964-10-07	12.331081922266618
1964-10-08	54.372853414392495
1964-10-09	31.469644790842214
1964-10-10	11.006521059481493
1964-10-11	3.9032375676803825
1964-10-12	13.873272074495635
1964-10-13	-31.221943886795465
1964-10-14	20.295797398736617
1964-10-15	-4.040461289721946
1964-10-16	-9.434786218806117
1964-10-17	21.19960349827176
1964-10-18	-25.747923218394007
1964-10-19	8.951499286469833
1964-10-20	22.561678329819966
1964-10-21	9.624515120270912
1964-10-22	-2.134190052733997
1964-10-23	24.87137479671207
1964-10-24	25.727032860676946
1964-10-25	10.448258174664907
1964-10-26	-35.91866314660483
1964-10-27	17.5342874294875
1964-10-28	-3.4636164562166183
1964-10-29	-13.016836708129526
1964-10-30	-15.316510186078194
1964-10-31	-18.054741225867577
1964-11-01	57.80801219354453
1964-11-02	24.30511022421342
1964-11-03	22.892607318571127
1964-11-04	-14.651683338131482
1964-11-05	-7.532582103839763
1964-11-06	-14.062904178300466
1964-11-07	-16.199107209899115
1964-11-08	-4.003026199560131
1964-11-09	-7.679606891590092
1964-11-10	-17.468169092308546
1964-11-11	-12.461168896662542
1964-11-12	-19.336421797022055
1964-11-13	-30.081247689812802
1964-11-14	-1.1030719238612663
1964-11-15	-9.802196669422374
1964-11-16	39.30124627406614
1964-11-17	-28.833985670062376
1964-11-18	7.85492447798209
1964-11-19	-15.827805957946069
1964-11-20	-1.777132788942638
1964-11-21	-6.264855708751287
1964-11-22	6.8257977732535515
1964-11-23	-35.37119982861939
1964-11-24	2.3730910736724775
1964-11-25	6.288589038383422
1964-11-26	-7.095640805700288
1964-11-27	62.50590178633557
1964-11-28	5.184995822833017
1964-11-29	11.087477239004969
1964-11-30	-7.771001238860558
1964-12-01	-3.2802659684860798
1964-12-02	-1.6612728015144211
1964-12-03	-8.22307866350509
1964-12-04	10.190124146021995
1964-12-05	7.766133645143435
1964-12-06	40.945358263948926
1964-12-07	2.3712831521302338
1964-12-08	-1.6566257046053374
1964-12-09	-7.291363589024346
1964-12-10	25.7061649274855
1964-12-11	-11.473148193579823
1964-12-12	11.363121551206984
1964-12-13	-0.3424483074101303
1964-12-14	-15.325960679417786
1964-12-15	-26.53892359657134
1964-12-16	11.521871173758768
1964-12-17	-38.56724419496499
1964-12-18	-28.156763940281138
1964-12-19	6.407955893675423
1964-12-20	5.728099625534168
1964-12-21	14.074576100496177
1964-12-22	-15.84298598880233
1964-12-23	-20.100935582285157
1964-12-24	49.79961941257384
1964-12-25	-37.710618136764666
1964-12-26	-20.75600246434664
1964-12-27	-10.067882365832126
1964-12-28	28.121696239345273
1964-12-29	-23.961030004898667
1964-12-30	-0.8830901449571635
1964-12-31	19.477146652582206
1965-01-01	-8.21469132438631
1965-01-02	2.6704276411874215
1965-01-03	9.688921416793947
1965-01-04	-10.203149748827629
1965-01-05	-48.77559940375182
1965-01-06	14.947364574428597
1965-01-07	20.112974225226704
1965-01-08	-21.021098872953004
1965-01-09	5.951811376766439
1965-01-10	6.241369931892421
1965-01-11	-3.735047201779855
1965-01-12	-15.55390466579048
1965-01-13	22.313251311766372
1965-01-14	9.84195892383667
1965-01-15	-26.72166634766953
1965-01-16	9.745486616880845
1965-01-17	26.15460499828166
1965-01-18	-9.444621258695372
1965-01-19	-0.5061585278046326
1965-01-20	-6.385075183625429
1965-01-21	20.992650894900663
1965-01-22	56.783053139211496
1965-01-23	9.621149733761488
1965-01-24	-3.760566214153018
1965-01-25	5.331080368549075
1965-01-26	-15.883772349415189
1965-01-27	-8.455721197857502
1965-01-28	-29.250029288401322
1965-01-29	37.156718928436625
1965-01-30	-25.13169194800879
1965-01-31	37.716896143859316
1965-02-01	-0.3914725482362784
1965-02-02	-11.772546510373726
1965-02-03	-5.567169953761016
1965-02-04	-28.6668686083891
1965-02-05	8.443119330351587
1965-02-06	-5.455633136137903
1965-02-07	29.231671846542977
1965-02-08	57.74158382817471
1965-02-09	8.238639642615148
1965-02-10	-11.873485944567197
1965-02-11	0.1384326907578216
1965-02-12	-3.9693460374683562
1965-02-13	-5.093058298269437
1965-02-14	-6.532673022762766
1965-02-15	-61.225066130802006
1965-02-16	-32.31475172325826
1965-02-17	-21.857409440132688
1965-02-18	-12.368484660616414
1965-02-19	31.05253858553857
1965-02-20	-27.65069870460944
1965-02-21	1.7719271976958644
1965-02-22	27.722052889970534
1965-02-23	8.708784099397135
1965-02-24	-9.540455290329492
1965-02-25	30.565862534824188
1965-02-26	-35.86399836600335
1965-02-27	-22.47808715915906
1965-02-28	42.50267651685041
1965-03-01	44.17005789850633
1965-03-02	-12.186990396963884
1965-03-03	7.413959918668966
1965-03-04	10.640284662028547
1965-03-05	0.11618218962845672
1965-03-06	22.10387486795901
1965-03-07	39.81464546870591
1965-03-08	17.38235911578137
1965-03-09	-33.65803372404595
1965-03-10	-3.203306841847559
1965-03-11	13.792510399091434
1965-03-12	-7.839944799988011
1965-03-13	49.761361818382426
1965-03-14	-10.204402525013126
1965-03-15	0.9645167133052442
1965-03-16	-0.34373059029290776
1965-03-17	25.835464370718437
1965-03-18	38.216929820681436
1965-03-19	26.73387043608812
1965-03-20	-23.29780201099876
1965-03-21	14.96255778810644
1965-03-22	31.0905333105137
1965-03-23	-4.8097013887800015
1965-03-24	30.13521370104532
1965-03-25	-9.023077054561565
1965-03-26	14.165556615610472
1965-03-27	-11.366508258670263
1965-03-28	18.07601275374486
1965-03-29	-33.909280387238375
1965-03-30	14.952435191636894
1965-03-31	13.66755967712592
1965-04-01	46.17975760969448
1965-04-02	4.983288972632588
1965-04-03	-46.09109345450306
1965-04-04	-19.945018191266083
1965-04-05	-12.630161655105526
1965-04-06	10.634403522408684
1965-04-07	-44.099972570899624
1965-04-08	-2.530466407289185
1965-04-09	-11.173139330697941
1965-04-10	9.755566296322979
1965-04-11	-8.334743206018153
1965-04-12	-42.69553220808276
1965-04-13	13.635846309529894
1965-04-14	-9.151871363492738
1965-04-15	-15.62014443494062
1965-04-16	19.30242062432186
1965-04-17	-13.711176825647241
1965-04-18	-30.328498813866602
1965-04-19	16.139217202082
1965-04-20	11.636937613008442
1965-04-21	-3.605933943274252
1965-04-22	50.891434891453954
1965-04-23	-33.52371260692662
1965-04-24	-20.35541082101684
1965-04-25	35.43837381450888
1965-04-26	10.69692921273858
1965-04-27	24.875467737791006
1965-04-28	-6.111614906912124
1965-04-29	-8.659268904622463
1965-04-30	0.8217958192568404
1965-05-01	24.139707901390096
1965-05-02	20.54162776610943
1965-05-03	-9.185604433212912
1965-05-04	-16.723202723569496
1965-05-05	-0.12217680100106487
1965-05-06	7.816989497031567
1965-05-07	19.808287547072577
1965-05-08	11.182182537371517
1965-05-09	49.05132627255524
1965-05-10	27.4714021937606
1965-05-11	-2.6870623168955765
1965-05-12	-3.781515938845974
1965-05-13	-43.817633187139045
1965-05-14	24.937426378874473
1965-05-15	14.838603473953668
1965-05-16	-21.332025924835747
1965-05-17	-5.056875179922405
1965-05-18	18.028495369786725
1965-05-19	-21.77343810554891
1965-05-20	-0.5226869802534686
1965-05-21	5.851308739959068
1965-05-22	-11.64281180282593
1965-05-23	-16.46617947503917
1965-05-24	26.01365888904447
1965-05-25	-12.785324804681064
1965-05-26	-2.382537999273672
1965-05-27	-16.209396419187474
1965-05-28	23.889383075505506
1965-05-29	-18.919452939482362
1965-05-30	-22.91789066470066
1965-05-31	14.37743402701627
1965-06-01	13.74850395287515
1965-06-02	11.589337886361841
1965-06-03	-1.3456978557083448
1965-06-04	22.156169178765822
1965-06-05	19.958278891273714
1965-06-06	-14.58305339117712
1965-06-07	24.742664032363425
1965-06-08	-11.316472824577888
1965-06-09	8.940651109182104
1965-06-10	-50.460901951053096
1965-06-11	-24.532483748466323
1965-06-12	-17.539678885439248
1965-06-13	-16.576602174294077
1965-06-14	3.2770455763721573
1965-06-15	-9.741920932716376
1965-06-16	5.035253304675435
1965-06-17	3.914846332732778
1965-06-18	-36.5647810199198
1965-06-19	-46.48864125741757
1965-06-20	-35.80183099943387
1965-06-21	5.229598158928077
1965-06-22	20.683904729110225
1965-06-23	-14.118054701433438
1965-06-24	6.648358685802135
1965-06-25	16.14818019439073
1965-06-26	-15.523557630884262
1965-06-27	-16.156540190732667
1965-06-28	15.027303323136618
1965-06-29	7.311165376321241
1965-06-30	-8.765121540250098
1965-07-01	-8.198889966184218
1965-07-02	-40.22229484565586
1965-07-03	20.503321152558517
1965-07-04	23.656760217171584
1965-07-05	14.845003584702367
1965-07-06	31.924331916648754
1965-07-07	1.0180502256919413
1965-07-08	-18.713017212528275
1965-07-09	-15.713624364645252
1965-07-10	-20.27903322458283
1965-07-11	-34.619217734053706
1965-07-12	23.794162926276126
1965-07-13	-12.073411470922853
1965-07-14	11.434879195802017
1965-07-15	27.525774741389522
1965-07-16	14.725338647690773
1965-07-17	-4.264776867238387
1965-07-18	-10.988629311466788
1965-07-19	-4.314803284469188
1965-07-20	-4.280618390935717
1965-07-21	-4.449373190120024
1965-07-22	12.752065618475617
1965-07-23	-1.6052777215112328
1965-07-24	2.960639513878583
1965-07-25	-7.802091118117309
1965-07-26	-16.59272651277806
1965-07-27	-32.71685678098808
1965-07-28	-9.547995897285688
1965-07-29	15.963271233662661
1965-07-30	14.691101514739431
1965-07-31	-23.58381163511578
1965-08-01	-13.0342093316868
1965-08-02	8.601175133006398
1965-08-03	-26.861836703338962
1965-08-04	7.656279687320896
1965-08-05	8.343353642142375
1965-08-06	-14.80114481393142
1965-08-07	6.27153104923372
1965-08-08	-6.132481093033505
1965-08-09	-18.941496407937297
1965-08-10	-33.575321587147194
1965-08-11	-11.2642041962432
1965-08-12	2.61536890852351
1965-08-13	3.3544904081793625
1965-08-14	13.566489652008205
1965-08-15	-30.827711543711334
1965-08-16	40.562201379808606
1965-08-17	10.167921197449061
1965-08-18	-30.94037081060668
1965-08-19	8.651545967078249
1965-08-20	-39.116321939303766
1965-08-21	12.344659471683967
1965-08-22	4.241340535328769
1965-08-23	-13.047532577011498
1965-08-24	-4.351705078041335
1965-08-25	3.2566501538595025
1965-08-26	19.130536101105946
1965-08-27	-13.495102175270873
1965-08-28	-51.83410462572657
1965-08-29	21.59047967685213
1965-08-30	22.35893395356132
1965-08-31	30.78034362982379
1965-09-01	27.453960140037974
1965-09-02	18.139766325637524
1965-09-03	-25.991259489734702
1965-09-04	7.749501325492939
1965-09-05	34.829971167044356
1965-09-06	-10.255244811214219
1965-09-07	4.550701642672756
1965-09-08	-21.92946691965354
1965-09-09	-13.277198476294876
1965-09-10	65.04996673962374
1965-09-11	-16.332409114980837
1965-09-12	-22.071306056875486
1965-09-13	10.901204955010773
1965-09-14	-19.635730532618084
1965-09-15	4.769743134768345
1965-09-16	-7.4625286458538636
1965-09-17	-11.963789573529958
1965-09-18	2.974110751947207
1965-09-19	-39.61018238625845
1965-09-20	35.97317963377878
1965-09-21	16.701053571768803
1965-09-22	11.358575588864065
1965-09-23	-17.897248358851805
1965-09-24	-14.906774148927814
1965-09-25	-0.9153164919365813
1965-09-26	7.273847057997059
1965-09-27	-6.657460821961446
1965-09-28	-24.34859145635013
1965-09-29	-24.879052477063723
1965-09-30	-14.770858765376843
1965-10-01	21.286969415217524
1965-10-02	0.6958667965880547
1965-10-03	0.2795764697239762
1965-10-04	46.1273826604964
1965-10-05	42.98022833145246
1965-10-06	13.655930546079848
1965-10-07	0.44969742064149054
1965-10-08	16.2735493421635
1965-10-09	-5.092590061432018
1965-10-10	17.36325141961814
1965-10-11	6.157160469548654
1965-10-12	-23.160432104706167
1965-10-13	-24.692809131225193
1965-10-14	-51.01855961102223
1965-10-15	-8.383787392936856
1965-10-16	27.071194829270468
1965-10-17	-20.698045438395685
1965-10-18	25.14316037470773
1965-10-19	-49.42489068123335
1965-10-20	36.30980776269268
1965-10-21	11.083154235698611
1965-10-22	13.609298082619505
1965-10-23	-28.796390913665483
1965-10-24	-21.5431702242958
1965-10-25	3.2513901146089257
1965-10-26	61.42645586847039
1965-10-27	-11.268116513480017
1965-10-28	-8.975956788735113
1965-10-29	17.903731720778712
1965-10-30	12.984430052953458
1965-10-31	17.288354720548362
1965-11-01	20.82962838792766
1965-11-02	-28.07860151542959
1965-11-03	1.6687550932704658
1965-11-04	-31.3160909160083
1965-11-05	0.023106484006329864
1965-11-06	26.76940327471892
1965-11-07	-5.94603066721158
1965-11-08	-28.29232167393108
1965-11-09	26.506361786940253
1965-11-10	-28.502460704684704
1965-11-11	-27.713034015184473
1965-11-12	-30.05812801538445
1965-11-13	-3.3768695033962297
1965-11-14	-3.362067947179164
1965-11-15	16.821201177942026
1965-11-16	44.18060006061571
1965-11-17	-24.244291962893914
1965-11-18	-2.06173992276028
1965-11-19	32.82131295837518
1965-11-20	1.5099719891528656
1965-11-21	40.33054663109919
1965-11-22	16.68167595107577
1965-11-23	-2.9868535594102674
1965-11-24	15.806386171696946
1965-11-25	-2.406503793042483
1965-11-26	-12.088488750044034
1965-11-27	27.718626144297946
1965-11-28	-3.5072156238027503
1965-11-29	-25.212415766068613
1965-11-30	-20.859954855419033
1965-12-01	37.80364101884438
1965-12-02	9.338013409214929
1965-12-03	-3.14042425127583
1965-12-04	9.178233268388611
1965-12-05	3.410330657037025
1965-12-06	34.38248445443103
1965-12-07	-5.863939122910343
1965-12-08	-33.22059100151707
1965-12-09	-37.92326691881538
1965-12-10	3.081195893715405
1965-12-11	18.491967465075277
1965-12-12	-17.512478607538757
1965-12-13	-2.9043081460894298
1965-12-14	23.37353273028295
1965-12-15	-25.327355768937885
1965-12-16	-10.862821999792567
1965-12-17	-19.863464632663664
1965-12-18	-42.05478410164532
1965-12-19	-4.057793058394289
1965-12-20	51.49402590008878
1965-12-21	-18.239028407385277
1965-12-22	2.7171612420915814
1965-12-23	4.7449388439500115
1965-12-24	-26.645910083038828
1965-12-25	-9.483611653373321
1965-12-26	-44.79078089705548
1965-12-27	-64.44339006388249
1965-12-28	-37.669608274805576
1965-12-29	8.80640542449307
1965-12-30	-44.769780434805014
1965-12-31	34.949869376662306
1966-01-01	-12.01939263573609
1966-01-02	-7.369812746235626
1966-01-03	17.233378443110915
1966-01-04	-4.021902748496908
1966-01-05	11.041258783538261
1966-01-06	-59.163252099250876
1966-01-07	-17.514641111422034
1966-01-08	-14.250011097172154
1966-01-09	38.69092256371794
1966-01-10	26.30168300458481
1966-01-11	-3.5166038069617773
1966-01-12	-4.896783079455803
1966-01-13	-37.48609703648462
1966-01-14	3.2050713056949034
1966-01-15	17.88429381218517
1966-01-16	6.862968663504719
1966-01-17	42.510091808644376
1966-01-18	45.90233398441179
1966-01-19	-3.269370811285473
1966-01-20	12.954839101309037
1966-01-21	-0.27387999841625454
1966-01-22	-13.49046855159344
1966-01-23	3.2319496976925786
1966-01-24	3.062443702639417
1966-01-25	-11.197388943087105
1966-01-26	12.951924209378955
1966-01-27	8.67128485845615
1966-01-28	-1.1565959019448806
1966-01-29	15.004348256847873
1966-01-30	-34.113593830240724
1966-01-31	-5.0864185838245906
1966-02-01	-2.1093863218675333
1966-02-02	43.514678243986964
1966-02-03	0.3926497409760906
1966-02-04	15.840536508939431
1966-02-05	4.619333447841199
1966-02-06	26.741125992433084
1966-02-07	8.689802843860923
1966-02-08	5.6191251479228255
1966-02-09	-29.947622113161454
1966-02-10	20.499165136653325
1966-02-11	1.2258499543688883
1966-02-12	15.559204005966748
1966-02-13	13.381856200689228
1966-02-14	-5.102544698036197
1966-02-15	32.75935765086813
1966-02-16	-32.27737591815715
1966-02-17	27.77685893838372
1966-02-18	-29.231761384567186
1966-02-19	-32.05900316332914
1966-02-20	-14.142352842764533
1966-02-21	-43.52151867207974
1966-02-22	-31.64867420355653
1966-02-23	-23.281319034518287
1966-02-24	-4.867788825537784
1966-02-25	-11.996219249109968
1966-02-26	-3.571833248093631
1966-02-27	22.69702438107264
1966-02-28	-23.109106880426218
1966-03-01	-27.31225834197264
1966-03-02	7.402370435252842
1966-03-03	9.399347054059758
1966-03-04	-36.80433253281739
1966-03-05	-17.560010732260256
1966-03-06	13.6463087347559
1966-03-07	12.196470167884375
1966-03-08	-0.42573984967748
1966-03-09	-4.254944352194784
1966-03-10	29.89188905690984
1966-03-11	10.074411978403056
1966-03-12	5.156707756009665
1966-03-13	-31.403601717565316
1966-03-14	33.3021318911162
1966-03-15	5.151252464810183
1966-03-16	-7.570614466324047
1966-03-17	23.57118705064212
1966-03-18	11.065527978073463
1966-03-19	-10.172108921696402
1966-03-20	20.768240332431752
1966-03-21	-14.729974776976048
1966-03-22	12.968318145205183
1966-03-23	29.55243697256263
1966-03-24	-22.78822135871623
1966-03-25	18.827539586358615
1966-03-26	-0.02661331441313375
1966-03-27	3.6426598895953353
1966-03-28	-21.91441486692432
1966-03-29	21.516248026006682
1966-03-30	-38.21931811444744
1966-03-31	-15.990655945850325
1966-04-01	-20.59746029437588
1966-04-02	-41.94513891337372
1966-04-03	-38.77934932216572
1966-04-04	6.30197248268222
1966-04-05	2.8664094528092043
1966-04-06	-9.579340183665904
1966-04-07	-31.2196913213292
1966-04-08	-18.58465289601968
1966-04-09	11.140119826352548
1966-04-10	-11.093154862380072
1966-04-11	-24.981017880014445
1966-04-12	10.211678124796267
1966-04-13	-11.439953674991985
1966-04-14	-8.952671842814631
1966-04-15	-0.23212381717365682
1966-04-16	11.457742935817246
1966-04-17	-8.986101471844634
1966-04-18	3.5581931984478974
1966-04-19	-16.9385633349055
1966-04-20	16.050672387231735
1966-04-21	0.20554549856541493
1966-04-22	-1.3278931047986624
1966-04-23	2.0969089016775646
1966-04-24	-0.44511760647795473
1966-04-25	-4.609558470240664
1966-04-26	-5.224255847297185
1966-04-27	10.619345994159394
1966-04-28	19.543092499919123
1966-04-29	25.456393543638953
1966-04-30	12.350724440784763
1966-05-01	6.2759512560296065
1966-05-02	-7.602896931434268
1966-05-03	-14.543187101380525
1966-05-04	-11.924731844207615
1966-05-05	-30.50380098703751
1966-05-06	16.33270048886637
1966-05-07	-14.468432942608842
1966-05-08	4.262813361639491
1966-05-09	-29.518176276280045
1966-05-10	16.58215383058853
1966-05-11	0.4767527303110183
1966-05-12	1.3550333056333115
1966-05-13	-1.276929252355128
1966-05-14	0.3707717270171462
1966-05-15	-17.61125180802655
1966-05-16	-16.377840760309564
1966-05-17	-14.724221417291115
1966-05-18	4.164217302501585
1966-05-19	18.219814072684834
1966-05-20	40.81870248912383
1966-05-21	-22.749479808783892
1966-05-22	37.738844302584496
1966-05-23	-19.485002659229778
1966-05-24	4.42841669246563
1966-05-25	0.7940020063735155
1966-05-26	16.221491346658656
1966-05-27	8.177366120056714
1966-05-28	-17.058106529352767
1966-05-29	-22.730615074823497
1966-05-30	27.366421024248197
1966-05-31	8.547088610105668
1966-06-01	10.272974434239352
1966-06-02	14.74788091901725
1966-06-03	24.139903058564762
1966-06-04	18.58605167798161
1966-06-05	16.47169725866293
1966-06-06	-42.20428553088073
1966-06-07	17.239281464117
1966-06-08	29.217014172479345
1966-06-09	-10.995890126079603
1966-06-10	-27.52976250667355
1966-06-11	-0.6283365144971411
1966-06-12	-0.37530488942465845
1966-06-13	-13.93466421041207
1966-06-14	31.02202190775902
1966-06-15	-31.41607834943379
1966-06-16	38.84621294788194
1966-06-17	26.60330615639579
1966-06-18	14.977514192160875
1966-06-19	-9.117558273366988
1966-06-20	7.055365791796942
1966-06-21	-10.54246629323612
1966-06-22	-38.2563779224676
1966-06-23	7.056725267367096
1966-06-24	-4.8180649310512615
1966-06-25	-7.19859109513199
1966-06-26	-47.79779489208126
1966-06-27	-17.191718486775518
1966-06-28	11.350914545959952
1966-06-29	-20.557470960602213
1966-06-30	7.033573720983991
1966-07-01	-3.4300338372631582
1966-07-02	-29.475129173994738
1966-07-03	-9.471423651390023
1966-07-04	24.511094228070245
1966-07-05	-16.993250831726176
1966-07-06	30.173237984324693
1966-07-07	20.916810614426467
1966-07-08	36.430731265922155
1966-07-09	-2.6248542261752474
1966-07-10	14.906692731188196
1966-07-11	26.306344733154784
1966-07-12	-0.13080365990806953
1966-07-13	8.77945107643734
1966-07-14	-17.848263351615216
1966-07-15	-15.504736702679597
1966-07-16	17.954293239040524
1966-07-17	20.470570097336722
1966-07-18	-42.103457034949514
1966-07-19	0.7195446712318787
1966-07-20	-42.440043600318916
1966-07-21	-24.158303210089
1966-07-22	-21.62993358586591
1966-07-23	-2.6879794414840354
1966-07-24	-12.826327939545429
1966-07-25	47.61864385278726
1966-07-26	0.39618778211470096
1966-07-27	4.69925902172368
1966-07-28	-7.786872665198262
1966-07-29	8.620115123205796
1966-07-30	-16.33161125905902
1966-07-31	-11.182995661049288
1966-08-01	17.1265376778216
1966-08-02	17.36346369744931
1966-08-03	5.881669206064386
1966-08-04	-12.216006817901032
1966-08-05	-9.813998975044031
1966-08-06	3.536357880060927
1966-08-07	28.1615623336391
1966-08-08	-9.784621391287507
1966-08-09	10.289472688669198
1966-08-10	-26.121211705422823
1966-08-11	5.616525765068145
1966-08-12	3.980894416086346
1966-08-13	8.86105971660861
1966-08-14	16.70940206432285
1966-08-15	-34.111617336071994
1966-08-16	-21.90020752004906
1966-08-17	-36.75231866029316
1966-08-18	19.080328928542766
1966-08-19	-24.902489359015092
1966-08-20	23.35726524148586
1966-08-21	-12.563902518845625
1966-08-22	2.2005807792266303
1966-08-23	41.48500846352618
1966-08-24	-38.90032876628953
1966-08-25	-16.938103873828098
1966-08-26	28.428148296271658
1966-08-27	-0.9917070684741272
1966-08-28	20.691589183149997
1966-08-29	2.9085708072137626
1966-08-30	15.177356953313208
1966-08-31	38.169125294396146
1966-09-01	14.238562696206834
1966-09-02	24.947644160465323
1966-09-03	-12.26636744792355
1966-09-04	26.024318913918776
1966-09-05	29.205026806153548
1966-09-06	5.43344756581432
1966-09-07	-1.4464623449629783
1966-09-08	-21.790111740209163
1966-09-09	-28.709430470916644
1966-09-10	-5.499156135253965
1966-09-11	-6.024618785722008
1966-09-12	17.19411222601598
1966-09-13	-2.2516633726435353
1966-09-14	2.082269192342456
1966-09-15	10.881014825873098
1966-09-16	40.64332134828687
1966-09-17	-9.70912006727829
1966-09-18	-31.237462364086092
1966-09-19	-5.544920128649685
1966-09-20	6.537627067758324
1966-09-21	-0.16722211506598406
1966-09-22	3.881370442009385
1966-09-23	16.38016866766496
1966-09-24	30.960030261294047
1966-09-25	-23.854015677766938
1966-09-26	23.62369626933848
1966-09-27	-13.507667901761357
1966-09-28	3.2667813641050625
1966-09-29	15.866684574178525
1966-09-30	26.641300442670556
1966-10-01	-24.425442393370716
1966-10-02	-4.67138201179337
1966-10-03	6.261776052510157
1966-10-04	49.37653405755813
1966-10-05	-12.470151542778524
1966-10-06	26.498702042488414
1966-10-07	-5.461313891236168
1966-10-08	29.583062744570384
1966-10-09	40.42171902736502
1966-10-10	13.513683838332732
1966-10-11	22.691758248692643
1966-10-12	34.44442625035987
1966-10-13	-4.141039544062582
1966-10-14	14.032561645653788
1966-10-15	9.94587523271193
1966-10-16	44.11198137373582
1966-10-17	1.8137610460106892
1966-10-18	-20.719458891784708
1966-10-19	58.69782619136928
1966-10-20	19.596531376264515
1966-10-21	8.007499009652205
1966-10-22	6.7031475784523
1966-10-23	-24.578735920413234
1966-10-24	2.47882525965399
1966-10-25	-3.2436072761196355
1966-10-26	-2.0884382378520616
1966-10-27	11.765767207682547
1966-10-28	-12.146656077715178
1966-10-29	-10.597432382527952
1966-10-30	-16.423135569879985
1966-10-31	7.3982267249546965
1966-11-01	25.11706145993952
1966-11-02	9.820406760769064
1966-11-03	-22.00001793562268
1966-11-04	-0.47208672337876467
1966-11-05	-24.89664629162817
1966-11-06	-2.9376338310619827
1966-11-07	-24.63665090154468
1966-11-08	-60.800608692689856
1966-11-09	21.543861456572756
1966-11-10	-13.783345528663224
1966-11-11	-5.7662315046818975
1966-11-12	-24.982336049086733
1966-11-13	-43.53360750614562
1966-11-14	13.666022376523713
1966-11-15	16.832516058933308
1966-11-16	-7.458251728840381
1966-11-17	-10.290067450165928
1966-11-18	33.48584880892441
1966-11-19	-13.931362298386858
1966-11-20	34.493094156885654
1966-11-21	0.2935896544129417
1966-11-22	54.28062039792727
1966-11-23	-22.041502874574203
1966-11-24	-4.01187335610531
1966-11-25	-12.470317733504144
1966-11-26	25.61910597186835
1966-11-27	-4.3696377086306075
1966-11-28	-27.778978971368705
1966-11-29	-3.996225389887729
1966-11-30	-26.212194341291735
1966-12-01	14.466494727071636
1966-12-02	9.131497893712385
1966-12-03	-2.6242292530199203
1966-12-04	-6.756285829564348
1966-12-05	-20.13466137841859
1966-12-06	-22.6803579986145
1966-12-07	24.31710928584983
1966-12-08	-6.050168290158801
1966-12-09	-52.09125994831894
1966-12-10	-45.79970924205721
1966-12-11	-18.35733543891262
1966-12-12	27.27278684005334
1966-12-13	25.507814148329516
1966-12-14	-8.334491458029847
1966-12-15	-17.85034169192493
1966-12-16	13.500329703484406
1966-12-17	-20.184001804147314
1966-12-18	14.422736775724706
1966-12-19	-28.388481777949085
1966-12-20	17.930781688719875
1966-12-21	24.745822304535682
1966-12-22	-21.502990993708202
1966-12-23	4.750859236144544
1966-12-24	-0.6402677369306695
1966-12-25	-10.660294765470505
1966-12-26	33.02369631651693
1966-12-27	-38.696524143709425
1966-12-28	-16.84369527312783
1966-12-29	12.337488264096342
1966-12-30	8.727413457338102
1966-12-31	-2.4638266710174923
1967-01-01	24.977226053725335
1967-01-02	21.005047909190107
1967-01-03	-4.92730866835695
1967-01-04	-19.69601982335891
1967-01-05	29.268850364511934
1967-01-06	14.687033444665555
1967-01-07	2.112015253871653
1967-01-08	-22.843331973182668
1967-01-09	-9.534897166378498
1967-01-10	13.475253305603001
1967-01-11	29.075645155305054
1967-01-12	-13.297259265659656
1967-01-13	3.3263288582991555
1967-01-14	13.895978668836262
1967-01-15	-0.27554695039331945
1967-01-16	-13.574947652179759
1967-01-17	-28.256762642384285
1967-01-18	-15.45675353011065
1967-01-19	-8.322345656172756
1967-01-20	0.03197878237227714
1967-01-21	-35.39460385859755
1967-01-22	-11.61504699425425
1967-01-23	-17.034453611730125
1967-01-24	15.967332170262408
1967-01-25	25.44436017864435
1967-01-26	-21.412530137778848
1967-01-27	-36.15804285845229
1967-01-28	-0.4627630236266349
1967-01-29	29.731746436130216
1967-01-30	-18.25398112877107
1967-01-31	23.597584103883268
1967-02-01	11.809267476005068
1967-02-02	-21.98601858236465
1967-02-03	11.192746796214587
1967-02-04	29.291591616609146
1967-02-05	-33.35722570659452
1967-02-06	-3.6226500562907944
1967-02-07	21.256422893028436
1967-02-08	-42.39425834100126
1967-02-09	-7.103937226170222
1967-02-10	-21.474455570938172
1967-02-11	-14.832478377450869
1967-02-12	8.286839640241348
1967-02-13	24.90599342396954
1967-02-14	18.869049636094765
1967-02-15	-20.835567080343573
1967-02-16	6.581747301467861
1967-02-17	6.709338684259856
1967-02-18	-1.2247088606092806
1967-02-19	36.37400776370586
1967-02-20	40.10134584277228
1967-02-21	-45.35790177536821
1967-02-22	20.82333012727812
1967-02-23	26.55830975236835
1967-02-24	-8.15296043829754
1967-02-25	12.83036510332899
1967-02-26	0.7474208948247114
1967-02-27	29.98672637977684
1967-02-28	14.06716065797631
1967-03-01	-35.76241745422497
1967-03-02	-1.4139547151438803
1967-03-03	25.567208984361727
1967-03-04	31.004624155874716
1967-03-05	-15.638161284461606
1967-03-06	-15.226917183460081
1967-03-07	-22.710458902536217
1967-03-08	-18.963277816135
1967-03-09	0.45626681277395253
1967-03-10	-42.18797865160149
1967-03-11	0.6110608880021227
1967-03-12	-26.200020386662565
1967-03-13	1.0596308413260977
1967-03-14	-24.397289099894692
1967-03-15	23.31886786099121
1967-03-16	3.8942694025798357
1967-03-17	0.4686215472967268
1967-03-18	6.972931129582901
1967-03-19	-34.257197748038344
1967-03-20	10.186980915910793
1967-03-21	-31.807649219681473
1967-03-22	3.825489887365679
1967-03-23	22.25060421133968
1967-03-24	19.46652458803545
1967-03-25	41.804264809365115
1967-03-26	-9.27032058317928
1967-03-27	19.178432334671477
1967-03-28	-42.12324252475767
1967-03-29	24.303461636194417
1967-03-30	-0.4183488929343009
1967-03-31	-7.919581273607799
1967-04-01	-42.77639754242373
1967-04-02	-31.64689419646583
1967-04-03	-16.025402075741795
1967-04-04	-10.469401524463889
1967-04-05	-9.755826578068463
1967-04-06	-42.27331478142759
1967-04-07	0.5724370440868923
1967-04-08	-4.727010471881801
1967-04-09	3.4530432446853574
1967-04-10	-23.445549388444782
1967-04-11	-28.378592808013096
1967-04-12	21.825959120208307
1967-04-13	-2.656724206212898
1967-04-14	-8.230202123449008
1967-04-15	-22.77942155862483
1967-04-16	-1.0464491352145957
1967-04-17	-10.52529649909204
1967-04-18	42.570212238963194
1967-04-19	16.870953921620487
1967-04-20	49.26599825181284
1967-04-21	-42.111430419093104
1967-04-22	15.539062647535909
1967-04-23	1.830087351569043
1967-04-24	2.895241575962331
1967-04-25	-59.189229626739575
1967-04-26	-37.71173591728831
1967-04-27	-12.20826330965398
1967-04-28	-0.4488520925456563
1967-04-29	15.826788185736099
1967-04-30	9.996546348780152
1967-05-01	0.3306928242465478
1967-05-02	15.493274119212561
1967-05-03	20.84984280316665
1967-05-04	18.91063309020585
1967-05-05	-10.911079748932332
1967-05-06	2.9923648398154454
1967-05-07	1.591294339662622
1967-05-08	-12.950690698344717
1967-05-09	25.486001738286294
1967-05-10	4.8966743158437795
1967-05-11	-16.13953430100473
1967-05-12	-32.833339906086785
1967-05-13	-33.818260477045044
1967-05-14	-33.23736281564919
1967-05-15	-23.653360937218906
1967-05-16	-9.535000008683772
1967-05-17	4.09103215083819
1967-05-18	20.437651244965018
1967-05-19	25.98112354224316
1967-05-20	-25.168297562686703
1967-05-21	34.86916683851626
1967-05-22	-18.668428132096423
1967-05-23	11.453242571835492
1967-05-24	36.36148514200903
1967-05-25	7.972175780242862
1967-05-26	21.35698823345455
1967-05-27	-2.713686032642971
1967-05-28	-5.237258814980016
1967-05-29	-52.140364433803576
1967-05-30	-2.3073414724892736
1967-05-31	-20.61530124887881
1967-06-01	0.9197615262210372
1967-06-02	-7.779867425449307
1967-06-03	-53.01114598605345
1967-06-04	-18.430514830788155
1967-06-05	4.187015394964496
1967-06-06	-12.116147300101714
1967-06-07	-14.394177884078685
1967-06-08	19.605833473025086
1967-06-09	0.8912600463016582
1967-06-10	22.690477939867847
1967-06-11	-4.81058133297195
1967-06-12	2.1980186702660314
1967-06-13	0.1862267896297376
1967-06-14	24.919660388026266
1967-06-15	10.092549316090992
1967-06-16	-5.0571113096886
1967-06-17	0.9465055273677846
1967-06-18	20.66635250523473
1967-06-19	-5.303524227903865
1967-06-20	29.023535733904414
1967-06-21	-17.427543302229648
1967-06-22	18.901333558271613
1967-06-23	-13.437952162134112
1967-06-24	5.219745360174929
1967-06-25	-11.550900892871477
1967-06-26	-6.681555286323002
1967-06-27	-14.912623143042762
1967-06-28	-12.484725290446958
1967-06-29	-13.416045884463747
1967-06-30	-44.4998734867433
1967-07-01	45.844551088273725
1967-07-02	24.477467711693137
1967-07-03	9.275957825799933
1967-07-04	-15.886902351459955
1967-07-05	45.28426478606763
1967-07-06	30.68000927278478
1967-07-07	34.018705396479454
1967-07-08	1.6687731932504624
1967-07-09	-28.956644019142924
1967-07-10	-36.219265030571066
1967-07-11	-19.947631179012618
1967-07-12	15.580810721981544
1967-07-13	33.40323979310835
1967-07-14	-1.9190063990933426
1967-07-15	7.543751614993023
1967-07-16	30.721459059216855
1967-07-17	23.6757669375296
1967-07-18	31.06158104117364
1967-07-19	-3.547972057111945
1967-07-20	-9.550487024531751
1967-07-21	15.04836736161786
1967-07-22	-24.129456142454824
1967-07-23	6.528639912299932
1967-07-24	0.2457587872078898
1967-07-25	54.473433057641365
1967-07-26	14.937865644010435
1967-07-27	-0.13303070821427831
1967-07-28	-9.349630261927828
1967-07-29	20.683851650801568
1967-07-30	17.24738119745416
1967-07-31	-7.106993269810651
1967-08-01	33.56390094359587
1967-08-02	44.492457964932505
1967-08-03	2.73587556515259
1967-08-04	27.574207216234296
1967-08-05	-3.3428062298271293
1967-08-06	15.106892994919063
1967-08-07	-23.47484702366928
1967-08-08	7.710964439185254
1967-08-09	3.521333984895281
1967-08-10	-13.452371643907213
1967-08-11	-6.625669570736348
1967-08-12	-23.52006168308926
1967-08-13	4.781009289912006
1967-08-14	-0.6805679458866203
1967-08-15	-15.713347983311703
1967-08-16	-0.5871439393995392
1967-08-17	-13.562549896675844
1967-08-18	12.365989362464747
1967-08-19	56.89676044166684
1967-08-20	-7.815136458646144
1967-08-21	19.798180810237643
1967-08-22	-11.298184466566505
1967-08-23	-36.70747055821437
1967-08-24	-4.7970135844202515
1967-08-25	41.7267000943404
1967-08-26	-17.680036312726894
1967-08-27	5.970480304746082
1967-08-28	7.539338692286045
1967-08-29	38.7064030698872
1967-08-30	4.828880042383987
1967-08-31	-5.530312675481884
1967-09-01	-2.997851094691721
1967-09-02	0.0933598917171562
1967-09-03	-6.117639922649961
1967-09-04	-3.742788364051143
1967-09-05	-36.2344868130669
1967-09-06	-25.797624199213654
1967-09-07	23.738813939694168
1967-09-08	-6.578034222026964
1967-09-09	15.84726746171197
1967-09-10	-7.881883364781444
1967-09-11	-20.54639805365547
1967-09-12	3.8605715031774164
1967-09-13	-13.408895331453783
1967-09-14	-12.024746460124472
1967-09-15	9.34342653843608
1967-09-16	-7.628634101362209
1967-09-17	-1.4300808721126888
1967-09-18	-39.96215102389679
1967-09-19	-15.083646951624637
1967-09-20	-12.666486171607245
1967-09-21	26.609538654027954
1967-09-22	4.661503847918619
1967-09-23	18.923271139926598
1967-09-24	12.871474333166294
1967-09-25	-41.71634711488159
1967-09-26	-18.52309528200717
1967-09-27	-34.060995149808626
1967-09-28	-18.38361804909874
1967-09-29	-20.2122523619603
1967-09-30	28.681439749461596
1967-10-01	-3.2659037576376493
1967-10-02	-38.121969617242506
1967-10-03	-0.265127352599418
1967-10-04	3.0284002552629588
1967-10-05	-21.831147430078463
1967-10-06	17.339880656454465
1967-10-07	10.26899677986999
1967-10-08	2.891292482724703
1967-10-09	28.56776137080489
1967-10-10	-1.1714947109340763
1967-10-11	2.6029573036858658
1967-10-12	11.1636445745711
1967-10-13	38.578224516627955
1967-10-14	-24.208188951816485
1967-10-15	-10.24089107797157
1967-10-16	10.035204875828644
1967-10-17	-13.342255360298415
1967-10-18	4.72990694946348
1967-10-19	-3.57641824215375
1967-10-20	-46.62257922647923
1967-10-21	-7.653107965025841
1967-10-22	6.813849973395034
1967-10-23	40.108611276124236
1967-10-24	-9.374720827610206
1967-10-25	85.232684278525
1967-10-26	7.205243143519336
1967-10-27	-30.15060730379596
1967-10-28	13.979295357682314
1967-10-29	15.332254775740145
1967-10-30	-34.27656312847956
1967-10-31	-29.64544678689772
1967-11-01	-10.859585963060443
1967-11-02	20.664176762627896
1967-11-03	14.54607653440034
1967-11-04	-4.756053688228607
1967-11-05	-6.2606310048225025
1967-11-06	-1.879143946239519
1967-11-07	-1.4580954427649393
1967-11-08	28.486193423438838
1967-11-09	-15.78682478433413
1967-11-10	-2.5900368627478896
1967-11-11	-3.9703553057200196
1967-11-12	-26.33845169955057
1967-11-13	-23.19587869201783
1967-11-14	2.6022214885896187
1967-11-15	8.00647745487864
1967-11-16	32.0645017468993
1967-11-17	22.995665016876
1967-11-18	-4.431313658402941
1967-11-19	1.7724409232943845
1967-11-20	19.637682391198485
1967-11-21	16.106653055718617
1967-11-22	2.069182329355384
1967-11-23	-29.033605575023536
1967-11-24	-23.17696938736369
1967-11-25	26.101879119215983
1967-11-26	-23.823972095018654
1967-11-27	-16.34368621048865
1967-11-28	-8.950899718898855
1967-11-29	-1.7195317691750687
1967-11-30	-2.4412879260748603
1967-12-01	-10.100511129220614
1967-12-02	15.197372100848517
1967-12-03	30.8832301502
1967-12-04	-18.580351160592496
1967-12-05	-18.358463216018507
1967-12-06	-54.56940250070529
1967-12-07	-16.489793584714157
1967-12-08	16.49275973431952
1967-12-09	23.770207064257317
1967-12-10	7.29159068516787
1967-12-11	14.183846471840079
1967-12-12	-51.404684513986524
1967-12-13	-22.424685466605453
1967-12-14	-5.865694101883659
1967-12-15	36.21552724853587
1967-12-16	17.58831073088533
1967-12-17	-29.166897401246715
1967-12-18	-2.5349426940219377
1967-12-19	-19.28953610036289
1967-12-20	-44.04214272036282
1967-12-21	27.585541727673796
1967-12-22	37.92838118408713
1967-12-23	-25.74873142310302
1967-12-24	32.7498777317827
1967-12-25	9.748538536621597
1967-12-26	-20.845344341852517
1967-12-27	-18.137866352503224
1967-12-28	7.810722086045315
1967-12-29	-20.527764998681373
1967-12-30	24.390105624680345
1967-12-31	2.90155453594878
1968-01-01	-19.90688784758513
1968-01-02	39.37046765548735
1968-01-03	-4.281624622492783
1968-01-04	3.1970779217618848
1968-01-05	-14.16011937890045
1968-01-06	3.591179367126066
1968-01-07	-19.674298659001696
1968-01-08	57.87826662465035
1968-01-09	30.017131192340933
1968-01-10	-19.003006961281258
1968-01-11	23.26947031924042
1968-01-12	-6.6802791606516765
1968-01-13	-42.921748640031055
1968-01-14	7.161234773072915
1968-01-15	-5.694664329654944
1968-01-16	-4.717454834902917
1968-01-17	-18.912046947839855
1968-01-18	1.8691947100384976
1968-01-19	4.460580280477695
1968-01-20	-11.695535054898494
1968-01-21	28.646317915952853
1968-01-22	-24.721897201592586
1968-01-23	-4.700266421436705
1968-01-24	-48.38619399493978
1968-01-25	27.499391874628095
1968-01-26	-7.389945683168065
1968-01-27	24.86287314627216
1968-01-28	8.109405199206469
1968-01-29	3.867706240994928
1968-01-30	37.27056146825209
1968-01-31	-4.07965009036323
1968-02-01	-28.772977806031996
1968-02-02	-26.959510063532647
1968-02-03	-11.971318977580218
1968-02-04	2.0279287721390045
1968-02-05	1.9183378171414596
1968-02-06	-17.279959746276262
1968-02-07	5.266144140476647
1968-02-08	-1.6140126226678377
1968-02-09	-17.55751335684091
1968-02-10	6.275827775002104
1968-02-11	33.9137541369035
1968-02-12	-9.900026666812447
1968-02-13	36.61809667216408
1968-02-14	40.80052319992965
1968-02-15	-41.310321087026175
1968-02-16	-9.561991119758767
1968-02-17	-2.3276308287043124
1968-02-18	6.811758033688209
1968-02-19	39.2469250480882
1968-02-20	-15.840709637953289
1968-02-21	-37.403799673143865
1968-02-22	-12.879012363286384
1968-02-23	-1.9858946796273023
1968-02-24	18.601507723874803
1968-02-25	10.040586477692733
1968-02-26	16.90335837975209
1968-02-27	5.350860734442058
1968-02-28	-6.148393133991862
1968-02-29	5.380285884253846
1968-03-01	17.92175144460972
1968-03-02	-4.257077992769834
1968-03-03	-7.78742659512697
1968-03-04	-21.47833548564141
1968-03-05	30.15125509277271
1968-03-06	1.9532004488157289
1968-03-07	-8.412766659972368
1968-03-08	-5.401819878928336
1968-03-09	-19.016335518152957
1968-03-10	-1.5085515691747509
1968-03-11	10.110265521190316
1968-03-12	54.679076330089885
1968-03-13	20.530200710488547
1968-03-14	-36.26144616834027
1968-03-15	30.761005258536624
1968-03-16	-1.595419457660188
1968-03-17	44.420362310711745
1968-03-18	27.873562618968954
1968-03-19	-2.0311232930545584
1968-03-20	-28.05962793104063
1968-03-21	20.483965498999506
1968-03-22	16.72686649003336
1968-03-23	17.561796926513892
1968-03-24	27.039307509180976
1968-03-25	6.565465663143195
1968-03-26	-25.332549237247694
1968-03-27	21.24909149203774
1968-03-28	-8.789094791074152
1968-03-29	1.1255587983606563
1968-03-30	21.282504613243326
1968-03-31	-10.831035210634395
1968-04-01	-0.6110929514173522
1968-04-02	27.71115565459051
1968-04-03	-29.809870646413014
1968-04-04	-4.40767304518821
1968-04-05	-4.063728721238906
1968-04-06	-35.908112185972755
1968-04-07	-41.07098304491042
1968-04-08	7.858419938116021
1968-04-09	-10.775961934994543
1968-04-10	-12.847702345681869
1968-04-11	4.553285227849434
1968-04-12	0.7174814771972251
1968-04-13	13.94567303195139
1968-04-14	-19.255721295744863
1968-04-15	3.159218659660601
1968-04-16	-9.755627467572962
1968-04-17	-35.43369433314521
1968-04-18	11.726791722407414
1968-04-19	-36.74610715379102
1968-04-20	-21.45649072778739
1968-04-21	-18.368858855328636
1968-04-22	-16.453945271874794
1968-04-23	14.543615796567485
1968-04-24	26.648211855193594
1968-04-25	-42.89731099549662
1968-04-26	-2.6502197534933254
1968-04-27	2.682536956183615
1968-04-28	-6.908048292648016
1968-04-29	-0.5835008156557837
1968-04-30	-20.895209510356253
1968-05-01	-50.99249705757007
1968-05-02	-10.186869374689124
1968-05-03	-17.75391500921706
1968-05-04	12.755340147890658
1968-05-05	40.243321805854436
1968-05-06	-30.275055746431914
1968-05-07	-28.277250293506476
1968-05-08	-18.473814677070692
1968-05-09	23.377066384095446
1968-05-10	-16.840426733996146
1968-05-11	7.044711726880895
1968-05-12	-13.700238887355315
1968-05-13	-14.897350911268143
1968-05-14	2.3423165505969243
1968-05-15	34.91408506204667
1968-05-16	-13.449854079507665
1968-05-17	5.109723568715144
1968-05-18	-13.724790141234028
1968-05-19	-13.471571490320033
1968-05-20	-36.95872722861661
1968-05-21	10.239361793165314
1968-05-22	10.083431509327859
1968-05-23	-20.38281278538564
1968-05-24	36.66819616320854
1968-05-25	-16.124418622057007
1968-05-26	-16.817204690530907
1968-05-27	2.530781333508754
1968-05-28	-38.963177831489524
1968-05-29	-13.440566381114307
1968-05-30	21.553157229134815
1968-05-31	20.635925125743537
1968-06-01	-6.719992467985522
1968-06-02	-43.93070134150051
1968-06-03	23.914557353951977
1968-06-04	-11.141227215943998
1968-06-05	-29.745538353211558
1968-06-06	45.28547592162931
1968-06-07	-2.904547622160994
1968-06-08	-25.77374787756991
1968-06-09	-0.14736269072539443
1968-06-10	18.430959533777106
1968-06-11	16.84677716167384
1968-06-12	10.746956263488496
1968-06-13	6.284169370402538
1968-06-14	-20.42279211185291
1968-06-15	3.946372022041274
1968-06-16	-23.7583507764622
1968-06-17	4.8467588820287855
1968-06-18	-9.37302757515189
1968-06-19	36.2235270924815
1968-06-20	28.356488494026824
1968-06-21	1.8187504049949417
1968-06-22	2.1683367318569995
1968-06-23	21.50738184642269
1968-06-24	8.669148618493569
1968-06-25	10.627032975387277
1968-06-26	-7.368374106665664
1968-06-27	11.101711282510106
1968-06-28	9.30128290202745
1968-06-29	6.012659786489821
1968-06-30	10.940056715522813
1968-07-01	7.756524336937342
1968-07-02	26.246905835899714
1968-07-03	-7.1598931619525334
1968-07-04	-15.900193584733344
1968-07-05	-17.838113111415034
1968-07-06	38.22715076452585
1968-07-07	0.7112064826573572
1968-07-08	8.150402511792516
1968-07-09	-16.95922074822193
1968-07-10	-40.70271032064611
1968-07-11	1.6515405041125844
1968-07-12	-37.91154471332763
1968-07-13	-11.506631531008225
1968-07-14	-0.05637960926837082
1968-07-15	36.32877200915832
1968-07-16	-27.09032451333987
1968-07-17	-27.729554135607955
1968-07-18	-32.77535990048674
1968-07-19	29.784796268904348
1968-07-20	-15.295646370685937
1968-07-21	4.950710792280221
1968-07-22	1.4334038356434824
1968-07-23	35.29441743970773
1968-07-24	-14.504712760976933
1968-07-25	2.162627351553875
1968-07-26	25.10905278942036
1968-07-27	0.7753089887406132
1968-07-28	18.567824110655675
1968-07-29	10.034370376366983
1968-07-30	-8.220683147036638
1968-07-31	-0.3645790648471936
1968-08-01	22.504897286930227
1968-08-02	20.15971647409595
1968-08-03	5.9217702564906505
1968-08-04	-9.80234641034536
1968-08-05	19.70215214228982
1968-08-06	15.691118469868432
1968-08-07	-7.547943196195714
1968-08-08	13.795878951027419
1968-08-09	-19.826322560302515
1968-08-10	3.4084251045285274
1968-08-11	-23.027644422849573
1968-08-12	-23.931722228548143
1968-08-13	12.61397447697255
1968-08-14	-3.1584470637608684
1968-08-15	21.051772513574697
1968-08-16	-0.27181150110035657
1968-08-17	-25.124101084136452
1968-08-18	-3.665442932419359
1968-08-19	5.6472546398045145
1968-08-20	-21.717831777317596
1968-08-21	-10.075537453274226
1968-08-22	13.686567967697943
1968-08-23	-27.93005533662162
1968-08-24	-25.49745602763207
1968-08-25	-35.12208889535846
1968-08-26	1.6400676350860677
1968-08-27	21.402775771257275
1968-08-28	4.458637040755704
1968-08-29	-3.3016671072061143
1968-08-30	16.383213147545867
1968-08-31	-8.957279062810908
1968-09-01	28.55959081008506
1968-09-02	45.06157187749664
1968-09-03	-10.49826269208851
1968-09-04	-5.122648065134798
1968-09-05	-23.168685706959067
1968-09-06	-27.502604214674715
1968-09-07	-1.6473800447699387
1968-09-08	36.20733984763221
1968-09-09	-1.4743977636445045
1968-09-10	7.080819569852966
1968-09-11	-9.456298925165123
1968-09-12	51.66012152472555
1968-09-13	20.508387761301663
1968-09-14	-6.838137645523718
1968-09-15	10.714539912090235
1968-09-16	22.81408817643811
1968-09-17	24.780783686486014
1968-09-18	2.6508082935429416
1968-09-19	7.917646166662227
1968-09-20	-35.86133462091711
1968-09-21	3.248936077532931
1968-09-22	-6.6538002341586
1968-09-23	15.230191361445353
1968-09-24	-9.263801435064106
1968-09-25	12.062389793744392
1968-09-26	-21.313352640334156
1968-09-27	-3.8613906060933667
1968-09-28	-25.383907062736064
1968-09-29	1.414807432784579
1968-09-30	-16.537034704258737
1968-10-01	30.953635652689073
1968-10-02	30.763550105972794
1968-10-03	18.180680584238154
1968-10-04	16.42642189411784
1968-10-05	-11.309809012079398
1968-10-06	-30.880419449588572
1968-10-07	0.9794873662581547
1968-10-08	10.402926620574393
1968-10-09	12.392908944315305
1968-10-10	3.884655594846631
1968-10-11	5.780765606863987
1968-10-12	-15.009825388392379
1968-10-13	-34.41088685653882
1968-10-14	-26.164005939304218
1968-10-15	-33.097239400337195
1968-10-16	13.032282269991216
1968-10-17	24.321417989389335
1968-10-18	-45.39676590571437
1968-10-19	30.041792546390077
1968-10-20	10.063536417931372
1968-10-21	11.057952906557203
1968-10-22	-16.994430548686637
1968-10-23	-5.60002078553201
1968-10-24	-12.466811842097016
1968-10-25	-9.964754912093907
1968-10-26	25.4527670442178
1968-10-27	0.5093560934568583
1968-10-28	24.68033790558878
1968-10-29	-0.9343299983855917
1968-10-30	-3.0970243107114177
1968-10-31	33.48751975155911
1968-11-01	-9.17457094606554
1968-11-02	22.509276462214974
1968-11-03	22.05540979005969
1968-11-04	2.957678153637629
1968-11-05	31.484233705921962
1968-11-06	4.268975396708125
1968-11-07	30.07664136843387
1968-11-08	-11.625645547477946
1968-11-09	-16.035021093681394
1968-11-10	-16.554276438753917
1968-11-11	-13.200282409181725
1968-11-12	-24.625418448944476
1968-11-13	-6.680508424400669
1968-11-14	-8.147760407074518
1968-11-15	-1.8421900389882369
1968-11-16	7.9190749612949025
1968-11-17	-6.573888051290384
1968-11-18	-7.030910753593568
1968-11-19	-18.967729994781433
1968-11-20	-5.867344939595496
1968-11-21	-3.2876908832787235
1968-11-22	11.56558772890453
1968-11-23	-25.926157591883094
1968-11-24	-15.36401423442113
1968-11-25	-33.36141892343756
1968-11-26	-5.110881018172738
1968-11-27	-26.36557507309295
1968-11-28	12.907625493447394
1968-11-29	-15.649885780512623
1968-11-30	-37.72559487086569
1968-12-01	-5.829769943382974
1968-12-02	-22.124782462249566
1968-12-03	18.821935374804717
1968-12-04	-6.608496175277794
1968-12-05	31.946637611770505
1968-12-06	-44.814895785493064
1968-12-07	1.8217110588192342
1968-12-08	-17.432514697346477
1968-12-09	52.0961181197499
1968-12-10	12.06454602799791
1968-12-11	-12.138892208461401
1968-12-12	-24.798716509620952
1968-12-13	26.989889800566672
1968-12-14	-25.771984414205665
1968-12-15	-12.417916517962611
1968-12-16	5.7054942600892575
1968-12-17	-18.19166262668736
1968-12-18	-7.368578341375853
1968-12-19	2.499627030291812
1968-12-20	21.076869910851837
1968-12-21	-6.237486035357995
1968-12-22	-6.1938311326084134
1968-12-23	13.380346213934486
1968-12-24	50.716912473057214
1968-12-25	-15.485921776573349
1968-12-26	11.150213132105339
1968-12-27	-15.7961565201959
1968-12-28	13.090865731896745
1968-12-29	9.508900720572955
1968-12-30	-0.36140916543744783
1968-12-31	-21.670628603311552
1969-01-01	-32.75224905862546
1969-01-02	13.901969522559105
1969-01-03	-19.1994259826182
1969-01-04	-13.349915605015081
1969-01-05	-6.359317517110745
1969-01-06	31.273996650500315
1969-01-07	-0.5694550282408217
1969-01-08	-51.2048882337215
1969-01-09	-7.881433131406293
1969-01-10	-0.28137137932184975
1969-01-11	37.29191459696377
1969-01-12	-19.432111661483425
1969-01-13	-32.909134051964145
1969-01-14	-18.00772900937719
1969-01-15	15.775210117098503
1969-01-16	4.912659102569286
1969-01-17	-0.9314821158495901
1969-01-18	41.7550862716532
1969-01-19	2.3378111175522283
1969-01-20	1.6410253908130148
1969-01-21	-6.961762612950778
1969-01-22	-8.860436667571935
1969-01-23	-17.273989772045375
1969-01-24	-23.803771397961906
1969-01-25	-14.662557910279407
1969-01-26	13.99231413892063
1969-01-27	5.9600843077758725
1969-01-28	-12.08222486097191
1969-01-29	-16.454088253911394
1969-01-30	-7.3003691702284055
1969-01-31	-16.097137635996805
1969-02-01	-5.662831552017149
1969-02-02	12.512325709660368
1969-02-03	-15.044289732872059
1969-02-04	-45.34895979248382
1969-02-05	-7.153530477545544
1969-02-06	3.919293914328988
1969-02-07	6.221870220099269
1969-02-08	-38.851978647213784
1969-02-09	18.293864091869523
1969-02-10	10.95598071928319
1969-02-11	4.614790940063153
1969-02-12	11.43098597555154
1969-02-13	29.493007014192067
1969-02-14	25.682027052504488
1969-02-15	-5.305097341942561
1969-02-16	-2.6013175937152377
1969-02-17	17.84033453905824
1969-02-18	19.895639855308755
1969-02-19	4.660614189817645
1969-02-20	36.098727023006305
1969-02-21	6.060399372596612
1969-02-22	6.271229629862371
1969-02-23	-6.364180543569185
1969-02-24	-3.582885864556891
1969-02-25	27.062927146875527
1969-02-26	25.107612928498344
1969-02-27	33.22062336601193
1969-02-28	-9.858136142215855
1969-03-01	21.720708493244754
1969-03-02	-8.081285544462187
1969-03-03	13.410561405749625
1969-03-04	5.845551506347957
1969-03-05	5.48493413635243
1969-03-06	3.0903571017041767
1969-03-07	33.690702404874266
1969-03-08	-9.582940259531487
1969-03-09	24.74596610686741
1969-03-10	-5.19697641643886
1969-03-11	-13.927785550555752
1969-03-12	35.401738331082484
1969-03-13	13.53368094898134
1969-03-14	-15.893811997722537
1969-03-15	-29.851143515214233
1969-03-16	20.3185614471356
1969-03-17	33.002967637661285
1969-03-18	-7.500473169724707
1969-03-19	9.319248419755548
1969-03-20	-22.89646736702746
1969-03-21	-0.6703237829304132
1969-03-22	2.3776455326641104
1969-03-23	26.553721362728073
1969-03-24	28.813661700686247
1969-03-25	41.44257773785179
1969-03-26	-7.057309686025723
1969-03-27	-2.361802639499956
1969-03-28	6.390193724101369
1969-03-29	-29.26139425815958
1969-03-30	1.3678178446160898
1969-03-31	0.5037098741082711
1969-04-01	-0.5608341691979339
1969-04-02	27.33687936075999
1969-04-03	39.82760039115849
1969-04-04	-21.016093113931166
1969-04-05	5.170393602204743
1969-04-06	11.356813728222786
1969-04-07	-10.872677021858618
1969-04-08	6.467053437741473
1969-04-09	4.437966457603559
1969-04-10	-16.81614429774307
1969-04-11	-12.961937231369818
1969-04-12	1.49008638214541
1969-04-13	10.664873967070532
1969-04-14	-36.916751838729695
1969-04-15	20.012060927664724
1969-04-16	-2.036416231930919
1969-04-17	-2.073579993416402
1969-04-18	12.278359606168415
1969-04-19	-16.737097751328285
1969-04-20	21.020837907914235
1969-04-21	20.311446985632834
1969-04-22	24.584494932141734
1969-04-23	-1.4471958684308521
1969-04-24	-19.079632507104765
1969-04-25	-10.126272548670812
1969-04-26	11.719910928449885
1969-04-27	0.753091718927223
1969-04-28	-30.98176371321104
1969-04-29	11.046965683103004
1969-04-30	-5.53582825120445
1969-05-01	15.830575416832508
1969-05-02	-14.838002451807325
1969-05-03	-23.248936647397645
1969-05-04	-23.010577016838393
1969-05-05	2.9644573365732283
1969-05-06	-10.876060321549371
1969-05-07	17.025013993012834
1969-05-08	-8.186212583292832
1969-05-09	-18.819338620501966
1969-05-10	-19.704762057546915
1969-05-11	3.798513612948061
1969-05-12	-8.201590132104778
1969-05-13	-24.6705487174585
1969-05-14	19.053704272504014
1969-05-15	50.645086749060304
1969-05-16	31.30202617813715
1969-05-17	14.763996498944287
1969-05-18	-17.150963301914302
1969-05-19	8.100740209662398
1969-05-20	5.148341685605216
1969-05-21	35.38180230959054
1969-05-22	21.506830525881828
1969-05-23	51.54251875170149
1969-05-24	22.770146502634606
1969-05-25	-4.273388219110281
1969-05-26	9.582438896026444
1969-05-27	17.115084601029604
1969-05-28	-4.735715543731263
1969-05-29	12.103452967243202
1969-05-30	10.288480442305307
1969-05-31	-9.324273982989006
1969-06-01	15.647780191281964
1969-06-02	-19.141283498169603
1969-06-03	16.453413737267528
1969-06-04	17.591610932292156
1969-06-05	-7.510471863485305
1969-06-06	49.83296828867577
1969-06-07	-34.51657114296217
1969-06-08	20.06164087193968
1969-06-09	-0.6293365869347891
1969-06-10	3.2769260441925496
1969-06-11	21.627957970127934
1969-06-12	2.5793333835773193
1969-06-13	-39.95911842161969
1969-06-14	21.031523596303003
1969-06-15	-6.239682471179985
1969-06-16	-5.886675911256826
1969-06-17	-22.33450686771123
1969-06-18	-8.492861033482566
1969-06-19	7.412959938952064
1969-06-20	-48.17393410761543
1969-06-21	-9.221530424870283
1969-06-22	12.653272487751044
1969-06-23	-24.811151275774748
1969-06-24	-1.340176531161126
1969-06-25	1.7742790345283266
1969-06-26	-12.061132946319312
1969-06-27	10.722114543224759
1969-06-28	-20.253212830323292
1969-06-29	-22.90006111928559
1969-06-30	-46.445464016154546
1969-07-01	28.61497937473606
1969-07-02	7.375823903682057
1969-07-03	26.501531716391668
1969-07-04	-18.726901949923267
1969-07-05	-3.498861989969681
1969-07-06	37.069003481429405
1969-07-07	-21.54277868365026
1969-07-08	-3.8940057818487492
1969-07-09	-13.378422470574462
1969-07-10	-11.919694494210363
1969-07-11	15.116088423014542
1969-07-12	-20.74486151550189
1969-07-13	-25.775385907026923
1969-07-14	11.039447998437817
1969-07-15	34.41236408588165
1969-07-16	11.065630823961172
1969-07-17	-12.606455095166885
1969-07-18	-58.48464147383507
1969-07-19	-0.9189651047231795
1969-07-20	-22.23626725065361
1969-07-21	-9.594964478064886
1969-07-22	2.1154508846321716
1969-07-23	17.38060617134825
1969-07-24	-5.749447993109351
1969-07-25	6.674214192861121
1969-07-26	22.210312807271077
1969-07-27	55.63880084301558
1969-07-28	3.5565403035384113
1969-07-29	16.72275257084333
1969-07-30	-14.798697410943854
1969-07-31	-27.297731700215287
1969-08-01	39.025732537463576
1969-08-02	-14.010493603526402
1969-08-03	-9.832986678762827
1969-08-04	-25.576335695295978
1969-08-05	52.652080878056566
1969-08-06	5.1549830145331885
1969-08-07	64.46264338819796
1969-08-08	30.935374196676264
1969-08-09	-5.761235591429536
1969-08-10	-23.364752644679378
1969-08-11	13.821776972579507
1969-08-12	-30.088105841679806
1969-08-13	2.8884690121671452
1969-08-14	17.28275451667308
1969-08-15	-17.563706198668157
1969-08-16	30.205240911782997
1969-08-17	14.23484001531546
1969-08-18	19.75764770985578
1969-08-19	-28.79398454752205
1969-08-20	9.912000158039131
1969-08-21	24.32861585599009
1969-08-22	11.804512626059756
1969-08-23	19.7171716504342
1969-08-24	4.5854164253305445
1969-08-25	-32.288129821563565
1969-08-26	16.182677632250023
1969-08-27	20.816590170082026
1969-08-28	-47.6871259067474
1969-08-29	-16.977378396806614
1969-08-30	6.872509199415304
1969-08-31	13.71717938842601
1969-09-01	-22.21459054238995
1969-09-02	0.6164066955780447
1969-09-03	-2.6547916309508324
1969-09-04	-10.899175978864674
1969-09-05	21.42883712326544
1969-09-06	-43.41144893267646
1969-09-07	30.12946199839783
1969-09-08	11.007346345880347
1969-09-09	-6.424003899082101
1969-09-10	-3.5834719794839858
1969-09-11	-6.516319552280309
1969-09-12	-6.269357808435488
1969-09-13	7.252137041338455
1969-09-14	-24.47409894248947
1969-09-15	-23.137221966596197
1969-09-16	-34.821415212453594
1969-09-17	-16.47746108874077
1969-09-18	6.790900758033174
1969-09-19	21.864677953238438
1969-09-20	-29.778624899133188
1969-09-21	8.685854304935814
1969-09-22	0.014826526482181412
1969-09-23	12.277715948914944
1969-09-24	13.51047887197747
1969-09-25	-9.208107018469644
1969-09-26	32.84392288613988
1969-09-27	8.206506201007478
1969-09-28	50.885162480101265
1969-09-29	19.781717192235387
1969-09-30	-8.1362790020903
1969-10-01	-30.497478235606415
1969-10-02	-9.86395257347103
1969-10-03	-4.075367538073751
1969-10-04	-13.502179517072848
1969-10-05	8.117950716313462
1969-10-06	-26.309015276067694
1969-10-07	-5.3236212116646415
1969-10-08	39.59041614691158
1969-10-09	1.8218522239605353
1969-10-10	24.177398163138253
1969-10-11	-7.965479827562598
1969-10-12	-13.45145259777475
1969-10-13	0.9295243072737244
1969-10-14	46.18253854844244
1969-10-15	2.1782419697603523
1969-10-16	30.572121669354186
1969-10-17	-15.953765529756435
1969-10-18	13.5728293515906
1969-10-19	17.221313433663603
1969-10-20	-8.561020399774344
1969-10-21	-10.031922951991318
1969-10-22	18.707360838323567
1969-10-23	12.223465346554832
1969-10-24	-20.989031039440537
1969-10-25	11.309693546702514
1969-10-26	-8.31751379417724
1969-10-27	1.6385412952401595
1969-10-28	6.4782321116024635
1969-10-29	-2.6717584917660266
1969-10-30	28.536296771346056
1969-10-31	-8.152737346758256
1969-11-01	-14.017193296045914
1969-11-02	27.767459175545483
1969-11-03	8.661789663043018
1969-11-04	-6.63233096063296
1969-11-05	6.97429179670587
1969-11-06	26.1471808437936
1969-11-07	8.8856037880413
1969-11-08	5.294299742814426
1969-11-09	11.14338150835815
1969-11-10	-37.782381808095295
1969-11-11	-5.616395190753916
1969-11-12	-15.155095496302575
1969-11-13	6.5635641043733
1969-11-14	-18.53888284865712
1969-11-15	-20.375448876502105
1969-11-16	-40.22383158707102
1969-11-17	12.805265599560334
1969-11-18	-4.775159962912427
1969-11-19	7.718717595161157
1969-11-20	-39.07934411876412
1969-11-21	-21.855116247094447
1969-11-22	16.602696195241116
1969-11-23	38.82151473209918
1969-11-24	-0.6100713000777753
1969-11-25	-14.243449674672672
1969-11-26	6.682113733291562
1969-11-27	-18.548851527673612
1969-11-28	-7.146122956498928
1969-11-29	-37.23476168789427
1969-11-30	-8.458645505535769
1969-12-01	0.6412136414520526
1969-12-02	-24.19540009188351
1969-12-03	12.856507042019254
1969-12-04	-16.217824447479394
1969-12-05	-14.593094548295566
1969-12-06	13.372699546302606
1969-12-07	10.359068514576135
1969-12-08	-35.00292598608114
1969-12-09	-4.288511687969182
1969-12-10	-6.621928350330958
1969-12-11	21.331621944599487
1969-12-12	-17.199888423563223
1969-12-13	34.83093324373749
1969-12-14	9.304952088542288
1969-12-15	2.4827155950094824
1969-12-16	15.05087328890915
1969-12-17	11.092608460088025
1969-12-18	29.770804607463358
1969-12-19	40.58636850561007
1969-12-20	15.119886951023762
1969-12-21	15.140949271755192
1969-12-22	17.40584772628998
1969-12-23	27.64265322196502
1969-12-24	-19.773246410165097
1969-12-25	-16.789856191934668
1969-12-26	14.425722481751151
1969-12-27	-12.510351312556907
1969-12-28	-9.538458928053695
1969-12-29	-2.24248314674551
1969-12-30	5.844230509781619
1969-12-31	11.16877428670857
1970-01-01	-0.23437466157303732
1970-01-02	20.587468263806457
1970-01-03	-8.946347238878959
1970-01-04	-36.12092601477176
1970-01-05	-45.75201309089122
1970-01-06	24.862361101812475
1970-01-07	3.112988703722052
1970-01-08	-27.958339804708476
1970-01-09	25.278911686730286
1970-01-10	-0.11598073163626887
1970-01-11	-7.926207554911354
1970-01-12	-18.79810370596392
1970-01-13	-9.365807582551383
1970-01-14	-9.3503218705642
1970-01-15	56.19379876139686
1970-01-16	27.945846468901802
1970-01-17	7.209168051566172
1970-01-18	29.05930255402556
1970-01-19	-5.600026259730039
1970-01-20	14.809429675225484
1970-01-21	-5.502738293972157
1970-01-22	3.5941810321724468
1970-01-23	-22.684473722033207
1970-01-24	20.58649716804278
1970-01-25	-16.489977067223187
1970-01-26	-38.542260925203756
1970-01-27	14.821913565465897
1970-01-28	27.973503550294133
1970-01-29	6.55309997362479
1970-01-30	19.55116854862813
1970-01-31	0.6585489916994445
1970-02-01	25.247647557366932
1970-02-02	17.123590772820698
1970-02-03	9.696323408305975
1970-02-04	21.94951147055727
1970-02-05	25.084061230941327
1970-02-06	-13.937247594421226
1970-02-07	-7.813313795747881
1970-02-08	-3.8815288570689814
1970-02-09	-39.121654207450085
1970-02-10	2.6627049910781753
1970-02-11	-27.596309455408335
1970-02-12	-15.122032878238802
1970-02-13	18.163374001390505
1970-02-14	-11.208821926518128
1970-02-15	3.9315842749318275
1970-02-16	-17.012253665455816
1970-02-17	-4.478507858065556
1970-02-18	16.48970541323741
1970-02-19	-2.3670135200475615
1970-02-20	-35.48060200497079
1970-02-21	-18.889569429317405
1970-02-22	-38.83494390157344
1970-02-23	28.064008355208795
1970-02-24	-9.570162046509449
1970-02-25	26.942349901673847
1970-02-26	12.768634002303274
1970-02-27	18.636061180458352
1970-02-28	0.37778442239022814
1970-03-01	4.911380512633263
1970-03-02	-12.31470175140393
1970-03-03	14.419179389638337
1970-03-04	-0.8775278667228488
1970-03-05	-8.803090601508742
1970-03-06	16.410672107549946
1970-03-07	-11.396803453345836
1970-03-08	-1.284650279948014
1970-03-09	-0.3081162183931514
1970-03-10	40.51536979669653
1970-03-11	18.236759533343395
1970-03-12	-16.473633938183422
1970-03-13	1.937489156934674
1970-03-14	1.2512816919247471
1970-03-15	22.19191904693664
1970-03-16	11.38490159573388
1970-03-17	-8.223697049316042
1970-03-18	-35.51630405721198
1970-03-19	18.39630431886943
1970-03-20	-27.728276055781045
1970-03-21	11.442203604331233
1970-03-22	-23.387471958350755
1970-03-23	-14.384441233662198
1970-03-24	0.8556820129754035
1970-03-25	-28.30915878118352
1970-03-26	5.650046236335815
1970-03-27	0.2803589309925154
1970-03-28	11.676836620650029
1970-03-29	21.562923561180174
1970-03-30	17.87620606446128
1970-03-31	-31.053951032652883
1970-04-01	21.692662903263813
1970-04-02	19.475580409336484
1970-04-03	3.9641065969594473
1970-04-04	2.3210206943543232
1970-04-05	13.803876794298322
1970-04-06	18.436612996051853
1970-04-07	35.19430000418537
1970-04-08	21.830642850491913
1970-04-09	-28.98754188682378
1970-04-10	-23.876632114131773
1970-04-11	-32.71858096301375
1970-04-12	21.89388051816483
1970-04-13	32.955417969016914
1970-04-14	2.0107325565237253
1970-04-15	-17.27398968958239
1970-04-16	25.76495601130654
1970-04-17	-23.41135921688827
1970-04-18	12.794652539103083
1970-04-19	-1.0036961089213257
1970-04-20	15.048896155490404
1970-04-21	6.029347195733518
1970-04-22	-5.081450920229792
1970-04-23	-2.259654532690462
1970-04-24	-53.63366714781597
1970-04-25	-0.7178679971641047
1970-04-26	-7.278301643266008
1970-04-27	12.848461762134953
1970-04-28	-16.75544914697246
1970-04-29	-7.657322473540686
1970-04-30	-1.3905755293176718
1970-05-01	38.06732787657277
1970-05-02	8.445636148511193
1970-05-03	28.97812119942925
1970-05-04	16.60681566874635
1970-05-05	20.880741360798815
1970-05-06	-8.265889653154183
1970-05-07	-0.8839649747360456
1970-05-08	15.52631710533323
1970-05-09	-2.978505009774448
1970-05-10	-35.64896343376763
1970-05-11	-4.121761913049658
1970-05-12	-19.04903727023189
1970-05-13	8.704525547890512
1970-05-14	-17.703118103700476
1970-05-15	-5.119781359909173
1970-05-16	-5.63077617398151
1970-05-17	-9.694388952740004
1970-05-18	14.884285029746719
1970-05-19	0.18526579231643503
1970-05-20	-27.765933390518892
1970-05-21	20.16877757489006
1970-05-22	-8.074543212643384
1970-05-23	20.40543118516242
1970-05-24	-8.689496597131106
1970-05-25	-16.392921766989026
1970-05-26	44.731130116400465
1970-05-27	49.96735711369057
1970-05-28	20.43723871859961
1970-05-29	-19.44437383995565
1970-05-30	-9.719996872153933
1970-05-31	15.280696970073711
1970-06-01	-13.819237495302191
1970-06-02	-12.720741310093334
1970-06-03	12.170282617189075
1970-06-04	-1.5112886414989208
1970-06-05	31.41927941360094
1970-06-06	15.448245532976424
1970-06-07	-3.5565622792182072
1970-06-08	-3.1074818694936406
1970-06-09	11.509206470837709
1970-06-10	2.713749253660593
1970-06-11	-13.728885998774134
1970-06-12	9.862690443758785
1970-06-13	-9.074658291637753
1970-06-14	-13.206764434231806
1970-06-15	20.885722635367753
1970-06-16	16.414909888291064
1970-06-17	-31.813781979178053
1970-06-18	6.619804623183846
1970-06-19	27.73730742331087
1970-06-20	-41.893914335616294
1970-06-21	-9.001795775698511
1970-06-22	7.912675342895688
1970-06-23	-3.2449396533580943
1970-06-24	18.41100680272525
1970-06-25	-52.34555424311143
1970-06-26	-5.286343397163093
1970-06-27	0.4206934664138883
1970-06-28	4.409420884229766
1970-06-29	13.013880533676183
1970-06-30	20.332362648433943
1970-07-01	-15.52551148144703
1970-07-02	1.9553710178462758
1970-07-03	-1.6574445355817347
1970-07-04	-35.135244336208515
1970-07-05	-13.398479113080421
1970-07-06	-7.704588415655008
1970-07-07	-31.744606720770093
1970-07-08	3.99077152404684
1970-07-09	-20.994193641759445
1970-07-10	-13.223855530776753
1970-07-11	16.609329129434425
1970-07-12	15.978503282195573
1970-07-13	-7.258803926009632
1970-07-14	9.586396254229266
1970-07-15	10.744562125183649
1970-07-16	7.943232517128237
1970-07-17	-12.178248517096698
1970-07-18	-19.059673667183976
1970-07-19	14.332469587000993
1970-07-20	-19.8246914346803
1970-07-21	-24.039876870257338
1970-07-22	-5.406112955997707
1970-07-23	-36.219537688253176
1970-07-24	0.42763432626936104
1970-07-25	62.79707751553851
1970-07-26	-2.5306821770853682
1970-07-27	-9.189261221516674
1970-07-28	34.5716239493306
1970-07-29	-13.600367413979201
1970-07-30	36.15280758083785
1970-07-31	-16.579054031489967
1970-08-01	-1.9495499897927042
1970-08-02	33.13072537877903
1970-08-03	-16.307275170554686
1970-08-04	-31.49396091801136
1970-08-05	-45.342006085290436
1970-08-06	-24.862281569344503
1970-08-07	21.4361878916455
1970-08-08	-43.312783655939825
1970-08-09	19.628625761990477
1970-08-10	-16.06706964228845
1970-08-11	12.622999433860809
1970-08-12	-14.2524920227296
1970-08-13	-15.310160265950415
1970-08-14	-6.3537600040679125
1970-08-15	8.48179394482422
1970-08-16	-1.9921108625415458
1970-08-17	-3.0996456380689157
1970-08-18	5.545888745973569
1970-08-19	19.03467464353825
1970-08-20	4.118811318657831
1970-08-21	9.262039487733086
1970-08-22	-27.98086768834172
1970-08-23	8.324723807271496
1970-08-24	0.14107322702054015
1970-08-25	51.57605873405489
1970-08-26	25.781522874366193
1970-08-27	-6.861234799164534
1970-08-28	4.5386212622625886
1970-08-29	-19.874918776343872
1970-08-30	-4.8006283032060795
1970-08-31	3.766057524667846
1970-09-01	-25.075928828520766
1970-09-02	-24.03993278176705
1970-09-03	25.96574313258202
1970-09-04	19.318992442661635
1970-09-05	-30.04999402615622
1970-09-06	-10.066941143216185
1970-09-07	-13.437326190536876
1970-09-08	13.154802869309448
1970-09-09	-29.337565758788767
1970-09-10	11.494869986953068
1970-09-11	6.577556336725384
1970-09-12	23.91701926805453
1970-09-13	17.59806882371337
1970-09-14	-10.537877178744624
1970-09-15	12.599812276186045
1970-09-16	-5.0775988867665305
1970-09-17	-2.926814697571235
1970-09-18	-14.997430434137257
1970-09-19	-3.451783138096017
1970-09-20	5.276239476345765
1970-09-21	0.507004080819792
1970-09-22	-39.73344420802708
1970-09-23	21.79807604808682
1970-09-24	30.202666358868374
1970-09-25	-36.20083037969359
1970-09-26	1.5998351263679789
1970-09-27	13.1068638878806
1970-09-28	-4.253096394913819
1970-09-29	-0.597146211496153
1970-09-30	-9.136758976706684
1970-10-01	13.495942197709105
1970-10-02	4.959361741365415
1970-10-03	-10.420894026855754
1970-10-04	-0.10105387218171558
1970-10-05	-7.429031394792043
1970-10-06	28.24988135553489
1970-10-07	-35.75434640693975
1970-10-08	-19.703289141550925
1970-10-09	8.28687080185295
1970-10-10	-14.423429693380312
1970-10-11	-8.84811543535078
1970-10-12	-12.303091036656795
1970-10-13	38.3653506839063
1970-10-14	13.84692646597122
1970-10-15	-12.801158494043843
1970-10-16	-18.37527560926746
1970-10-17	40.498371303532586
1970-10-18	-38.16362197972341
1970-10-19	-40.473743647174416
1970-10-20	-3.4100094959898977
1970-10-21	-33.21293594873387
1970-10-22	4.865096427889734
1970-10-23	-9.12408293051315
1970-10-24	9.868518516714586
1970-10-25	2.028710495532784
1970-10-26	31.33597326723866
1970-10-27	-17.97510023531788
1970-10-28	37.9010539857011
1970-10-29	11.030445153367612
1970-10-30	0.8479984809186638
1970-10-31	-12.113195845657494
1970-11-01	3.5396867801143097
1970-11-02	4.396603445722379
1970-11-03	26.44478341696535
1970-11-04	-17.717954687949145
1970-11-05	-15.812753145547365
1970-11-06	10.075792971981143
1970-11-07	31.57421385675893
1970-11-08	-2.8654732063699244
1970-11-09	20.56935415686639
1970-11-10	18.833462665687172
1970-11-11	2.7904096803639
1970-11-12	24.436002258743965
1970-11-13	4.526706215053878
1970-11-14	-8.914596766652878
1970-11-15	-41.42973576594496
1970-11-16	-24.16997036845914
1970-11-17	12.072139952747763
1970-11-18	-7.6143030723750815
1970-11-19	10.95344445200415
1970-11-20	3.8462440676630463
1970-11-21	37.561844370221415
1970-11-22	16.789569454445193
1970-11-23	-7.676128161276893
1970-11-24	5.744707444069381
1970-11-25	10.960258881130613
1970-11-26	-54.71231761247348
1970-11-27	26.879775639358254
1970-11-28	-16.13640649417509
1970-11-29	-28.9180606250032
1970-11-30	0.70932530653642
1970-12-01	-2.3104375081481514
1970-12-02	-47.42554218643731
1970-12-03	-6.597518879710304
1970-12-04	-5.848417083593793
1970-12-05	-10.052463119959445
1970-12-06	-23.667113856568292
1970-12-07	25.474001395593202
1970-12-08	7.622738280666061
1970-12-09	-12.586015031511435
1970-12-10	-8.95472992456213
1970-12-11	13.422936700341527
1970-12-12	-34.19101519275308
1970-12-13	26.89343639186821
1970-12-14	-20.39117863207942
1970-12-15	-12.235928033812538
1970-12-16	25.025585725722873
1970-12-17	4.498478363187611
1970-12-18	33.10344042451932
1970-12-19	2.0250198797829357
1970-12-20	-7.1390841589522385
1970-12-21	-29.631189242939893
1970-12-22	1.1414845415893098
1970-12-23	-6.772063331726083
1970-12-24	-3.4522246284361486
1970-12-25	12.837189608767286
1970-12-26	-21.789395339064434
1970-12-27	34.62772677410888
1970-12-28	-2.723739854895321
1970-12-29	20.874492311398953
1970-12-30	2.685412759591063
1970-12-31	-31.091529619409236
1971-01-01	24.24353635065446
1971-01-02	36.42669889068422
1971-01-03	4.570248350973066
1971-01-04	5.0120084367196736
1971-01-05	17.053213168283182
1971-01-06	-13.470423971600608
1971-01-07	13.520634057650781
1971-01-08	-17.398016030175672
1971-01-09	30.359127204654303
1971-01-10	-19.719500720049787
1971-01-11	5.405297533873259
1971-01-12	-9.5944079786627
1971-01-13	28.406220312942345
1971-01-14	4.13794669344003
1971-01-15	-7.643737896383476
1971-01-16	-7.257975060550727
1971-01-17	12.630558608097255
1971-01-18	6.802811660695577
1971-01-19	2.3662222591120328
1971-01-20	23.12913899380671
1971-01-21	-5.9228005167381195
1971-01-22	-1.116488988598485
1971-01-23	8.302230297023684
1971-01-24	13.352210150830077
1971-01-25	-16.157627494348418
1971-01-26	8.598911735661217
1971-01-27	-12.487457403753773
1971-01-28	-24.682344935882114
1971-01-29	-31.83133007881102
1971-01-30	9.566354328554722
1971-01-31	23.882897029041292
1971-02-01	-16.392732046078837
1971-02-02	-34.99952830055733
1971-02-03	-11.793226828105583
1971-02-04	29.728200263993937
1971-02-05	-4.957732522975544
1971-02-06	-17.820221603372797
1971-02-07	-7.737506504233746
1971-02-08	9.906757248047606
1971-02-09	-30.894933088892095
1971-02-10	14.165802457438843
1971-02-11	-27.81407011632846
1971-02-12	-15.419875551156675
1971-02-13	-11.00986181893294
1971-02-14	11.804376264346175
1971-02-15	-5.672103731532035
1971-02-16	-21.98683146290277
1971-02-17	29.61231334027532
1971-02-18	-10.548839134523329
1971-02-19	-6.06672716979252
1971-02-20	16.43841118220282
1971-02-21	-11.005290693993377
1971-02-22	-36.49052497367811
1971-02-23	-34.9163742864956
1971-02-24	-4.063885555974493
1971-02-25	7.046907753409275
1971-02-26	-2.4408020181262122
1971-02-27	11.002431087240796
1971-02-28	-11.597976406848518
1971-03-01	-11.879998095805053
1971-03-02	16.903544934660975
1971-03-03	-7.414881365393418
1971-03-04	0.009551403495031918
1971-03-05	5.532684581309599
1971-03-06	-15.789181841106299
1971-03-07	3.0301026063690637
1971-03-08	3.4932625155092856
1971-03-09	4.192603366353149
1971-03-10	-2.174613424312425
1971-03-11	3.673709180272443
1971-03-12	5.923379341282235
1971-03-13	14.531693272011445
1971-03-14	12.691226316082176
1971-03-15	8.88240996678659
1971-03-16	31.848802719963135
1971-03-17	21.96984911937964
1971-03-18	-26.582344531491543
1971-03-19	0.6100568946350112
1971-03-20	3.4494977128640825
1971-03-21	0.5691011552797864
1971-03-22	31.771667067479335
1971-03-23	13.591402869361252
1971-03-24	-5.14178231277047
1971-03-25	20.075951800742715
1971-03-26	-43.734160638652796
1971-03-27	-16.759400455262814
1971-03-28	-20.639428865557154
1971-03-29	-14.535432845173652
1971-03-30	-2.727390136234286
1971-03-31	6.7788173918838135
1971-04-01	-4.570309779966997
1971-04-02	-7.678421051367234
1971-04-03	-41.03834010076651
1971-04-04	-16.31283257054142
1971-04-05	-19.656305528853217
1971-04-06	2.1077568985131725
1971-04-07	11.792681088526122
1971-04-08	51.50921012979716
1971-04-09	6.064599126483746
1971-04-10	-6.9584985186872315
1971-04-11	5.503862511343951
1971-04-12	7.7550492415761845
1971-04-13	7.364324920281033
1971-04-14	0.7294825744490521
1971-04-15	-43.510318116745374
1971-04-16	-28.407900078436803
1971-04-17	-5.310279261916383
1971-04-18	-33.88657447684709
1971-04-19	21.102792419579362
1971-04-20	-13.076104656771776
1971-04-21	-2.0101189716197885
1971-04-22	3.8847176941414263
1971-04-23	10.943457387450534
1971-04-24	-10.821976183246013
1971-04-25	-30.211765208323968
1971-04-26	34.121534297089106
1971-04-27	22.991473103703232
1971-04-28	37.76254152191357
1971-04-29	-0.6637150175893702
1971-04-30	6.0120493005773215
1971-05-01	-19.621338694374657
1971-05-02	6.980289236786797
1971-05-03	3.8778858141823473
1971-05-04	-2.9789379837538776
1971-05-05	-12.23574688033114
1971-05-06	1.9233161796209344
1971-05-07	-19.518718324200673
1971-05-08	-6.376794084732886
1971-05-09	-13.99881430934818
1971-05-10	-36.47317022125345
1971-05-11	-15.2314241417936
1971-05-12	-17.66897822136827
1971-05-13	-7.642109662698182
1971-05-14	-6.6059984074196505
1971-05-15	-1.7841840915522884
1971-05-16	-8.311362472538985
1971-05-17	21.495668653739816
1971-05-18	-10.344156857005851
1971-05-19	12.16225090031695
1971-05-20	-21.288116189580162
1971-05-21	-10.181169627688908
1971-05-22	40.54793898395801
1971-05-23	11.95232821604246
1971-05-24	48.1093680323724
1971-05-25	-23.595210804458933
1971-05-26	14.048690670763735
1971-05-27	3.7337429204708776
1971-05-28	21.43207668653087
1971-05-29	52.71759565011343
1971-05-30	21.81984236065758
1971-05-31	-20.14594352818343
1971-06-01	31.71033900406489
1971-06-02	-5.9957714492264085
1971-06-03	-37.48558605959915
1971-06-04	-17.732182473344825
1971-06-05	21.352061254905223
1971-06-06	-4.446886319600916
1971-06-07	8.745345526568626
1971-06-08	-27.614670194281395
1971-06-09	4.61191894560583
1971-06-10	-16.556075020708136
1971-06-11	7.615984670088642
1971-06-12	18.13928388499418
1971-06-13	-17.332068846789888
1971-06-14	-9.103422890107074
1971-06-15	-28.187414753722525
1971-06-16	-51.1986472034561
1971-06-17	9.306705505582817
1971-06-18	-7.3136089609497485
1971-06-19	10.020641194229945
1971-06-20	-52.19079420720868
1971-06-21	-19.108987420377865
1971-06-22	12.481179486589959
1971-06-23	16.651824974851632
1971-06-24	2.6636965076130057
1971-06-25	-18.967510511871307
1971-06-26	-30.754827736611134
1971-06-27	-12.18431817624759
1971-06-28	-40.56845618849356
1971-06-29	-4.51210002079766
1971-06-30	20.711067237597433
1971-07-01	-3.1481511092676966
1971-07-02	-27.2638111266938
1971-07-03	28.0986058767412
1971-07-04	8.455340148307576
1971-07-05	18.795030100683842
1971-07-06	22.17602079436209
1971-07-07	-39.131096855826385
1971-07-08	31.496961560465984
1971-07-09	-22.04504038550466
1971-07-10	-10.965562018544993
1971-07-11	-5.395464810069886
1971-07-12	-28.366992149361103
1971-07-13	19.29550609007453
1971-07-14	-16.087687126994098
1971-07-15	14.026707078720273
1971-07-16	-9.530913703208267
1971-07-17	12.199747474494627
1971-07-18	-17.660834138269706
1971-07-19	-20.542193234317686
1971-07-20	-24.522039881405664
1971-07-21	26.48422226127445
1971-07-22	17.4139565569067
1971-07-23	34.65396137999455
1971-07-24	-27.321205276174453
1971-07-25	1.118100553446546
1971-07-26	-1.0361414374930675
1971-07-27	12.331219816367113
1971-07-28	15.752728996847813
1971-07-29	-4.6345241019474726
1971-07-30	28.781252561869874
1971-07-31	12.996402464833825
1971-08-01	23.291531762506768
1971-08-02	-12.224259886580018
1971-08-03	2.5330522200727685
1971-08-04	8.787183195793279
1971-08-05	10.15527737696414
1971-08-06	-27.53378828719596
1971-08-07	7.448673428829156
1971-08-08	-12.63872119245471
1971-08-09	-30.974898325254255
1971-08-10	-1.7733316564530457
1971-08-11	29.738996667480485
1971-08-12	-22.93845728194402
1971-08-13	17.13375888387621
1971-08-14	15.110763479835487
1971-08-15	-0.36765919899018074
1971-08-16	6.624588452025693
1971-08-17	-16.98364408652129
1971-08-18	54.91801751332724
1971-08-19	11.579581402420226
1971-08-20	-28.38192194641876
1971-08-21	29.846343233175094
1971-08-22	11.691519561414369
1971-08-23	-0.7393437463111887
1971-08-24	-3.9338512027833463
1971-08-25	-14.12638853562048
1971-08-26	16.11574917600707
1971-08-27	3.5136495688750937
1971-08-28	-30.057717119272297
1971-08-29	7.3959801387342585
1971-08-30	-6.686605701941041
1971-08-31	-14.54973776068948
1971-09-01	-43.40357034104764
1971-09-02	23.37145735906902
1971-09-03	1.2135526499523561
1971-09-04	26.70916711933643
1971-09-05	8.988243539728996
1971-09-06	-5.365000949610719
1971-09-07	45.99761293197722
1971-09-08	-17.25983902354206
1971-09-09	-10.122864792688658
1971-09-10	11.208288704406723
1971-09-11	22.755037399795334
1971-09-12	11.853598876080152
1971-09-13	50.45936267953895
1971-09-14	-16.451043520495617
1971-09-15	5.445528361948987
1971-09-16	-39.51330597147428
1971-09-17	8.414178655519157
1971-09-18	8.050499788422586
1971-09-19	-12.476274051106875
1971-09-20	-21.9855856567979
1971-09-21	2.015781543259875
1971-09-22	-21.6097545285307
1971-09-23	4.805184257385912
1971-09-24	-2.902722315622059
1971-09-25	7.811452744816724
1971-09-26	21.352042511337846
1971-09-27	10.008352913199612
1971-09-28	-4.29745246197285
1971-09-29	-39.66376895856499
1971-09-30	23.25040187267629
1971-10-01	25.726217205390405
1971-10-02	40.10310337065822
1971-10-03	-45.02995449151816
1971-10-04	-20.97866910807686
1971-10-05	-8.00370063324343
1971-10-06	-15.918124439460087
1971-10-07	-10.99118692521302
1971-10-08	76.48663127656366
1971-10-09	44.28210498879008
1971-10-10	-19.61771066873629
1971-10-11	-33.54350328132722
1971-10-12	-2.0064499360512604
1971-10-13	-10.287622109504914
1971-10-14	24.953540300104873
1971-10-15	-0.9208195779775361
1971-10-16	-19.96581035527215
1971-10-17	9.957584036497495
1971-10-18	-10.177957710987874
1971-10-19	-52.39713724935303
1971-10-20	-15.826268254785415
1971-10-21	-5.698356394137814
1971-10-22	22.781729874556344
1971-10-23	2.3311991953284528
1971-10-24	-18.25478281546309
1971-10-25	30.432634306870586
1971-10-26	21.515399099746006
1971-10-27	23.559899010556844
1971-10-28	16.55688106611276
1971-10-29	24.364790339094185
1971-10-30	-14.429333603824688
1971-10-31	2.299364789618906
1971-11-01	71.37099847858659
1971-11-02	-35.16799224986227
1971-11-03	-19.76975816217886
1971-11-04	-36.571394666273484
1971-11-05	-1.8746679491248617
1971-11-06	-23.675411608328368
1971-11-07	-7.321230921292804
1971-11-08	11.533023757795187
1971-11-09	27.104219359207548
1971-11-10	-21.274260437341308
1971-11-11	10.893506365991941
1971-11-12	13.994720837723087
1971-11-13	4.225373603488441
1971-11-14	18.79117885579551
1971-11-15	0.5364216179197536
1971-11-16	31.7553751959704
1971-11-17	41.78612914619243
1971-11-18	17.295885261926
1971-11-19	-4.090331238408109
1971-11-20	23.626784263025744
1971-11-21	-1.0178722635111705
1971-11-22	-9.596259859578884
1971-11-23	-15.879220905068127
1971-11-24	48.4140034830266
1971-11-25	6.253666081696312
1971-11-26	18.89025518315334
1971-11-27	-31.827289674760742
1971-11-28	13.699575022865089
1971-11-29	6.747734762321217
1971-11-30	-0.1351342345688098
1971-12-01	-2.1593329190452657
1971-12-02	10.910487686726444
1971-12-03	-8.844217860420407
1971-12-04	15.75186674867987
1971-12-05	-16.276361405745813
1971-12-06	24.56492467959224
1971-12-07	52.35240966469248
1971-12-08	-11.502204023788318
1971-12-09	-14.51355106559892
1971-12-10	10.944366436182788
1971-12-11	17.64973976981709
1971-12-12	12.81958472795557
1971-12-13	-17.8294455539393
1971-12-14	-34.303414403509784
1971-12-15	16.05514950476419
1971-12-16	-5.021735701590128
1971-12-17	-9.823378424984142
1971-12-18	14.743826669364854
1971-12-19	-8.604399694325709
1971-12-20	-3.5342288737870318
1971-12-21	-28.75952192854613
1971-12-22	-44.30056493573061
1971-12-23	-19.07756603867884
1971-12-24	32.10419203806624
1971-12-25	52.90444627573215
1971-12-26	2.0654674282599004
1971-12-27	-9.790618006906003
1971-12-28	14.351754746997035
1971-12-29	-21.221796378102074
1971-12-30	18.993081801728298
1971-12-31	22.20273721641037
1972-01-01	15.752001487110176
1972-01-02	-9.141917699412613
1972-01-03	14.655139031345998
1972-01-04	-28.331145069628494
1972-01-05	27.023705037834358
1972-01-06	-26.514802019781808
1972-01-07	-0.8024875357768346
1972-01-08	-0.6156350122529366
1972-01-09	-22.463206746499296
1972-01-10	27.022900014459232
1972-01-11	12.477747052267265
1972-01-12	-1.5594695353366543
1972-01-13	27.687691566366198
1972-01-14	-7.499604927997057
1972-01-15	14.484418830338223
1972-01-16	43.70483691743054
1972-01-17	-14.278658946152165
1972-01-18	1.124932764857488
1972-01-19	39.49942433933876
1972-01-20	11.886187097625106
1972-01-21	0.9066896352672895
1972-01-22	-2.6220648816605374
1972-01-23	-3.3203998313761254
1972-01-24	-8.584018827582803
1972-01-25	0.08555774395636118
1972-01-26	22.41647638783938
1972-01-27	-8.88566158942483
1972-01-28	-24.187244882778998
1972-01-29	-11.556843269145855
1972-01-30	2.5326456219925344
1972-01-31	22.46519526324428
1972-02-01	7.52902719957578
1972-02-02	-23.567837475874438
1972-02-03	-5.435559200991708
1972-02-04	43.21369393066226
1972-02-05	-6.842526191851334
1972-02-06	-23.719485977234058
1972-02-07	-24.164340354400288
1972-02-08	-33.427922570100726
1972-02-09	-3.3375658639158132
1972-02-10	-2.033015734655679
1972-02-11	-16.404769576873306
1972-02-12	6.3653697265087406
1972-02-13	-3.8556233040028554
1972-02-14	3.2207868228627365
1972-02-15	-18.473754581496074
1972-02-16	22.50458659605532
1972-02-17	25.69504820552736
1972-02-18	-29.436252513884817
1972-02-19	-2.070541946757003
1972-02-20	18.98560677474824
1972-02-21	12.821060852911067
1972-02-22	17.011946190251344
1972-02-23	18.028065044185585
1972-02-24	25.94242400574483
1972-02-25	41.59658324710874
1972-02-26	18.430266585181837
1972-02-27	10.082678167992784
1972-02-28	1.1654950887103783
1972-02-29	9.758391276970343
1972-03-01	-11.006494855027784
1972-03-02	24.331955590566256
1972-03-03	-7.681911205906797
1972-03-04	18.071898211354625
1972-03-05	-40.365968074615914
1972-03-06	-6.936197014893798
1972-03-07	14.848445021778701
1972-03-08	-0.9839427988615324
1972-03-09	8.79909488652715
1972-03-10	-17.6411023988566
1972-03-11	-4.3328551158569875
1972-03-12	9.180870594120663
1972-03-13	-10.586618138322185
1972-03-14	-7.5546949450855525
1972-03-15	-19.131085722054227
1972-03-16	30.17537402025601
1972-03-17	8.900263592946546
1972-03-18	36.013378280730265
1972-03-19	21.638419558896068
1972-03-20	32.298517891244614
1972-03-21	5.3059531583844
1972-03-22	5.2647393069920465
1972-03-23	-24.780311155277733
1972-03-24	-15.785665889792973
1972-03-25	20.250821194391726
1972-03-26	-14.454512720502388
1972-03-27	52.54267844876847
1972-03-28	7.139353901911473
1972-03-29	-8.465628895850612
1972-03-30	-5.993622153894805
1972-03-31	18.306409310351764
1972-04-01	-62.1206224763279
1972-04-02	8.01724622905537
1972-04-03	22.009275218832016
1972-04-04	-15.731336670623623
1972-04-05	-37.07720857814887
1972-04-06	15.17857435062646
1972-04-07	24.22870642780053
1972-04-08	-16.923942435445305
1972-04-09	4.448034108997095
1972-04-10	41.131411398697956
1972-04-11	-18.27089051322268
1972-04-12	28.454685413468273
1972-04-13	10.489794808501832
1972-04-14	27.180136681074277
1972-04-15	40.566706421044564
1972-04-16	-8.843421609310784
1972-04-17	-16.722386048459466
1972-04-18	-10.105135839539871
1972-04-19	-26.040643123478453
1972-04-20	13.546320446513691
1972-04-21	-20.786022653181202
1972-04-22	-28.27874455500289
1972-04-23	20.925778639628227
1972-04-24	39.000839006039605
1972-04-25	3.17162271340164
1972-04-26	39.82702137555427
1972-04-27	9.654301007960852
1972-04-28	-0.9060164569473104
1972-04-29	-31.41677154445999
1972-04-30	-2.775499152798515
1972-05-01	4.455356229849794
1972-05-02	15.78294581564937
1972-05-03	-15.204610554899606
1972-05-04	21.011029422764736
1972-05-05	-12.557605106860576
1972-05-06	10.50622958941207
1972-05-07	-26.04341942508158
1972-05-08	-7.879805024118781
1972-05-09	4.865950712577987
1972-05-10	-49.64103482625118
1972-05-11	21.482076474569585
1972-05-12	-1.333324677387879
1972-05-13	-7.819359864030369
1972-05-14	-5.43700858482184
1972-05-15	-21.488555887347
1972-05-16	-35.41589316859956
1972-05-17	-13.446987169164268
1972-05-18	-41.53299629438212
1972-05-19	-52.30719271281685
1972-05-20	39.65514085969772
1972-05-21	22.67961126394485
1972-05-22	4.37830593257959
1972-05-23	-14.823683400122182
1972-05-24	28.06809971144102
1972-05-25	4.161423464960087
1972-05-26	-6.705575185426679
1972-05-27	-9.568128371055888
1972-05-28	17.113861945933238
1972-05-29	-9.430717461190365
1972-05-30	-2.437838400920743
1972-05-31	-25.819300370325873
1972-06-01	-11.096398786815794
1972-06-02	19.479582796333435
1972-06-03	-7.338100718680586
1972-06-04	-35.24085259704503
1972-06-05	1.8335205853140661
1972-06-06	-7.998198369577793
1972-06-07	1.0303087295112225
1972-06-08	-15.946748690727766
1972-06-09	-6.21532670589826
1972-06-10	7.26496480235886
1972-06-11	-8.593395335122684
1972-06-12	-16.319698124792033
1972-06-13	7.986469227033644
1972-06-14	34.797307037024176
1972-06-15	8.672385216152794
1972-06-16	7.686813393648803
1972-06-17	-1.4802031156525988
1972-06-18	-11.690644689585165
1972-06-19	-32.860979041032316
1972-06-20	17.32461179627396
1972-06-21	2.673615134413275
1972-06-22	1.5993317515624934
1972-06-23	11.08217719035929
1972-06-24	4.711790943704505
1972-06-25	50.39600921355023
1972-06-26	-24.952929775654585
1972-06-27	12.789804361663522
1972-06-28	-17.950056541864246
1972-06-29	28.896811477972765
1972-06-30	3.1721131306263564
1972-07-01	-11.882016612815471
1972-07-02	-3.0692948874411377
1972-07-03	-3.07939010728839
1972-07-04	10.887722387368079
1972-07-05	-20.14571102196758
1972-07-06	-17.05194603855106
1972-07-07	23.431613140779056
1972-07-08	-25.846423355843584
1972-07-09	-1.366043579930541
1972-07-10	-0.3446430080207141
1972-07-11	-1.2918672865005776
1972-07-12	12.789809572881097
1972-07-13	8.47422930738035
1972-07-14	-35.010662479049785
1972-07-15	42.040601255587674
1972-07-16	-67.7842792023997
1972-07-17	1.9822020693191917
1972-07-18	-23.310528031682722
1972-07-19	38.40751399011423
1972-07-20	46.1368867318446
1972-07-21	-20.011990921106126
1972-07-22	-20.081210492218762
1972-07-23	-8.329544245040648
1972-07-24	-17.991332576879632
1972-07-25	2.8144294336378737
1972-07-26	-10.519657128877501
1972-07-27	-15.02353481393195
1972-07-28	18.0545212088962
1972-07-29	2.468164611964914
1972-07-30	-3.092412297793987
1972-07-31	-0.7731530141783043
1972-08-01	0.16966643803521853
1972-08-02	2.107731359184196
1972-08-03	6.986908498336687
1972-08-04	21.557155477517185
1972-08-05	18.201070744247165
1972-08-06	-10.127683620075171
1972-08-07	12.58498363685597
1972-08-08	-15.66243115248735
1972-08-09	11.979387921404559
1972-08-10	1.8787228494269106
1972-08-11	29.305237170247075
1972-08-12	-17.153871973437482
1972-08-13	10.515014872344493
1972-08-14	3.438768246124938
1972-08-15	31.75489402365438
1972-08-16	19.57570744573689
1972-08-17	12.90484720882749
1972-08-18	9.776355885678838
1972-08-19	0.22811436528134543
1972-08-20	-8.929310747668696
1972-08-21	-3.278223002740681
1972-08-22	22.792553176569626
1972-08-23	7.992928072957646
1972-08-24	-34.427806094038665
1972-08-25	-48.04900605597974
1972-08-26	-11.456123438319343
1972-08-27	-17.953933829091934
1972-08-28	-15.062486877527093
1972-08-29	-15.126470722735771
1972-08-30	28.72825800692418
1972-08-31	-7.260677411986949
1972-09-01	-14.515155257284254
1972-09-02	11.815420806440814
1972-09-03	-18.163507005958905
1972-09-04	-4.967586587224599
1972-09-05	-44.76697755281073
1972-09-06	-6.694715055523768
1972-09-07	-7.5269629173607875
1972-09-08	15.861779358888214
1972-09-09	-22.04452517629334
1972-09-10	-2.5610703169171183
1972-09-11	3.619757203932547
1972-09-12	5.246551747869157
1972-09-13	-13.656887434921074
1972-09-14	17.592413725449052
1972-09-15	-36.98443885803861
1972-09-16	-55.45166848448852
1972-09-17	2.0146370069521904
1972-09-18	44.99076031173142
1972-09-19	26.40747300887921
1972-09-20	29.49603451660509
1972-09-21	33.90138999455699
1972-09-22	58.849288589303825
1972-09-23	-6.118934495503995
1972-09-24	2.5958031421913543
1972-09-25	-7.493138813492077
1972-09-26	-9.751961287044633
1972-09-27	-30.97801140896743
1972-09-28	-39.38012270419054
1972-09-29	-21.879942175988923
1972-09-30	1.5367265289298808
1972-10-01	-20.429419001219316
1972-10-02	17.240898551773803
1972-10-03	0.2599086837183401
1972-10-04	0.610222240870613
1972-10-05	-1.5139747425462866
1972-10-06	14.105780888351122
1972-10-07	4.331959461006978
1972-10-08	-9.467377472013764
1972-10-09	-6.857718808158418
1972-10-10	-4.513154136191088
1972-10-11	10.046990859663685
1972-10-12	-5.713562767284692
1972-10-13	8.940273850856125
1972-10-14	30.19792376605126
1972-10-15	13.793815664139478
1972-10-16	22.337346650264823
1972-10-17	33.21776190714
1972-10-18	-1.6720410940748975
1972-10-19	20.042500147762134
1972-10-20	-28.32998593935905
1972-10-21	-1.5598789000994924
1972-10-22	19.63483131616555
1972-10-23	30.496304091097695
1972-10-24	-0.37159001605974185
1972-10-25	25.04108167959724
1972-10-26	-10.830129979741661
1972-10-27	-15.633621428981755
1972-10-28	1.9892724911693973
1972-10-29	34.05170726646935
1972-10-30	-14.913624588769864
1972-10-31	11.933323445811276
1972-11-01	2.299895749691753
1972-11-02	21.594146065510593
1972-11-03	14.642004540158943
1972-11-04	-30.259088902990698
1972-11-05	-22.825597033642648
1972-11-06	31.598082281238746
1972-11-07	42.261436093466756
1972-11-08	8.292100003236587
1972-11-09	19.56696900548944
1972-11-10	-6.157239219217769
1972-11-11	4.794592456626602
1972-11-12	39.769404773890734
1972-11-13	-3.0745272150719343
1972-11-14	16.832675326301022
1972-11-15	35.52884304282839
1972-11-16	-12.342369415432609
1972-11-17	-19.318123657533114
1972-11-18	65.77621327580415
1972-11-19	11.766396306214592
1972-11-20	-44.89337099670111
1972-11-21	41.039299677558056
1972-11-22	-19.715245335790044
1972-11-23	-14.67409327951026
1972-11-24	-3.2132543380920566
1972-11-25	-44.639315685692296
1972-11-26	31.734029049435442
1972-11-27	-1.4642376946638984
1972-11-28	6.2733578828463825
1972-11-29	-2.654897149779279
1972-11-30	-7.416591702852621
1972-12-01	-5.064041076069754
1972-12-02	-17.23845095640159
1972-12-03	-15.59609230245545
1972-12-04	-13.164635450250572
1972-12-05	12.416171077923575
1972-12-06	30.83970572687546
1972-12-07	10.626631105220094
1972-12-08	-12.7506765785852
1972-12-09	-8.952784248570508
1972-12-10	-23.773264306245984
1972-12-11	4.531709199333487
1972-12-12	21.892518943315157
1972-12-13	-9.97475806323584
1972-12-14	-8.481347961641314
1972-12-15	-14.420218166971198
1972-12-16	32.806761766392036
1972-12-17	-7.39111956870059
1972-12-18	27.860997456388606
1972-12-19	3.4153525945614103
1972-12-20	7.822149587019956
1972-12-21	8.692669876056184
1972-12-22	6.499270271643276
1972-12-23	4.193649724231548
1972-12-24	-49.34062399273079
1972-12-25	51.815811894571375
1972-12-26	28.980744594618432
1972-12-27	20.029799655502863
1972-12-28	3.591713841795541
1972-12-29	17.285261499501644
1972-12-30	-21.022961808422426
1972-12-31	-1.749283458088901
1973-01-01	-18.501929950668888
1973-01-02	23.488390638827692
1973-01-03	38.436515127746695
1973-01-04	-18.313687148534996
1973-01-05	-8.101715743441693
1973-01-06	-6.9287544523099855
1973-01-07	-3.9296182522801253
1973-01-08	-17.979737356749183
1973-01-09	13.708371160896704
1973-01-10	6.618381451772084
1973-01-11	-13.691123224720934
1973-01-12	36.48535945315193
1973-01-13	-23.732426774908923
1973-01-14	8.510414418781675
1973-01-15	-8.286520410176973
1973-01-16	-4.316065364160777
1973-01-17	-18.390926980858694
1973-01-18	-17.764593607552502
1973-01-19	22.131209456042935
1973-01-20	7.187984876608461
1973-01-21	3.2444198833884936
1973-01-22	0.5275987811723988
1973-01-23	-19.889083400885855
1973-01-24	27.951695921714272
1973-01-25	-3.4883919135706716
1973-01-26	30.612756849072273
1973-01-27	-10.879550021170543
1973-01-28	5.9003035932246295
1973-01-29	-39.46058379612022
1973-01-30	10.90926926617811
1973-01-31	-4.931304033975708
1973-02-01	-2.4409266967023964
1973-02-02	5.154699357337593
1973-02-03	17.237078636019735
1973-02-04	-11.268944623729684
1973-02-05	-31.09696495387756
1973-02-06	12.749020569967076
1973-02-07	44.63737763386047
1973-02-08	-37.75772373947741
1973-02-09	-36.155814207407744
1973-02-10	17.649252752339745
1973-02-11	21.379914196313344
1973-02-12	-31.797339225631376
1973-02-13	1.6442037810682777
1973-02-14	4.777206712810039
1973-02-15	-7.473509877838216
1973-02-16	20.853659308919017
1973-02-17	2.0698694206936548
1973-02-18	-0.3178225605644225
1973-02-19	5.650843737229224
1973-02-20	8.040057662637361
1973-02-21	5.409323272210905
1973-02-22	-6.388129138509825
1973-02-23	-12.504954890285058
1973-02-24	36.31955259034792
1973-02-25	-42.351645463557006
1973-02-26	-17.94239910381099
1973-02-27	27.051655732411422
1973-02-28	6.3065317650189625
1973-03-01	-27.419676062852982
1973-03-02	29.69475509426487
1973-03-03	8.000417490300668
1973-03-04	-10.508099401430751
1973-03-05	28.521486313732932
1973-03-06	-9.233871489291278
1973-03-07	4.955238481950802
1973-03-08	-11.398271225087527
1973-03-09	6.356190867408961
1973-03-10	31.507184915339593
1973-03-11	2.3000547028807246
1973-03-12	18.564794499420387
1973-03-13	-12.37151779084713
1973-03-14	-7.011150961922478
1973-03-15	21.568075029885403
1973-03-16	-5.274279729055671
1973-03-17	-5.12223269065718
1973-03-18	-20.886889968601967
1973-03-19	-5.799707570255907
1973-03-20	-11.682658715242175
1973-03-21	29.77873913507795
1973-03-22	-6.678296165591253
1973-03-23	11.406696763330922
1973-03-24	5.447330275967145
1973-03-25	-10.791444464542485
1973-03-26	-29.040972445072622
1973-03-27	7.661506433695694
1973-03-28	-24.235346321074413
1973-03-29	-15.068737763392893
1973-03-30	-3.356323746859738
1973-03-31	-4.0319033328538625
1973-04-01	-2.4501939934620838
1973-04-02	-4.053242616521313
1973-04-03	-24.17666075569003
1973-04-04	-3.9203921898775764
1973-04-05	2.7381873378846615
1973-04-06	29.92460821613509
1973-04-07	-17.723545874405843
1973-04-08	-62.80874110611784
1973-04-09	-16.39189757643931
1973-04-10	-31.053650036829524
1973-04-11	-26.914112928482922
1973-04-12	19.945461984016983
1973-04-13	15.585410999802509
1973-04-14	43.105288504067545
1973-04-15	11.154575326339787
1973-04-16	-10.952997738114854
1973-04-17	10.469155706183725
1973-04-18	42.2314206480984
1973-04-19	8.857384834367874
1973-04-20	-15.57653119848283
1973-04-21	41.587669079578085
1973-04-22	-48.64110369060606
1973-04-23	-27.838926943401894
1973-04-24	10.907354013381024
1973-04-25	19.445010949802462
1973-04-26	-18.459793384331206
1973-04-27	-22.798692032649548
1973-04-28	37.179097937659
1973-04-29	-14.088204779592905
1973-04-30	5.0880382633266334
1973-05-01	-46.66682837194412
1973-05-02	28.227158253171748
1973-05-03	-2.7197355972819253
1973-05-04	23.60325469381989
1973-05-05	-14.56647407702166
1973-05-06	-15.188073284371782
1973-05-07	-24.808591802988655
1973-05-08	-62.585294553078285
1973-05-09	29.145357474161287
1973-05-10	34.59597889886231
1973-05-11	-8.539579139606829
1973-05-12	10.714751136408891
1973-05-13	-8.502432441336808
1973-05-14	-24.603181482514284
1973-05-15	38.411610630017016
1973-05-16	-8.38128378714349
1973-05-17	-7.14255455981694
1973-05-18	11.670170204545057
1973-05-19	-8.943402924892963
1973-05-20	-11.291758832243
1973-05-21	-1.0613320219276032
1973-05-22	-11.36052579528776
1973-05-23	-1.4261635521848113
1973-05-24	-10.945168485512696
1973-05-25	5.349535207224341
1973-05-26	6.776064674237824
1973-05-27	29.227292168390356
1973-05-28	11.745173131458778
1973-05-29	36.21375681531032
1973-05-30	-12.24789483593358
1973-05-31	-31.8309155945418
1973-06-01	-39.95336016647791
1973-06-02	-64.40825525221983
1973-06-03	-2.2224748992549053
1973-06-04	-2.9229512284145702
1973-06-05	-22.232941605287362
1973-06-06	-1.0443377648836136
1973-06-07	54.05829720600815
1973-06-08	-8.570236754968269
1973-06-09	33.20433874864566
1973-06-10	11.717781698663211
1973-06-11	-6.934057401958966
1973-06-12	-19.428065962176206
1973-06-13	-14.536548023224748
1973-06-14	7.230443768043415
1973-06-15	17.382941918143608
1973-06-16	-25.03864452596248
1973-06-17	21.09484998773349
1973-06-18	-1.4604755275472219
1973-06-19	32.971343341879916
1973-06-20	10.493939254347794
1973-06-21	36.068233491019306
1973-06-22	-16.81453222657619
1973-06-23	9.888641257137898
1973-06-24	16.926840834082608
1973-06-25	-20.800093373863913
1973-06-26	6.048820635378146
1973-06-27	-3.338998783363219
1973-06-28	-48.67389654775297
1973-06-29	38.09857875253004
1973-06-30	-35.145047292126506
1973-07-01	1.1779451834464418
1973-07-02	-4.926514529386781
1973-07-03	-25.132546768110405
1973-07-04	-6.5997822979364935
1973-07-05	-30.374502873869712
1973-07-06	-14.91203523185921
1973-07-07	2.1157654077248145
1973-07-08	16.739933820198207
1973-07-09	30.26173940316441
1973-07-10	12.90993852279941
1973-07-11	30.07383525200734
1973-07-12	44.36119221827933
1973-07-13	12.756117933341947
1973-07-14	-3.311980712350455
1973-07-15	1.2216318289275991
1973-07-16	-14.754130831073054
1973-07-17	41.8752504593443
1973-07-18	-6.6080686370771105
1973-07-19	16.58318734156159
1973-07-20	-8.960835004808702
1973-07-21	-21.63325096961703
1973-07-22	-21.0528046939658
1973-07-23	-14.981624540706575
1973-07-24	10.111332430883865
1973-07-25	-13.878867073704203
1973-07-26	-8.716115864424614
1973-07-27	-9.64338350838795
1973-07-28	18.189405451344825
1973-07-29	13.511008028528924
1973-07-30	-35.054108360980855
1973-07-31	-9.722310048448723
1973-08-01	-18.573064068297388
1973-08-02	28.579868614400933
1973-08-03	-2.9074108396136644
1973-08-04	28.47548151958853
1973-08-05	-8.58681336032262
1973-08-06	9.148959477774943
1973-08-07	55.02218619959709
1973-08-08	-7.358310942801769
1973-08-09	-10.991439041492024
1973-08-10	34.19057458351716
1973-08-11	13.087844438194454
1973-08-12	28.347559512421725
1973-08-13	8.261482606617252
1973-08-14	-3.988309879314677
1973-08-15	-3.340750308540408
1973-08-16	33.95138414497589
1973-08-17	43.45158609703978
1973-08-18	-42.36222701012934
1973-08-19	14.659404261764267
1973-08-20	-20.68715847530294
1973-08-21	-9.704542988375096
1973-08-22	38.179937082500636
1973-08-23	3.506793178122197
1973-08-24	7.973495871293799
1973-08-25	-19.896262358123437
1973-08-26	20.948572554626722
1973-08-27	-22.114885336018503
1973-08-28	7.568206104712714
1973-08-29	15.506087820254661
1973-08-30	26.84065990101494
1973-08-31	12.095867915058502
1973-09-01	-12.662621515031546
1973-09-02	-29.152415238053496
1973-09-03	35.71538898752949
1973-09-04	1.0844451721910662
1973-09-05	-23.639520936383974
1973-09-06	15.679527078389897
1973-09-07	-35.623973380568614
1973-09-08	3.5195710725266913
1973-09-09	-6.493460789627052
1973-09-10	-10.105901728240404
1973-09-11	7.3403396933013605
1973-09-12	1.2778758367324448
1973-09-13	-13.045043154506605
1973-09-14	45.18765444173206
1973-09-15	23.28044696051451
1973-09-16	5.056646665411739
1973-09-17	0.2533504958640307
1973-09-18	0.42956518718691805
1973-09-19	-4.4148413060765055
1973-09-20	17.983164097928174
1973-09-21	-33.33590683491484
1973-09-22	-45.43045478488942
1973-09-23	-9.351246086586807
1973-09-24	3.11632385937261
1973-09-25	4.9761649955592375
1973-09-26	7.018119787208762
1973-09-27	11.913545046730619
1973-09-28	-15.103563293826674
1973-09-29	22.184865967456897
1973-09-30	-49.7162108016914
1973-10-01	-17.857283547283053
1973-10-02	-4.325249469555334
1973-10-03	-48.66058820860039
1973-10-04	-0.3257024588462978
1973-10-05	20.286004822779105
1973-10-06	-8.91379389522091
1973-10-07	53.22730705128731
1973-10-08	9.946228571253961
1973-10-09	-5.957345997945361
1973-10-10	-3.0983651824014355
1973-10-11	-37.99476747485727
1973-10-12	1.5884174656544543
1973-10-13	-35.170941945632876
1973-10-14	-1.7688606791345578
1973-10-15	-2.4643765648620946
1973-10-16	41.76082390351116
1973-10-17	28.48369162414525
1973-10-18	-84.21194518212558
1973-10-19	-6.429587651811412
1973-10-20	-7.683135429127336
1973-10-21	-15.48452047927833
1973-10-22	-9.83845073726145
1973-10-23	0.10345183665786672
1973-10-24	-20.45511374479834
1973-10-25	-10.937698790931009
1973-10-26	-29.647694209202925
1973-10-27	5.593092792061961
1973-10-28	-38.00272925579209
1973-10-29	-28.186372664091504
1973-10-30	-17.95041327771822
1973-10-31	-14.156552731912466
1973-11-01	-8.587899372319116
1973-11-02	11.10980077507029
1973-11-03	-2.3027244249133227
1973-11-04	10.588280087274498
1973-11-05	-0.576403046984882
1973-11-06	-26.040836781434628
1973-11-07	23.851524103988037
1973-11-08	46.11506405708343
1973-11-09	18.77087983757909
1973-11-10	-7.017990911919153
1973-11-11	22.393009886886457
1973-11-12	-4.570695896618934
1973-11-13	-29.07482386474296
1973-11-14	15.806145461381357
1973-11-15	-1.669921046509226
1973-11-16	-9.49133930788444
1973-11-17	-6.253497553491646
1973-11-18	-0.5158401536843997
1973-11-19	27.47851108744198
1973-11-20	-7.909228004617896
1973-11-21	17.54403060854268
1973-11-22	-3.700743106921217
1973-11-23	-25.825444769083706
1973-11-24	-56.383035701954306
1973-11-25	-17.07668560165127
1973-11-26	42.12433364909443
1973-11-27	9.482976092339829
1973-11-28	26.75204079165126
1973-11-29	-7.9682786884970245
1973-11-30	12.251948121871692
1973-12-01	29.096584898975628
1973-12-02	-5.765520235318149
1973-12-03	13.344615804024562
1973-12-04	-16.11816941131614
1973-12-05	-0.9702344575834945
1973-12-06	-30.745321809130456
1973-12-07	28.86571000219378
1973-12-08	30.543868534769505
1973-12-09	-20.96946232323721
1973-12-10	-35.236203565711776
1973-12-11	-5.591187706605776
1973-12-12	0.14293394179132624
1973-12-13	-30.476742707439016
1973-12-14	-8.67597777928423
1973-12-15	23.398253958073862
1973-12-16	-45.906500116448704
1973-12-17	25.874586184575556
1973-12-18	13.09314657556329
1973-12-19	-24.123489455255307
1973-12-20	-13.15694937762632
1973-12-21	12.682905994454515
1973-12-22	38.55370575010759
1973-12-23	-7.865654294338183
1973-12-24	-24.79911127405078
1973-12-25	-5.151727772469892
1973-12-26	-5.938992396187077
1973-12-27	26.730469608386795
1973-12-28	-6.813693203802846
1973-12-29	8.623388823040742
1973-12-30	9.522789921741982
1973-12-31	-19.546963420611124
1974-01-01	25.770753582945964
1974-01-02	9.712181027763542
1974-01-03	13.715814691169502
1974-01-04	4.539102017454947
1974-01-05	-14.544566651812627
1974-01-06	-4.745466500230059
1974-01-07	-2.2380699835230624
1974-01-08	29.262978203297436
1974-01-09	22.50707293698218
1974-01-10	48.83672572324343
1974-01-11	0.2970219148099247
1974-01-12	11.118775650478007
1974-01-13	8.873552478981985
1974-01-14	-10.11046919901091
1974-01-15	17.2451568216893
1974-01-16	18.283978909291314
1974-01-17	-18.742218966305604
1974-01-18	14.374497723031366
1974-01-19	1.3597416759823981
1974-01-20	-33.00191135281835
1974-01-21	6.298717254595342
1974-01-22	-7.15083370619617
1974-01-23	-46.40385464523316
1974-01-24	50.17165806852878
1974-01-25	-48.03961668643177
1974-01-26	9.619076360362282
1974-01-27	12.73921316116245
1974-01-28	-52.52142291180329
1974-01-29	-12.536034649135377
1974-01-30	-40.83455958306481
1974-01-31	-27.603809554249043
1974-02-01	-21.95858663433646
1974-02-02	6.714631816473563
1974-02-03	27.986867205800156
1974-02-04	-27.625175645953153
1974-02-05	-6.425099978181565
1974-02-06	22.152888809158554
1974-02-07	0.3113933417044984
1974-02-08	1.0488030829197466
1974-02-09	-52.98304154699184
1974-02-10	13.217457193751429
1974-02-11	7.425471106601874
1974-02-12	-18.860169513644298
1974-02-13	35.12079891920895
1974-02-14	-43.01647521635886
1974-02-15	-1.4618114412061696
1974-02-16	35.38656684722479
1974-02-17	22.21104442863024
1974-02-18	34.036224071269004
1974-02-19	23.541311985483425
1974-02-20	3.0088192473288657
1974-02-21	42.74605683184124
1974-02-22	24.669257145984723
1974-02-23	-33.089837013094744
1974-02-24	4.236792950404116
1974-02-25	-23.96665981992622
1974-02-26	-0.2530894675642601
1974-02-27	16.970405874574933
1974-02-28	-17.281634193165928
1974-03-01	-24.979780450596895
1974-03-02	23.423923785194802
1974-03-03	-10.808531584345804
1974-03-04	5.5299725466190015
1974-03-05	10.109257806064448
1974-03-06	21.287524438426555
1974-03-07	-10.57173583616705
1974-03-08	12.769235582562812
1974-03-09	-9.181105286826533
1974-03-10	-9.33182539419914
1974-03-11	-17.13694836503293
1974-03-12	-6.84882744264525
1974-03-13	13.262831319835307
1974-03-14	5.756006064665381
1974-03-15	-39.762206009307135
1974-03-16	-16.56482852724168
1974-03-17	-27.727838127830452
1974-03-18	8.587596448411999
1974-03-19	-31.11791217916445
1974-03-20	-27.2950410770687
1974-03-21	8.181130324918119
1974-03-22	-10.449403513196053
1974-03-23	-1.1215564546407222
1974-03-24	19.70936602530996
1974-03-25	-18.52731473253534
1974-03-26	-21.502526340398024
1974-03-27	13.66989174162108
1974-03-28	2.1880774629766195
1974-03-29	-27.126730930063736
1974-03-30	6.726884100110147
1974-03-31	19.16714774900522
1974-04-01	2.9779977191602214
1974-04-02	28.277226955602877
1974-04-03	-2.065483413529887
1974-04-04	21.092151043400996
1974-04-05	-39.849896026302375
1974-04-06	-19.74610658609656
1974-04-07	-54.77988362846294
1974-04-08	-17.16637989321729
1974-04-09	-33.2298477435742
1974-04-10	17.773295259434494
1974-04-11	-2.5357916979853794
1974-04-12	-24.74070912570134
1974-04-13	19.782894314540364
1974-04-14	36.49191907145612
1974-04-15	24.191735674557172
1974-04-16	-3.3154050736842278
1974-04-17	11.03353581930614
1974-04-18	-2.1557900060755575
1974-04-19	-2.8149260632660633
1974-04-20	-6.2969594389023555
1974-04-21	26.589500459320522
1974-04-22	1.117840711076995
1974-04-23	30.777089862438302
1974-04-24	-0.5882950819752379
1974-04-25	19.477239738703332
1974-04-26	14.668983655264066
1974-04-27	9.663261228102897
1974-04-28	2.1462402769470996
1974-04-29	10.954606036555228
1974-04-30	36.32467828500932
1974-05-01	27.619599462645198
1974-05-02	-0.780502112879663
1974-05-03	-19.091520801569068
1974-05-04	-18.293154337191872
1974-05-05	0.9259376546596972
1974-05-06	-1.0505565276102347
1974-05-07	12.407841732313141
1974-05-08	-28.879729403136146
1974-05-09	-8.548261192737028
1974-05-10	22.056054087111004
1974-05-11	13.615934147633384
1974-05-12	22.707819105072247
1974-05-13	0.8460300407455223
1974-05-14	1.5192433211230578
1974-05-15	23.9780685910649
1974-05-16	21.72391337406434
1974-05-17	-25.554217530536185
1974-05-18	-21.048151708922056
1974-05-19	40.83187079127123
1974-05-20	-1.1744273979580482
1974-05-21	21.019962936202106
1974-05-22	-10.255420072767267
1974-05-23	-11.171843809077142
1974-05-24	-18.22436258353881
1974-05-25	14.13877410950999
1974-05-26	21.567017900782098
1974-05-27	-20.51415435898022
1974-05-28	-8.59853370679272
1974-05-29	25.5211201566563
1974-05-30	8.136920426326721
1974-05-31	12.058357996414092
1974-06-01	-34.65309259191928
1974-06-02	16.848157086274114
1974-06-03	-0.8373650732443159
1974-06-04	22.76931122462589
1974-06-05	-16.32874619510593
1974-06-06	-22.78852352322605
1974-06-07	-23.808058660265445
1974-06-08	5.660174638878033
1974-06-09	-18.539699810636105
1974-06-10	29.84502216832756
1974-06-11	-9.079720047733261
1974-06-12	30.421667276637606
1974-06-13	-3.488121280547527
1974-06-14	-3.115098926825363
1974-06-15	26.470765155530874
1974-06-16	-7.318436569927108
1974-06-17	31.69976225539843
1974-06-18	10.050542472765802
1974-06-19	8.117523376426591
1974-06-20	8.316603591275085
1974-06-21	18.884069976831295
1974-06-22	-14.071129426981399
1974-06-23	-8.057080214111012
1974-06-24	3.797222726883147
1974-06-25	-6.882035493352415
1974-06-26	-18.03825326778026
1974-06-27	-0.5945993805934622
1974-06-28	-26.047047065084026
1974-06-29	40.04967096856467
1974-06-30	-37.72196004692049
1974-07-01	-2.313936865404104
1974-07-02	32.841402960212996
1974-07-03	21.49674900759505
1974-07-04	0.5194186318627906
1974-07-05	61.44681917667667
1974-07-06	-17.52636901645325
1974-07-07	-1.9284641650824275
1974-07-08	-0.46270680195182723
1974-07-09	8.402605833485014
1974-07-10	-12.316449337866459
1974-07-11	-5.557776321618893
1974-07-12	-22.96642551736086
1974-07-13	-0.4989556673909037
1974-07-14	5.902683292496807
1974-07-15	24.862602275594597
1974-07-16	11.571541315554253
1974-07-17	-7.386094077325309
1974-07-18	-1.0459111077338703
1974-07-19	-21.669689567332114
1974-07-20	20.05750918430425
1974-07-21	-16.68055976511783
1974-07-22	-5.682660678369468
1974-07-23	-10.075179420660419
1974-07-24	5.641848389327303
1974-07-25	12.798057983851379
1974-07-26	23.926609933622824
1974-07-27	12.86821684077528
1974-07-28	-10.84289553684084
1974-07-29	-56.90421724198909
1974-07-30	-0.31708812760339944
1974-07-31	6.509703285377567
1974-08-01	26.3666340044075
1974-08-02	-8.537225188539274
1974-08-03	16.162560705673737
1974-08-04	-14.952511310978588
1974-08-05	31.393326730863308
1974-08-06	-39.646691414965765
1974-08-07	-13.888453190899273
1974-08-08	-65.83369754339463
1974-08-09	35.91484454684744
1974-08-10	-15.09441644043888
1974-08-11	23.66384782505469
1974-08-12	-6.378735558441108
1974-08-13	-14.45613659026401
1974-08-14	-7.372082080574032
1974-08-15	16.347246886724708
1974-08-16	-25.993359688983816
1974-08-17	3.295332647940427
1974-08-18	2.0712747730074104
1974-08-19	13.682412713521472
1974-08-20	-51.76397333575797
1974-08-21	-7.3033416078200695
1974-08-22	19.441938104115064
1974-08-23	15.225591281875202
1974-08-24	32.86410814050562
1974-08-25	-12.44518593535976
1974-08-26	13.991697421376122
1974-08-27	-4.0050194464246
1974-08-28	-18.007177435022683
1974-08-29	-15.707862116283792
1974-08-30	-14.012528826872764
1974-08-31	-12.747391589541138
1974-09-01	10.099950893220397
1974-09-02	-11.730802923819741
1974-09-03	-39.890050434924596
1974-09-04	27.104794084598353
1974-09-05	8.014989821858816
1974-09-06	-25.636743614596465
1974-09-07	12.092908878407284
1974-09-08	27.56065381208276
1974-09-09	-18.80134502622446
1974-09-10	5.5614933789681045
1974-09-11	-22.3487999438441
1974-09-12	34.145910772055096
1974-09-13	26.091327913631936
1974-09-14	-7.660390264807402
1974-09-15	8.038125562348446
1974-09-16	43.26461621644826
1974-09-17	-20.561047884377636
1974-09-18	8.9777964225318
1974-09-19	-14.309506426331774
1974-09-20	-19.42293685491851
1974-09-21	12.993850416993148
1974-09-22	-24.232662733808855
1974-09-23	-41.73764033209137
1974-09-24	-32.494234110253764
1974-09-25	-5.196666519909579
1974-09-26	-16.567600742096417
1974-09-27	-12.115915202213184
1974-09-28	-8.881295684900138
1974-09-29	-2.8020572439152964
1974-09-30	-41.56052115947595
1974-10-01	21.751835225125895
1974-10-02	0.3622725675068724
1974-10-03	-60.325569590880065
1974-10-04	-25.970592281647136
1974-10-05	-22.65517587390525
1974-10-06	-9.529332146483547
1974-10-07	32.90429227157953
1974-10-08	4.971654858139745
1974-10-09	-38.926206656427404
1974-10-10	24.502516079550954
1974-10-11	-18.336804052158634
1974-10-12	14.06476072861365
1974-10-13	-14.662073556007691
1974-10-14	-28.73011543461771
1974-10-15	-31.8168085977415
1974-10-16	7.883723999366344
1974-10-17	-14.607955916339883
1974-10-18	18.502276055074912
1974-10-19	-0.30284333645922423
1974-10-20	30.20504196222657
1974-10-21	11.763897791002217
1974-10-22	-5.557431874932032
1974-10-23	22.035351347554194
1974-10-24	-24.838314671954365
1974-10-25	-14.845132326445635
1974-10-26	23.306571111672497
1974-10-27	-6.979913483084782
1974-10-28	-11.450245329633491
1974-10-29	39.46392716410823
1974-10-30	22.405295216728334
1974-10-31	12.45516665604447
1974-11-01	11.568994252052958
1974-11-02	2.7352107801599486
1974-11-03	37.38887806714586
1974-11-04	6.391846194648656
1974-11-05	8.482749839760267
1974-11-06	-4.15791361966568
1974-11-07	-11.53876234991902
1974-11-08	35.15647646941891
1974-11-09	-0.8573097773215672
1974-11-10	24.060429232091703
1974-11-11	5.8952732083033785
1974-11-12	35.56822001676242
1974-11-13	-55.28876608490289
1974-11-14	-20.419284562295154
1974-11-15	-5.987159419962318
1974-11-16	-5.793496754800611
1974-11-17	16.327590354737673
1974-11-18	23.183787337726773
1974-11-19	-2.2160909904907573
1974-11-20	-23.436702953585726
1974-11-21	46.45271936259006
1974-11-22	21.70091045798284
1974-11-23	-43.19778462556303
1974-11-24	29.545840031564474
1974-11-25	-5.532789241312478
1974-11-26	13.684627668609393
1974-11-27	-3.128535946070077
1974-11-28	-8.33437706416699
1974-11-29	9.776396649278652
1974-11-30	4.5456957133642995
1974-12-01	-27.30729357794814
1974-12-02	-19.941960224259176
1974-12-03	4.225892649394109
1974-12-04	-0.419046954024197
1974-12-05	10.395215204288737
1974-12-06	45.81870291555592
1974-12-07	-4.813651405734115
1974-12-08	-14.142456924726332
1974-12-09	20.649590150565334
1974-12-10	1.1457873371034075
1974-12-11	13.703809954710644
1974-12-12	-20.10687771277655
1974-12-13	18.387751393803512
1974-12-14	-3.4566525544456566
1974-12-15	12.773048883759627
1974-12-16	4.236381451431734
1974-12-17	-17.54195741020266
1974-12-18	-14.429098921499662
1974-12-19	-9.779023400781822
1974-12-20	-2.153779339051205
1974-12-21	15.600970796323427
1974-12-22	-5.160241533683468
1974-12-23	18.3575763611655
1974-12-24	-7.887772724647654
1974-12-25	-7.921926373456138
1974-12-26	-1.0775896813567816
1974-12-27	-28.740122743159734
1974-12-28	-3.729409197088935
1974-12-29	1.2657912092753492
1974-12-30	1.6594423200661579
1974-12-31	-1.9049335879811171
1975-01-01	-27.48501146771945
1975-01-02	15.106645336087308
1975-01-03	-14.97584637105145
1975-01-04	38.00696029477455
1975-01-05	28.14850262959823
1975-01-06	-15.939073046265538
1975-01-07	9.602603869210656
1975-01-08	22.16019777017899
1975-01-09	8.011148134621934
1975-01-10	-3.8223843287594415
1975-01-11	-3.832961345168587
1975-01-12	4.794717652362349
1975-01-13	21.643565059099924
1975-01-14	-32.913599698237874
1975-01-15	0.3806866169067994
1975-01-16	-25.671773789909754
1975-01-17	2.84702999007666
1975-01-18	39.158211442535745
1975-01-19	-23.77779709499074
1975-01-20	-36.232875080868524
1975-01-21	22.141287329340113
1975-01-22	13.654089287163117
1975-01-23	-3.3330897509284245
1975-01-24	-11.151984991100427
1975-01-25	-15.512420601055013
1975-01-26	-46.59032175032138
1975-01-27	-14.079560093092091
1975-01-28	-21.424657331386275
1975-01-29	38.674072133157914
1975-01-30	18.043094833958
1975-01-31	7.274005230827451
1975-02-01	22.866005627198835
1975-02-02	-14.533992186767763
1975-02-03	-36.87772142813893
1975-02-04	0.9109820073567484
1975-02-05	4.9934363214159685
1975-02-06	-7.3700864250788385
1975-02-07	-12.948040497027288
1975-02-08	32.563347506071814
1975-02-09	6.9289998104618675
1975-02-10	33.34892436296704
1975-02-11	25.142815727466978
1975-02-12	-28.972011175144537
1975-02-13	34.73426873750361
1975-02-14	20.1735555272479
1975-02-15	-1.5006014313779084
1975-02-16	-38.04453520749693
1975-02-17	-8.08049379588012
1975-02-18	1.1633753574829488
1975-02-19	-13.990563637451999
1975-02-20	-7.6401454222142675
1975-02-21	8.401889689888206
1975-02-22	27.811912365592345
1975-02-23	-6.2598567695776755
1975-02-24	-0.389286553276446
1975-02-25	34.13816605036209
1975-02-26	-7.966483214199522
1975-02-27	-35.621348894630366
1975-02-28	-3.7036583759968362
1975-03-01	20.977499758153165
1975-03-02	-36.68460536180425
1975-03-03	-52.213800391845766
1975-03-04	17.13715216288036
1975-03-05	-23.702322112352338
1975-03-06	7.945867453745284
1975-03-07	-8.560801115619235
1975-03-08	-5.371794275086396
1975-03-09	-6.421736504252249
1975-03-10	-21.74219374441654
1975-03-11	13.192856016652819
1975-03-12	3.7316620122258657
1975-03-13	-8.168924964088939
1975-03-14	5.007199405872731
1975-03-15	22.84654031199812
1975-03-16	5.993839999138346
1975-03-17	-7.56947515355532
1975-03-18	20.46384741288447
1975-03-19	13.967764728742003
1975-03-20	-15.935534216094396
1975-03-21	-10.98024088782822
1975-03-22	2.3771923836423907
1975-03-23	3.050252749452685
1975-03-24	16.36988600775411
1975-03-25	7.331785129129195
1975-03-26	4.359570417997379
1975-03-27	9.293587130358457
1975-03-28	-12.031136418956072
1975-03-29	-15.115562098527587
1975-03-30	-9.333036321853077
1975-03-31	2.999523699548045
1975-04-01	-15.495880535354857
1975-04-02	19.34901063299857
1975-04-03	-12.320906831084367
1975-04-04	35.88409039999779
1975-04-05	-16.50766359391156
1975-04-06	11.738887444809514
1975-04-07	4.592161516027347
1975-04-08	-28.195747531787116
1975-04-09	52.68931360199647
1975-04-10	1.6985544835673485
1975-04-11	-32.246398834827495
1975-04-12	9.758550598173988
1975-04-13	20.080309482186784
1975-04-14	4.925985875200396
1975-04-15	-3.4840907166794066
1975-04-16	15.32334043622529
1975-04-17	25.788387564214922
1975-04-18	-4.580386000246814
1975-04-19	48.94982607068757
1975-04-20	16.868248566191966
1975-04-21	-4.599432229610624
1975-04-22	-9.998701727051373
1975-04-23	22.182876822090645
1975-04-24	20.57056038810584
1975-04-25	3.943465820750796
1975-04-26	-8.19380684288886
1975-04-27	-9.475387431930207
1975-04-28	-1.2955357429886074
1975-04-29	7.64550557577241
1975-04-30	4.337079123163192
1975-05-01	13.033364666412062
1975-05-02	-33.031494744342815
1975-05-03	27.72291387461912
1975-05-04	5.913739077467008
1975-05-05	-16.623672305850665
1975-05-06	-15.190752127978097
1975-05-07	8.262628311066923
1975-05-08	7.4880605138258085
1975-05-09	10.589414299518547
1975-05-10	35.51059433946917
1975-05-11	-7.299193954938067
1975-05-12	-13.64009670219056
1975-05-13	-3.5112316141572606
1975-05-14	-2.888290941008207
1975-05-15	31.35678911673418
1975-05-16	29.416239095178533
1975-05-17	-17.242409985956918
1975-05-18	-14.395181719467834
1975-05-19	-19.844080340401714
1975-05-20	-30.56116538152477
1975-05-21	-29.85903350862465
1975-05-22	-4.6875374665634775
1975-05-23	0.712470247706924
1975-05-24	2.9276130697257496
1975-05-25	-42.65200509780164
1975-05-26	20.120292042339646
1975-05-27	15.679776958091917
1975-05-28	17.008918058539027
1975-05-29	-2.033087316408378
1975-05-30	-26.14962288101702
1975-05-31	18.235675142574213
1975-06-01	3.1463921963106403
1975-06-02	0.8907561706865585
1975-06-03	22.893921424009793
1975-06-04	13.812077964543336
1975-06-05	-24.601943642832467
1975-06-06	36.39996579366775
1975-06-07	-23.385851551962826
1975-06-08	11.097387927788066
1975-06-09	-3.1834256172573543
1975-06-10	11.745383854994905
1975-06-11	4.885258924265819
1975-06-12	-5.630315343383126
1975-06-13	7.912477333607418
1975-06-14	50.0612153838954
1975-06-15	26.34701018467725
1975-06-16	-6.825711123792253
1975-06-17	10.134469510123875
1975-06-18	-5.485430145765532
1975-06-19	7.657843285537196
1975-06-20	8.018111893000075
1975-06-21	8.180022279877386
1975-06-22	4.945482327007174
1975-06-23	5.079346545533158
1975-06-24	2.637221493218539
1975-06-25	-16.682413850155896
1975-06-26	-27.764534286327198
1975-06-27	29.03823676408715
1975-06-28	-2.3948900276012033
1975-06-29	6.631352033586341
1975-06-30	13.309922782116363
1975-07-01	-14.387611954323559
1975-07-02	-6.254862019688914
1975-07-03	-1.8053220267537127
1975-07-04	3.4037298601928665
1975-07-05	-2.22676090135592
1975-07-06	-17.290236613685778
1975-07-07	31.30969617963039
1975-07-08	-50.611825242225635
1975-07-09	24.617712453140957
1975-07-10	18.651349643317477
1975-07-11	-6.593304239076902
1975-07-12	-0.35233540380464645
1975-07-13	-28.315941423331985
1975-07-14	0.8430685366387912
1975-07-15	-4.218128986869074
1975-07-16	-23.814610347116933
1975-07-17	7.367093096797858
1975-07-18	2.695540315766909
1975-07-19	33.673575902971926
1975-07-20	51.3751530135629
1975-07-21	33.61870316167606
1975-07-22	11.915927062970827
1975-07-23	5.1131832183043375
1975-07-24	15.026806386933892
1975-07-25	-10.664016793496609
1975-07-26	12.937665712489627
1975-07-27	21.221311908459025
1975-07-28	19.223279121337583
1975-07-29	1.4166756866873818
1975-07-30	17.50849238958377
1975-07-31	3.4928262657133677
1975-08-01	-11.08042264325501
1975-08-02	-9.79331141006422
1975-08-03	5.567636903391521
1975-08-04	16.640926833467276
1975-08-05	-11.73228622179366
1975-08-06	-12.487735951762064
1975-08-07	6.902709126278534
1975-08-08	-1.187183310093179
1975-08-09	2.5050842469030963
1975-08-10	-0.44294612151670365
1975-08-11	-12.007980636314118
1975-08-12	10.248037158590012
1975-08-13	41.14541574984429
1975-08-14	-23.49051935559574
1975-08-15	26.896773222663082
1975-08-16	21.047204925636464
1975-08-17	-25.542317725951065
1975-08-18	25.028439907098452
1975-08-19	8.886976843635187
1975-08-20	3.192891558509946
1975-08-21	-24.656532574195353
1975-08-22	-25.254962102773945
1975-08-23	3.467336991303524
1975-08-24	4.353503885722754
1975-08-25	-11.666782103159331
1975-08-26	13.722100816652226
1975-08-27	-28.70024416168899
1975-08-28	-26.929158565813346
1975-08-29	-11.74291916788038
1975-08-30	0.47837537462842594
1975-08-31	-7.445783036202016
1975-09-01	-38.016164864243514
1975-09-02	-54.106751247158286
1975-09-03	4.174181645617863
1975-09-04	55.332675795168264
1975-09-05	5.059916145234976
1975-09-06	-31.819449615776996
1975-09-07	-12.278630109847285
1975-09-08	-21.481249799866752
1975-09-09	-25.642218225997734
1975-09-10	-0.44989711464938265
1975-09-11	49.30195881874247
1975-09-12	-2.137738210668898
1975-09-13	11.669192576744665
1975-09-14	-3.2961746758843002
1975-09-15	25.35688182811842
1975-09-16	24.18153104063902
1975-09-17	5.010998245842897
1975-09-18	2.561263534180217
1975-09-19	-1.1004969326230658
1975-09-20	-33.95553309911894
1975-09-21	-5.321923704263906
1975-09-22	37.402558663909495
1975-09-23	17.233462986635708
1975-09-24	-20.40577539753347
1975-09-25	-7.446157821460261
1975-09-26	-14.277308881614763
1975-09-27	1.1801518575759848
1975-09-28	16.98004244050133
1975-09-29	-23.63825236502349
1975-09-30	5.765600174313668
1975-10-01	-18.742559644708415
1975-10-02	-21.708715113868557
1975-10-03	3.7147040789679373
1975-10-04	-8.435647615266813
1975-10-05	-14.035196095528649
1975-10-06	15.509585700994858
1975-10-07	2.1861504686920217
1975-10-08	24.687372317423062
1975-10-09	-36.104338300152016
1975-10-10	-38.67481792703403
1975-10-11	10.207732060902492
1975-10-12	-5.972351226496932
1975-10-13	3.5410378909252325
1975-10-14	28.278229789605057
1975-10-15	-11.77287699945704
1975-10-16	-26.863888511024857
1975-10-17	-22.17941157121733
1975-10-18	13.789287426605505
1975-10-19	-2.816024023493089
1975-10-20	16.139027604941088
1975-10-21	13.61640170823028
1975-10-22	-51.96566726583064
1975-10-23	-13.893160700094489
1975-10-24	8.364802061653117
1975-10-25	14.851488866257956
1975-10-26	-30.415636744322143
1975-10-27	46.392206184808295
1975-10-28	-2.4467429158506917
1975-10-29	-8.079257596176735
1975-10-30	-27.433382355781198
1975-10-31	-15.855857056017648
1975-11-01	-8.289648721443031
1975-11-02	11.206238964237265
1975-11-03	-7.643111123740201
1975-11-04	2.9840516752842587
1975-11-05	-38.84709748022615
1975-11-06	24.231221392268658
1975-11-07	-13.648840034501847
1975-11-08	16.39474099717682
1975-11-09	10.211599987239156
1975-11-10	-7.507239361127056
1975-11-11	-0.9930461525132541
1975-11-12	9.476853635178617
1975-11-13	14.819946255987505
1975-11-14	-41.347405757977626
1975-11-15	-6.799346434315698
1975-11-16	16.828827191101386
1975-11-17	19.072565785960148
1975-11-18	16.086458787211463
1975-11-19	30.846860295531254
1975-11-20	-18.254688902691566
1975-11-21	27.530228582748514
1975-11-22	-22.77199811648823
1975-11-23	24.027486578150672
1975-11-24	29.34288454820665
1975-11-25	4.7282199574783865
1975-11-26	19.14356178175047
1975-11-27	-6.504019905255278
1975-11-28	-41.863371751895436
1975-11-29	0.9194933999614552
1975-11-30	-3.996132859923862
1975-12-01	2.6413107511690734
1975-12-02	-25.092052083490028
1975-12-03	20.06413595404728
1975-12-04	14.268112770454689
1975-12-05	6.565436676243054
1975-12-06	-14.877635285587564
1975-12-07	-2.4843237747273887
1975-12-08	40.680929818958376
1975-12-09	-1.340066391318181
1975-12-10	15.958813421259988
1975-12-11	-43.38603062705281
1975-12-12	-5.956850051752906
1975-12-13	2.7450908975674566
1975-12-14	-10.183070815691828
1975-12-15	9.337271691330022
1975-12-16	-25.0317307834837
1975-12-17	10.747539076301786
1975-12-18	-24.868059282952533
1975-12-19	-7.931422721231414
1975-12-20	21.492433334709766
1975-12-21	17.99652403266274
1975-12-22	16.702342788746076
1975-12-23	12.036856992734664
1975-12-24	16.669496285001674
1975-12-25	-12.988147705380165
1975-12-26	-17.02265925137272
1975-12-27	-15.250554869245722
1975-12-28	-28.25490698059657
1975-12-29	5.885004953727648
1975-12-30	12.867544238169751
1975-12-31	-18.86963845764676
1976-01-01	-6.727492643882697
1976-01-02	-11.439903159109075
1976-01-03	0.4321580791284251
1976-01-04	-5.341651858582651
1976-01-05	39.418146648270195
1976-01-06	-20.21234820014377
1976-01-07	23.68962930719305
1976-01-08	-8.110727209753978
1976-01-09	37.002679628636926
1976-01-10	22.58058490404014
1976-01-11	-6.682494621304866
1976-01-12	45.5486728031745
1976-01-13	-32.35475511212259
1976-01-14	5.136372396013553
1976-01-15	-13.733985558318556
1976-01-16	-1.2488250260393328
1976-01-17	36.028936548821676
1976-01-18	-53.182520501609154
1976-01-19	18.040786456631093
1976-01-20	3.7773866062559636
1976-01-21	-2.7906502518115452
1976-01-22	7.781491333711303
1976-01-23	25.45564128685693
1976-01-24	-10.360076181176577
1976-01-25	19.809358859519776
1976-01-26	17.171477809443378
1976-01-27	21.45757515507813
1976-01-28	9.176675337634382
1976-01-29	3.856178516603684
1976-01-30	25.17690680036266
1976-01-31	5.595769284924406
1976-02-01	10.6956046693568
1976-02-02	3.4777198793430113
1976-02-03	31.201326159681486
1976-02-04	-12.061576303736313
1976-02-05	-5.552607022885816
1976-02-06	5.233947596201988
1976-02-07	-5.3967408549456595
1976-02-08	15.018045905816304
1976-02-09	28.432110065113058
1976-02-10	25.144218048628034
1976-02-11	-9.301607984679428
1976-02-12	-2.204864887122244
1976-02-13	13.38215014905619
1976-02-14	1.0398687316108695
1976-02-15	24.13805469010228
1976-02-16	15.899834643798123
1976-02-17	-5.9223679740576385
1976-02-18	32.76745315846726
1976-02-19	-0.8997723954267602
1976-02-20	-7.1967851285713405
1976-02-21	-0.02219561643802459
1976-02-22	-5.309926214212932
1976-02-23	-27.38498567015848
1976-02-24	19.046274532398005
1976-02-25	-43.979450930964106
1976-02-26	3.477570323981844
1976-02-27	-13.554171638331944
1976-02-28	23.44385236116889
1976-02-29	-0.06399142890889875
1976-03-01	7.356738193764678
1976-03-02	-9.66480193462481
1976-03-03	28.155975755969358
1976-03-04	-36.30670118992911
1976-03-05	50.71136315593918
1976-03-06	-23.7964076689544
1976-03-07	-19.474726966317792
1976-03-08	6.089407201437234
1976-03-09	-6.855717610601104
1976-03-10	51.02201970561818
1976-03-11	-10.473085712125968
1976-03-12	15.390775542055943
1976-03-13	-16.546330222353088
1976-03-14	-11.977147688630197
1976-03-15	10.814682962132839
1976-03-16	-34.707697959339086
1976-03-17	6.8633848714710375
1976-03-18	29.169284045666156
1976-03-19	1.6930701539330548
1976-03-20	-7.224253890994733
1976-03-21	-6.075768376965813
1976-03-22	38.41956957006023
1976-03-23	-6.412141936938996
1976-03-24	15.18721655396982
1976-03-25	17.870408532623806
1976-03-26	-31.692472556543393
1976-03-27	2.6769195926491807
1976-03-28	4.706268136738715
1976-03-29	36.914794180190285
1976-03-30	-4.297166104035052
1976-03-31	31.184145424511602
1976-04-01	-36.642176187486164
1976-04-02	2.323652552332521
1976-04-03	26.477817666266084
1976-04-04	-2.5410050900992456
1976-04-05	7.061047903309275
1976-04-06	9.27424442491586
1976-04-07	-7.067892877962331
1976-04-08	-26.65321650471249
1976-04-09	-12.496238446805757
1976-04-10	-0.6101158982782635
1976-04-11	26.46342648033504
1976-04-12	24.86563967204072
1976-04-13	-40.498319307956194
1976-04-14	-27.579376229252453
1976-04-15	-1.8667449625884387
1976-04-16	11.810755762894509
1976-04-17	-0.9562657085326856
1976-04-18	7.478534826002976
1976-04-19	-10.262896585034756
1976-04-20	27.410878657047455
1976-04-21	-24.9671412849589
1976-04-22	-4.868304704795922
1976-04-23	-22.636059048657913
1976-04-24	-2.6869593782852927
1976-04-25	-22.30263412190538
1976-04-26	-14.958364078464212
1976-04-27	4.462560864934356
1976-04-28	-2.03035119343586
1976-04-29	10.117250256066455
1976-04-30	-22.17534244550549
1976-05-01	22.07928584659216
1976-05-02	-27.20819240096013
1976-05-03	5.256125555186906
1976-05-04	17.941743749877695
1976-05-05	0.7578202395532114
1976-05-06	-15.881507927328034
1976-05-07	-39.59822689528119
1976-05-08	-19.635705015758223
1976-05-09	17.359366931563734
1976-05-10	11.240592944178339
1976-05-11	-14.692759844647393
1976-05-12	-3.727946211178163
1976-05-13	-11.07310833410909
1976-05-14	-27.7494807738862
1976-05-15	-29.59636396630667
1976-05-16	-12.077738583514002
1976-05-17	49.98776963243612
1976-05-18	-17.54621916074546
1976-05-19	9.107012210526154
1976-05-20	9.483832834392242
1976-05-21	-42.47366574635152
1976-05-22	5.922067119845001
1976-05-23	14.721717351648676
1976-05-24	-11.683019425265796
1976-05-25	-36.213879462075695
1976-05-26	17.222375258219465
1976-05-27	-28.084762912518425
1976-05-28	6.790106371162057
1976-05-29	12.102437899902831
1976-05-30	63.34056582671471
1976-05-31	33.82567820352565
1976-06-01	-40.00200768737289
1976-06-02	-13.762118423289046
1976-06-03	13.703679486303677
1976-06-04	-6.948628428640277
1976-06-05	32.672979098573634
1976-06-06	17.117922349559535
1976-06-07	27.60492088488097
1976-06-08	-16.807907822057828
1976-06-09	6.865277898460145
1976-06-10	30.851431565723644
1976-06-11	-6.85389652003315
1976-06-12	-1.037811667461643
1976-06-13	0.2532142714524185
1976-06-14	7.797240426877608
1976-06-15	-4.171041689284564
1976-06-16	8.182959440091265
1976-06-17	-43.161076004444524
1976-06-18	19.127900869537076
1976-06-19	48.02716594749424
1976-06-20	-16.778431931444295
1976-06-21	-8.036574289024074
1976-06-22	-9.350261904798923
1976-06-23	1.5442575091080561
1976-06-24	7.637345388501272
1976-06-25	20.25406303244313
1976-06-26	1.0734405584823972
1976-06-27	25.51255488527296
1976-06-28	-15.306858937298387
1976-06-29	13.559511280654693
1976-06-30	22.895192922359932
1976-07-01	6.604488531868306
1976-07-02	-9.130493871803996
1976-07-03	-15.557493959314332
1976-07-04	30.017954763054476
1976-07-05	44.79656557621531
1976-07-06	17.558300272528584
1976-07-07	4.663837361366484
1976-07-08	18.1709245019228
1976-07-09	-7.7515035494341
1976-07-10	-45.67955620131972
1976-07-11	-0.6100387304813808
1976-07-12	41.480263204180694
1976-07-13	-22.66001227923032
1976-07-14	22.76587763756438
1976-07-15	26.081296035779324
1976-07-16	-12.544745378015227
1976-07-17	21.743514468946763
1976-07-18	14.143578404711818
1976-07-19	30.125785818966367
1976-07-20	26.905021843608065
1976-07-21	14.496871415364344
1976-07-22	4.009179795960436
1976-07-23	-35.10362482048675
1976-07-24	17.4710618591572
1976-07-25	-27.38617593091818
1976-07-26	-34.267878794815665
1976-07-27	11.843748067213662
1976-07-28	-12.100052128061142
1976-07-29	29.839326409202283
1976-07-30	31.686219708147746
1976-07-31	34.06496294965763
1976-08-01	21.12924114964596
1976-08-02	-17.827664274029626
1976-08-03	-30.42282320385778
1976-08-04	18.9355962134369
1976-08-05	-18.089178154284685
1976-08-06	9.235988188604043
1976-08-07	-17.73886712219695
1976-08-08	30.09205770979076
1976-08-09	-13.36707845283389
1976-08-10	35.88334004849227
1976-08-11	-20.92899427823149
1976-08-12	20.263671555677064
1976-08-13	10.213011378700566
1976-08-14	-4.484666128845228
1976-08-15	14.341728167256905
1976-08-16	-8.481556786990835
1976-08-17	-2.5225607005795023
1976-08-18	-2.5695782886028127
1976-08-19	14.260853950275045
1976-08-20	4.267366512686032
1976-08-21	1.291943030252161
1976-08-22	19.836277112031514
1976-08-23	-16.932022240085402
1976-08-24	-3.2286878077725287
1976-08-25	-19.748863562671914
1976-08-26	-19.0116500229783
1976-08-27	10.750232395479715
1976-08-28	0.329179661581676
1976-08-29	-17.266482278666505
1976-08-30	12.65953834655372
1976-08-31	4.379152438260555
1976-09-01	33.91203864466874
1976-09-02	25.482895662573874
1976-09-03	-1.887675365247062
1976-09-04	-17.75756357586965
1976-09-05	-7.033201771000499
1976-09-06	1.200952549377438
1976-09-07	19.74657496540186
1976-09-08	-26.956208438120786
1976-09-09	-7.078478795162807
1976-09-10	25.654989292537582
1976-09-11	-23.565124445355085
1976-09-12	-3.6881133379435376
1976-09-13	10.665669730229343
1976-09-14	37.98065190082326
1976-09-15	38.4264855377543
1976-09-16	-4.115372240023566
1976-09-17	21.047979823405473
1976-09-18	-4.701827766702004
1976-09-19	-46.66068036173935
1976-09-20	-19.40570501171358
1976-09-21	-10.587101426987834
1976-09-22	12.073362921856594
1976-09-23	-0.04219558219447683
1976-09-24	1.9569344291660817
1976-09-25	-22.576902372241687
1976-09-26	-11.511128108056715
1976-09-27	-5.367613414602195
1976-09-28	24.532148198265247
1976-09-29	16.26750550557588
1976-09-30	-5.584990218872538
1976-10-01	-38.70475166245699
1976-10-02	-2.3554273050228227
1976-10-03	29.179801673721908
1976-10-04	-6.201084476715905
1976-10-05	13.450032449135625
1976-10-06	-19.822486967052768
1976-10-07	0.9772005165254867
1976-10-08	-12.508636568976259
1976-10-09	5.0080471068345735
1976-10-10	-35.5896884605053
1976-10-11	6.96660655203169
1976-10-12	-0.6973601033932704
1976-10-13	5.8593616311921775
1976-10-14	-7.649349780987087
1976-10-15	-8.363343580963623
1976-10-16	8.540587536942256
1976-10-17	20.512251812954396
1976-10-18	26.054428998675643
1976-10-19	31.83872559625849
1976-10-20	-3.4522581833312866
1976-10-21	22.752529673571633
1976-10-22	2.911270143469815
1976-10-23	-5.195158208724812
1976-10-24	-11.985898326967297
1976-10-25	-17.426387652995928
1976-10-26	17.707086643598025
1976-10-27	14.201139217973052
1976-10-28	41.358344463288994
1976-10-29	26.10543458528555
1976-10-30	10.90302858356273
1976-10-31	-11.134468332362596
1976-11-01	-19.22791176310516
1976-11-02	30.899840242813653
1976-11-03	-9.029944182015624
1976-11-04	-10.029954753242343
1976-11-05	4.543277523039215
1976-11-06	33.22445388141207
1976-11-07	-5.393875608074227
1976-11-08	-25.40517919857699
1976-11-09	-30.227876906420327
1976-11-10	-2.0370259933250194
1976-11-11	9.801877519202408
1976-11-12	12.045255954891271
1976-11-13	10.147725225943258
1976-11-14	9.828765544764417
1976-11-15	27.248959384732995
1976-11-16	4.918610215043791
1976-11-17	-4.564323720374562
1976-11-18	-20.026599463499096
1976-11-19	18.190497767435055
1976-11-20	-17.68115054155707
1976-11-21	9.813421553844062
1976-11-22	3.8031388891668687
1976-11-23	33.34999807227643
1976-11-24	-17.7535368160194
1976-11-25	2.6122834491281273
1976-11-26	22.774252559251654
1976-11-27	-6.912815108408672
1976-11-28	-12.412257074342495
1976-11-29	-15.063611145218943
1976-11-30	11.28883029679904
1976-12-01	17.813272862025794
1976-12-02	-1.7701159308425642
1976-12-03	-24.35793779898432
1976-12-04	-6.3723083679489765
1976-12-05	13.776364902967202
1976-12-06	10.917184973511443
1976-12-07	-37.41638033446644
1976-12-08	32.84549839628559
1976-12-09	3.4706346196475657
1976-12-10	-26.311910050276826
1976-12-11	0.16027912150681645
1976-12-12	-31.920477550817004
1976-12-13	-5.09215692136976
1976-12-14	-37.58836980661211
1976-12-15	6.415933096808755
1976-12-16	-28.122130081162158
1976-12-17	16.269527361400726
1976-12-18	-6.37945595065855
1976-12-19	10.858202655694635
1976-12-20	-26.7067510860073
1976-12-21	-4.635389341509639
1976-12-22	4.142481586789069
1976-12-23	-0.4809860672892512
1976-12-24	-8.454350064267636
1976-12-25	7.352458086765996
1976-12-26	-30.804384815900672
1976-12-27	23.770660809106648
1976-12-28	32.7653674063532
1976-12-29	-30.556419072365728
1976-12-30	5.022909305798767
1976-12-31	-9.27161403686984
1977-01-01	-38.748680755353526
1977-01-02	-11.639494804640442
1977-01-03	12.036488402752004
1977-01-04	-20.797361061348187
1977-01-05	50.76059810303469
1977-01-06	-18.57645327521916
1977-01-07	-50.96649842590646
1977-01-08	13.970169958061492
1977-01-09	-15.940187327683496
1977-01-10	-28.384455329691782
1977-01-11	-1.2158878583507626
1977-01-12	36.73166253520288
1977-01-13	-5.403058823996086
1977-01-14	-22.96932454971792
1977-01-15	29.879401488445357
1977-01-16	-49.2846003895078
1977-01-17	-3.0511349608346645
1977-01-18	6.172900981996467
1977-01-19	-7.936677986222257
1977-01-20	-23.004759436126324
1977-01-21	36.087457381541896
1977-01-22	-13.713571930061155
1977-01-23	-13.155318596098292
1977-01-24	-3.794323498039226
1977-01-25	-31.89461174459762
1977-01-26	-14.057433794232164
1977-01-27	10.980734785246216
1977-01-28	-4.306274456866472
1977-01-29	-5.301808243793922
1977-01-30	-19.29795454718433
1977-01-31	-16.310904818629382
1977-02-01	-5.400748085068868
1977-02-02	-4.700201718160046
1977-02-03	-30.879209135569177
1977-02-04	-4.146411224656003
1977-02-05	29.306453923308425
1977-02-06	-30.787115591621625
1977-02-07	-0.9038151927623084
1977-02-08	-14.951602748420665
1977-02-09	32.44234515838886
1977-02-10	-31.499206046851455
1977-02-11	-23.859531585715324
1977-02-12	-18.289022428513455
1977-02-13	35.35320380246859
1977-02-14	18.877729780073782
1977-02-15	-2.953566616653135
1977-02-16	0.16831974816791762
1977-02-17	4.956169664509282
1977-02-18	-33.498559537277934
1977-02-19	2.1645467731386123
1977-02-20	-11.336621931435252
1977-02-21	-2.616970462285508
1977-02-22	-2.4041872049187045
1977-02-23	12.117719513059123
1977-02-24	40.08898489098742
1977-02-25	-1.0630082979286308
1977-02-26	-7.39086862217709
1977-02-27	-2.243276306502765
1977-02-28	-17.970798956167865
1977-03-01	-3.376539067403508
1977-03-02	-13.568925325573717
1977-03-03	-7.602619785248015
1977-03-04	5.068619569135967
1977-03-05	-36.101075166263485
1977-03-06	-24.388161877673994
1977-03-07	15.506016486289193
1977-03-08	25.363647250614278
1977-03-09	28.32218133304732
1977-03-10	6.692958477788643
1977-03-11	-9.21293087018167
1977-03-12	-15.509281793390205
1977-03-13	50.12932680910382
1977-03-14	4.951515598588175
1977-03-15	6.722883095489351
1977-03-16	4.749058124038788
1977-03-17	27.373303707712754
1977-03-18	-28.871335519747515
1977-03-19	19.600395802677046
1977-03-20	-15.207135489837327
1977-03-21	12.12367734033986
1977-03-22	-7.869649047981095
1977-03-23	-4.692596703500967
1977-03-24	13.580287731376288
1977-03-25	19.444817246383995
1977-03-26	25.486618282680137
1977-03-27	-33.69313100555377
1977-03-28	25.034718569029614
1977-03-29	27.770336732551943
1977-03-30	-5.55764698203145
1977-03-31	38.60628010785808
1977-04-01	-2.398898318875599
1977-04-02	7.568633863810765
1977-04-03	-14.989750836516635
1977-04-04	-0.23519426809498634
1977-04-05	-22.08041754204708
1977-04-06	-45.96826167253308
1977-04-07	34.431437590058174
1977-04-08	43.89190196568048
1977-04-09	5.869612771789703
1977-04-10	-16.123139846339186
1977-04-11	-6.837613098901047
1977-04-12	-5.8883561562973235
1977-04-13	7.460547362246251
1977-04-14	-22.101315610592838
1977-04-15	-5.584197418210481
1977-04-16	14.927958243021354
1977-04-17	53.027892352782935
1977-04-18	-1.782520224067296
1977-04-19	0.43646452822540216
1977-04-20	-14.231554134923872
1977-04-21	15.48787806286414
1977-04-22	-5.973052265552455
1977-04-23	23.66931258138269
1977-04-24	12.833512451831577
1977-04-25	27.725600516321094
1977-04-26	-22.681316321417743
1977-04-27	17.83455821044508
1977-04-28	38.051668646169325
1977-04-29	10.748834829715761
1977-04-30	-3.1028362996508037
1977-05-01	9.840441425086386
1977-05-02	-9.805020519933977
1977-05-03	16.585948921104738
1977-05-04	10.999705553262606
1977-05-05	-12.944079023778619
1977-05-06	31.928004407788908
1977-05-07	14.032142114011608
1977-05-08	13.315550353539512
1977-05-09	44.660799403607
1977-05-10	-51.62624844647875
1977-05-11	-11.25852882248546
1977-05-12	17.23774022061448
1977-05-13	8.575306474916522
1977-05-14	-11.056200338413502
1977-05-15	-13.871054530007338
1977-05-16	-15.708492442648271
1977-05-17	19.33032472967463
1977-05-18	11.559052974540386
1977-05-19	17.22828346965246
1977-05-20	8.754913962344872
1977-05-21	-12.60594636244114
1977-05-22	-1.547272963566926
1977-05-23	21.938289156898723
1977-05-24	15.958799110216468
1977-05-25	9.876201591068266
1977-05-26	-4.707200159795746
1977-05-27	3.6327455974979213
1977-05-28	-3.180179269501541
1977-05-29	-20.986221597023885
1977-05-30	1.7176370058284718
1977-05-31	3.552410006465542
1977-06-01	1.7498640702509247
1977-06-02	-0.14773004910119925
1977-06-03	0.9585353232023215
1977-06-04	28.33174102222742
1977-06-05	6.859246045609606
1977-06-06	-3.900560280047702
1977-06-07	18.86334086725661
1977-06-08	14.327596163346689
1977-06-09	2.0340219551548615
1977-06-10	-14.79687697908804
1977-06-11	8.90452556519846
1977-06-12	-34.03211502932537
1977-06-13	23.111064508815566
1977-06-14	-32.6444313972988
1977-06-15	31.192166788124542
1977-06-16	11.78922635347094
1977-06-17	10.04220330304964
1977-06-18	27.722303385815284
1977-06-19	2.0430826987377095
1977-06-20	-1.7635597092320447
1977-06-21	-12.799505618510544
1977-06-22	0.993368395823298
1977-06-23	-9.261291054500623
1977-06-24	21.667426642904807
1977-06-25	-15.475569191585897
1977-06-26	3.3343024568132087
1977-06-27	6.119962494632228
1977-06-28	-14.44395696150963
1977-06-29	-13.45810859176223
1977-06-30	36.341433494389975
1977-07-01	-14.818722013198801
1977-07-02	-19.25319393723371
1977-07-03	0.1284144165320038
1977-07-04	-16.594450982300092
1977-07-05	-8.43064804502115
1977-07-06	28.550202306770753
1977-07-07	-34.16007254229809
1977-07-08	-11.227074700695066
1977-07-09	10.622944246410146
1977-07-10	-27.710070830656132
1977-07-11	10.436428813188078
1977-07-12	-18.44858855258388
1977-07-13	25.892443326801132
1977-07-14	-6.700117317512752
1977-07-15	13.508412389960508
1977-07-16	0.6805303045156459
1977-07-17	-0.9155686888030083
1977-07-18	22.446319730183816
1977-07-19	27.520235150271848
1977-07-20	24.748471500426103
1977-07-21	-5.471369020611011
1977-07-22	0.31442276262994007
1977-07-23	-51.771877646199556
1977-07-24	-10.231081874970366
1977-07-25	-38.7805218537096
1977-07-26	-21.189687357711957
1977-07-27	31.783745635695382
1977-07-28	10.344804869801155
1977-07-29	-29.24644003982326
1977-07-30	-37.101669984501584
1977-07-31	24.066685690203702
1977-08-01	-22.90493085078533
1977-08-02	-26.95856739523359
1977-08-03	25.88955253966643
1977-08-04	51.62873672787844
1977-08-05	1.7401935460608637
1977-08-06	-6.2253640805574415
1977-08-07	20.93689476487804
1977-08-08	-27.772506793258398
1977-08-09	4.537148599247948
1977-08-10	-37.24985323643028
1977-08-11	-13.925669887281396
1977-08-12	11.917997457304185
1977-08-13	23.294342278504022
1977-08-14	21.778371942477268
1977-08-15	20.856170857156723
1977-08-16	-6.025053596291566
1977-08-17	10.491880489798099
1977-08-18	-22.439762002012955
1977-08-19	-22.801334085982827
1977-08-20	-33.55281989233296
1977-08-21	-18.342999904271938
1977-08-22	13.46077746016917
1977-08-23	1.5484972361696663
1977-08-24	4.078995336919534
1977-08-25	3.4662672911434456
1977-08-26	-0.5655788541241147
1977-08-27	-10.431899579265362
1977-08-28	18.491021978676144
1977-08-29	-37.41583566749266
1977-08-30	3.8953684149389325
1977-08-31	8.937406700499265
1977-09-01	-8.935584611786899
1977-09-02	-30.940735203526856
1977-09-03	32.617089310264205
1977-09-04	43.86494842213739
1977-09-05	22.318495109481738
1977-09-06	-7.273211164828094
1977-09-07	40.80801053831588
1977-09-08	-10.174672405406694
1977-09-09	-10.802456527973451
1977-09-10	20.251734928045742
1977-09-11	-29.641070155075077
1977-09-12	-3.8821330128796276
1977-09-13	25.238546950472646
1977-09-14	-10.263620850544987
1977-09-15	-32.847771630782724
1977-09-16	0.7304854816588873
1977-09-17	10.369255040972215
1977-09-18	-47.10613802490512
1977-09-19	-3.2145643070487973
1977-09-20	2.5202186662158272
1977-09-21	5.753491584358325
1977-09-22	-1.942920742233864
1977-09-23	-1.8124419005983639
1977-09-24	0.5552474365738898
1977-09-25	22.806188663246818
1977-09-26	35.562426900368834
1977-09-27	38.087845743597775
1977-09-28	2.6700408304026766
1977-09-29	9.663751581124872
1977-09-30	1.7284774070273365
1977-10-01	-2.4548186807735917
1977-10-02	-40.5391446693685
1977-10-03	-13.136221766063155
1977-10-04	-3.0777844571214423
1977-10-05	-1.1946567800297554
1977-10-06	22.063755433594505
1977-10-07	0.14206216682851158
1977-10-08	18.530493678064182
1977-10-09	8.361974069140565
1977-10-10	-1.589929537153951
1977-10-11	1.7278686161463144
1977-10-12	-10.387660955192397
1977-10-13	23.518053867886586
1977-10-14	-2.393397904952346
1977-10-15	-23.690733088678563
1977-10-16	12.520216685705526
1977-10-17	-12.707121585000337
1977-10-18	32.23110429450057
1977-10-19	-16.208598039453015
1977-10-20	7.639323952491855
1977-10-21	-2.5741426370653935
1977-10-22	-14.276908775057072
1977-10-23	15.949271512665215
1977-10-24	19.08723431020733
1977-10-25	-9.051165931007239
1977-10-26	-7.515565728148138
1977-10-27	12.866310805461586
1977-10-28	-14.073760647255511
1977-10-29	-6.507591337919131
1977-10-30	-17.67547077192741
1977-10-31	-6.548357677055839
1977-11-01	5.411520909380953
1977-11-02	2.836434789277776
1977-11-03	4.223059875579092
1977-11-04	2.9329255148172413
1977-11-05	-9.411117411543374
1977-11-06	-11.365219635253625
1977-11-07	-22.663067775960645
1977-11-08	2.358887710382303
1977-11-09	10.163610232228551
1977-11-10	-40.07961757393129
1977-11-11	38.16789106889743
1977-11-12	-20.51936860870848
1977-11-13	-21.311406143517896
1977-11-14	-37.244076790219964
1977-11-15	24.10351829043876
1977-11-16	35.2631696970215
1977-11-17	2.4348955014850704
1977-11-18	-2.7593157934430836
1977-11-19	-16.490316420146442
1977-11-20	-24.84131708138931
1977-11-21	43.905958882385875
1977-11-22	27.698574022770195
1977-11-23	39.90491104801781
1977-11-24	-24.693021251782355
1977-11-25	22.762384742589962
1977-11-26	-18.786640427343368
1977-11-27	-26.01412587758184
1977-11-28	-45.40182616903154
1977-11-29	-6.807062828303817
1977-11-30	-4.012108749629548
1977-12-01	-10.645511049190835
1977-12-02	-6.078635966745544
1977-12-03	-14.415971172488664
1977-12-04	-1.118162167155776
1977-12-05	12.48946174029393
1977-12-06	12.823229373016561
1977-12-07	5.596327495749373
1977-12-08	2.749021312888509
1977-12-09	-19.63172255620779
1977-12-10	-11.298920016868232
1977-12-11	-25.050405027991417
1977-12-12	-23.29717884244129
1977-12-13	-6.783655545157827
1977-12-14	9.351557381456422
1977-12-15	47.921634483955295
1977-12-16	5.838400983027349
1977-12-17	-31.15152559649202
1977-12-18	-19.266485277167792
1977-12-19	-19.3246771349935
1977-12-20	2.861146026010955
1977-12-21	-45.68540203390813
1977-12-22	49.26773700727819
1977-12-23	-3.026641866574508
1977-12-24	51.384532506840586
1977-12-25	27.662125384043105
1977-12-26	-39.4862085096587
1977-12-27	8.727907581672397
1977-12-28	21.16067211055446
1977-12-29	-7.123185512766744
1977-12-30	-7.286236652136209
1977-12-31	-17.917896216325556
1978-01-01	24.288630508760928
1978-01-02	-0.11929406499470119
1978-01-03	8.558374522486313
1978-01-04	-40.88263036540781
1978-01-05	-6.029872774119345
1978-01-06	3.79211730820205
1978-01-07	-19.256916937681357
1978-01-08	-25.098514690782473
1978-01-09	0.08181338717783126
1978-01-10	11.022629963160792
1978-01-11	-13.909188641420698
1978-01-12	7.693565402031756
1978-01-13	-18.89995665096874
1978-01-14	-22.275369022667864
1978-01-15	-2.392790517113383
1978-01-16	-25.79531901773807
1978-01-17	-8.072356721813632
1978-01-18	46.65396443380997
1978-01-19	-39.40599316633476
1978-01-20	1.4486065845850513
1978-01-21	-10.506725985716415
1978-01-22	16.590810651535516
1978-01-23	-29.116187622117465
1978-01-24	34.27194709243968
1978-01-25	-7.230738637962592
1978-01-26	-9.383591219003684
1978-01-27	17.811248885470107
1978-01-28	-27.06864887783519
1978-01-29	1.493163501805403
1978-01-30	10.693025744005054
1978-01-31	-0.9007297454723506
1978-02-01	24.522608718968268
1978-02-02	22.74493160234293
1978-02-03	-5.883902971534242
1978-02-04	20.837290248814444
1978-02-05	-25.210995221472597
1978-02-06	3.6993454510432304
1978-02-07	-7.441179839259091
1978-02-08	-6.808340431077957
1978-02-09	-2.976092238887528
1978-02-10	-20.944357116440806
1978-02-11	19.94245064084339
1978-02-12	14.97402260161683
1978-02-13	24.527927550730034
1978-02-14	-33.54959971876616
1978-02-15	-14.374329142389513
1978-02-16	-15.712789815353926
1978-02-17	-14.00092632404876
1978-02-18	-34.84539808117169
1978-02-19	36.88137865894534
1978-02-20	-20.14775098365226
1978-02-21	2.3429689605691184
1978-02-22	-20.380606210915268
1978-02-23	8.830899808188716
1978-02-24	27.767273548129623
1978-02-25	-4.351349878955116
1978-02-26	-58.44087878611481
1978-02-27	-14.250102847129497
1978-02-28	6.923221718040636
1978-03-01	4.47660990661838
1978-03-02	7.795238604655849
1978-03-03	9.661367348151007
1978-03-04	-12.209653868182826
1978-03-05	17.884924459526882
1978-03-06	-8.553096166648269
1978-03-07	2.191189921901759
1978-03-08	3.5975796863004152
1978-03-09	-22.991412552278653
1978-03-10	17.53597540990597
1978-03-11	14.406188842349064
1978-03-12	6.5735482695809555
1978-03-13	11.277459457979582
1978-03-14	7.845256470067783
1978-03-15	3.941932598641629
1978-03-16	-4.007906033407771
1978-03-17	-27.3743681884852
1978-03-18	-6.432518052121134
1978-03-19	-10.408877177858482
1978-03-20	4.425046450776919
1978-03-21	44.257290150794354
1978-03-22	11.727849727827731
1978-03-23	-22.1312032198928
1978-03-24	-15.111224791765117
1978-03-25	31.74498014394777
1978-03-26	-2.393654760255875
1978-03-27	-36.28970470887909
1978-03-28	6.164813887587517
1978-03-29	15.484132760492068
1978-03-30	4.103663977600478
1978-03-31	-15.500856777212174
1978-04-01	-38.89430647070965
1978-04-02	-31.29985435379396
1978-04-03	45.80688191106054
1978-04-04	5.622246433761767
1978-04-05	-0.6577319115038402
1978-04-06	-16.931232279008338
1978-04-07	20.965915022858688
1978-04-08	-0.9020982285348524
1978-04-09	-20.134563586700853
1978-04-10	-14.337459006032836
1978-04-11	-1.8964362656913918
1978-04-12	15.100675814735572
1978-04-13	58.99680401283762
1978-04-14	-41.336603308296354
1978-04-15	8.042442362015437
1978-04-16	1.4302134127257156
1978-04-17	-12.550663591475008
1978-04-18	-2.9108806486438823
1978-04-19	-17.399788994533672
1978-04-20	-9.132064919254107
1978-04-21	-34.28975918970603
1978-04-22	33.24792467706157
1978-04-23	-8.475653565012756
1978-04-24	-1.852366676298802
1978-04-25	6.454124131508394
1978-04-26	19.334170847874802
1978-04-27	21.69100723209606
1978-04-28	53.732379895599536
1978-04-29	-22.542961650369644
1978-04-30	-0.5778577425726603
1978-05-01	-15.936855325581533
1978-05-02	3.675453552696694
1978-05-03	8.60461598569732
1978-05-04	26.519258822242595
1978-05-05	-6.133237353168072
1978-05-06	32.984814295970395
1978-05-07	7.362902109142854
1978-05-08	9.82123563843306
1978-05-09	10.28046151052953
1978-05-10	-17.33216435461612
1978-05-11	-30.753922175704094
1978-05-12	29.423992540728207
1978-05-13	-11.615603376402566
1978-05-14	10.287807523403702
1978-05-15	-14.45164124013464
1978-05-16	2.7656267827089946
1978-05-17	1.6757169405717427
1978-05-18	15.474132327004043
1978-05-19	24.599490851303045
1978-05-20	-6.7555101872113745
1978-05-21	-19.991795415428705
1978-05-22	12.591434142510895
1978-05-23	-10.015035434671821
1978-05-24	23.087567752771896
1978-05-25	-28.793927199419517
1978-05-26	-21.008042296956923
1978-05-27	-49.13433294467964
1978-05-28	26.789438712015365
1978-05-29	13.294253586292882
1978-05-30	45.739362726538765
1978-05-31	2.3718022856317615
1978-06-01	9.930643058074434
1978-06-02	-7.058315085747994
1978-06-03	26.224011490818462
1978-06-04	-19.446392122135713
1978-06-05	15.077513474316165
1978-06-06	-23.202137875512836
1978-06-07	-25.64707767977785
1978-06-08	5.381573151618418
1978-06-09	29.808764566561543
1978-06-10	0.4548750851008193
1978-06-11	0.5688872299160999
1978-06-12	-1.5495469917871645
1978-06-13	-13.476851296918765
1978-06-14	9.252781107316181
1978-06-15	6.0619115018332215
1978-06-16	28.90978868084864
1978-06-17	31.026084808071996
1978-06-18	-33.23934072968655
1978-06-19	11.565405372355034
1978-06-20	1.9476922092581141
1978-06-21	7.648517205024336
1978-06-22	16.179993872434466
1978-06-23	29.533046565101163
1978-06-24	-15.760007350791131
1978-06-25	-48.01110524351025
1978-06-26	-8.152032904256671
1978-06-27	-13.539987731735511
1978-06-28	-21.685682320063854
1978-06-29	8.490411058799381
1978-06-30	2.0009102914027377
1978-07-01	4.6451074923311095
1978-07-02	23.516067948601656
1978-07-03	7.103042517684485
1978-07-04	-4.915992245498649
1978-07-05	-19.313841524724058
1978-07-06	35.44095636741327
1978-07-07	3.2096740477646684
1978-07-08	-50.332487576332134
1978-07-09	2.4442423814336776
1978-07-10	-19.62362029276183
1978-07-11	17.81723292416451
1978-07-12	-19.084715370338454
1978-07-13	19.083021174895734
1978-07-14	-31.795406758145845
1978-07-15	-18.264440691835507
1978-07-16	-19.506519497675193
1978-07-17	29.887302441949195
1978-07-18	-42.05397647821481
1978-07-19	23.26211448660479
1978-07-20	-23.32060667750748
1978-07-21	-5.204027499824503
1978-07-22	-15.356334583302306
1978-07-23	-14.007695065916096
1978-07-24	0.9300798887204159
1978-07-25	1.432450623923095
1978-07-26	21.315159251490353
1978-07-27	1.1557471242984423
1978-07-28	7.730340584814587
1978-07-29	-26.16230851234048
1978-07-30	-8.734826838968752
1978-07-31	30.712589758549314
1978-08-01	-10.10656010160826
1978-08-02	34.9270959645542
1978-08-03	-1.1830353316026463
1978-08-04	-40.11442456967186
1978-08-05	-42.536199642181025
1978-08-06	-28.466843360899055
1978-08-07	-8.772074787608735
1978-08-08	-3.6883553810826673
1978-08-09	0.9835154116124463
1978-08-10	18.47816499556708
1978-08-11	-5.8007826872771
1978-08-12	-7.556727451892767
1978-08-13	-34.54672315882371
1978-08-14	15.260104481141344
1978-08-15	26.125764427237094
1978-08-16	-12.831874674387649
1978-08-17	7.523137492483517
1978-08-18	42.518766834231066
1978-08-19	-19.367289930387198
1978-08-20	18.97280761658571
1978-08-21	8.176797040203132
1978-08-22	5.911665586750927
1978-08-23	-26.220758178968207
1978-08-24	24.012816723386223
1978-08-25	5.044877534478504
1978-08-26	8.36562875757687
1978-08-27	-37.063903100921344
1978-08-28	28.28754236220748
1978-08-29	-11.830831218519807
1978-08-30	-25.073255168687417
1978-08-31	-14.65150449721516
1978-09-01	-15.248044692557105
1978-09-02	27.459625400065597
1978-09-03	-8.418105477619756
1978-09-04	-7.533488687487083
1978-09-05	17.288419249334634
1978-09-06	-5.747267344518153
1978-09-07	41.54653453991344
1978-09-08	-0.5220553864084307
1978-09-09	-15.24736920480526
1978-09-10	-9.004765076635822
1978-09-11	9.94912772157934
1978-09-12	-36.728968311313686
1978-09-13	39.1007833628969
1978-09-14	-48.13499978826926
1978-09-15	19.763942441850062
1978-09-16	16.59562268699363
1978-09-17	8.945969659854892
1978-09-18	4.836263697400677
1978-09-19	26.39303659554504
1978-09-20	-22.938448192928913
1978-09-21	40.4751375432534
1978-09-22	-12.461342663313346
1978-09-23	-28.068511214679464
1978-09-24	0.934504442989883
1978-09-25	-19.53477472201937
1978-09-26	22.43098431881995
1978-09-27	4.466073593182674
1978-09-28	-11.189102427854108
1978-09-29	0.09733116048697188
1978-09-30	-8.088863725692937
1978-10-01	37.432844291325345
1978-10-02	29.58589457124211
1978-10-03	12.083293535580877
1978-10-04	23.674306795109363
1978-10-05	-26.75824023897926
1978-10-06	-6.134478675102666
1978-10-07	-4.863834627416411
1978-10-08	-10.599074414067331
1978-10-09	20.907458669134517
1978-10-10	-35.468536391272835
1978-10-11	-17.456922119558286
1978-10-12	22.731072839457294
1978-10-13	13.421660082410018
1978-10-14	6.473577442947469
1978-10-15	10.620360243208895
1978-10-16	4.868010612421792
1978-10-17	-6.006093174332313
1978-10-18	15.154491008145406
1978-10-19	-18.943686307064432
1978-10-20	-15.98289209664022
1978-10-21	-4.899812630833626
1978-10-22	-15.580262231846124
1978-10-23	18.70263914508977
1978-10-24	-12.312178187634805
1978-10-25	9.605815625281734
1978-10-26	-1.8646376146027708
1978-10-27	30.03814287463639
1978-10-28	20.08661776876379
1978-10-29	23.319922832501888
1978-10-30	49.71461065400952
1978-10-31	3.356952688635011
1978-11-01	-5.868055843034454
1978-11-02	-11.14087847739048
1978-11-03	48.32434841745343
1978-11-04	7.960044284255706
1978-11-05	5.700177758685976
1978-11-06	17.426105469854516
1978-11-07	20.29286766465936
1978-11-08	2.7544105577453646
1978-11-09	42.03341715861269
1978-11-10	-1.8572229190755822
1978-11-11	6.835384980066919
1978-11-12	-26.952165561171416
1978-11-13	-18.2969945815231
1978-11-14	5.848573152722027
1978-11-15	-3.465892570593966
1978-11-16	8.718885213361242
1978-11-17	9.0126301624705
1978-11-18	-18.34985586343758
1978-11-19	-11.52370016329055
1978-11-20	-16.5253569034943
1978-11-21	10.653062548483284
1978-11-22	-12.677410584510094
1978-11-23	27.908984511701085
1978-11-24	10.188515050301021
1978-11-25	30.26962981758397
1978-11-26	-9.758131736837633
1978-11-27	13.668321933913749
1978-11-28	-19.450675611928585
1978-11-29	-11.880805771685035
1978-11-30	-14.4114267636535
1978-12-01	29.466924243442907
1978-12-02	-14.779789634936845
1978-12-03	-14.189980883073593
1978-12-04	25.855014226064228
1978-12-05	-21.93797840116941
1978-12-06	6.565073238873849
1978-12-07	23.418252564300836
1978-12-08	22.923842101776508
1978-12-09	-12.997598304117384
1978-12-10	14.460074263795422
1978-12-11	-18.35893746177825
1978-12-12	-0.4368278437113
1978-12-13	0.559156611322744
1978-12-14	-32.125046324388826
1978-12-15	3.276302699866367
1978-12-16	-1.8519381092464353
1978-12-17	-39.49487997562233
1978-12-18	-12.803290858546088
1978-12-19	-4.546537533667337
1978-12-20	13.245250259570954
1978-12-21	-13.51731108221581
1978-12-22	-13.352023803097387
1978-12-23	-15.384727209392747
1978-12-24	-27.6478601318948
1978-12-25	38.237485155768596
1978-12-26	-4.606614665447233
1978-12-27	-22.272953069242558
1978-12-28	9.176792456494779
1978-12-29	-69.04572271336146
1978-12-30	-21.15613250051589
1978-12-31	15.238093360779736
1979-01-01	-22.771564244718213
1979-01-02	9.91569439536378
1979-01-03	-8.15914272980108
1979-01-04	22.75807905895342
1979-01-05	34.87635967500845
1979-01-06	-11.954892951129755
1979-01-07	-0.5483117211436441
1979-01-08	-12.790729248686782
1979-01-09	19.081399066749277
1979-01-10	-4.302250568091937
1979-01-11	-27.60490357213108
1979-01-12	-7.529644483296757
1979-01-13	-16.542653509001436
1979-01-14	-22.861119089107145
1979-01-15	-17.670645072524668
1979-01-16	8.41051909805109
1979-01-17	10.859917705462477
1979-01-18	-17.95735652967051
1979-01-19	15.465163575137224
1979-01-20	17.672316702293664
1979-01-21	7.947523964979338
1979-01-22	8.709895384351167
1979-01-23	43.22194960472239
1979-01-24	-27.75979634804224
1979-01-25	-3.373080090728874
1979-01-26	-34.97647128787436
1979-01-27	17.02547945660911
1979-01-28	18.194606330276066
1979-01-29	9.643498853003603
1979-01-30	5.147838106721106
1979-01-31	19.278053161606802
1979-02-01	-12.618532624817048
1979-02-02	-14.65160432464719
1979-02-03	-11.567710550524069
1979-02-04	16.254080413686708
1979-02-05	-27.862066981702977
1979-02-06	20.56779524959228
1979-02-07	-5.9186495018597896
1979-02-08	14.074330323732472
1979-02-09	103.56971377112397
1979-02-10	11.314733916021753
1979-02-11	-31.175722142328297
1979-02-12	19.13677891868595
1979-02-13	4.824759505316427
1979-02-14	-27.00019068711818
1979-02-15	-14.8274442136987
1979-02-16	7.238386968113214
1979-02-17	7.316707917892932
1979-02-18	-30.601133256358995
1979-02-19	-42.283172350899484
1979-02-20	-5.292042025157113
1979-02-21	-13.48403186182741
1979-02-22	-42.145248139496076
1979-02-23	25.82398491739088
1979-02-24	-7.692783328550618
1979-02-25	9.939490690758138
1979-02-26	-4.031003189859284
1979-02-27	-18.95242487609807
1979-02-28	-21.336784744274713
1979-03-01	-0.3214272124136399
1979-03-02	-13.615740067863584
1979-03-03	25.835759439006644
1979-03-04	12.927427348453298
1979-03-05	34.81494179625397
1979-03-06	11.051666099674273
1979-03-07	-6.778836562746709
1979-03-08	-27.235308851479715
1979-03-09	-0.9897570472667225
1979-03-10	19.62986140933356
1979-03-11	17.696021928312746
1979-03-12	-12.451886000120071
1979-03-13	-39.94901077248328
1979-03-14	31.666144827659583
1979-03-15	21.565720650724007
1979-03-16	-26.159512377755313
1979-03-17	-11.75090587051253
1979-03-18	-19.722815857600935
1979-03-19	46.535005928148585
1979-03-20	-4.154385069427097
1979-03-21	-15.043722066744142
1979-03-22	5.320474091835737
1979-03-23	35.409418250199145
1979-03-24	14.659289464363503
1979-03-25	2.8879364106182948
1979-03-26	-3.0241029310455207
1979-03-27	14.349772362776568
1979-03-28	22.805890113073172
1979-03-29	7.357751754738753
1979-03-30	32.55445366296793
1979-03-31	-3.4381547794291096
1979-04-01	1.0803768621263765
1979-04-02	0.6918761323250933
1979-04-03	-2.6883398255671844
1979-04-04	-40.670303260357514
1979-04-05	40.748157021367014
1979-04-06	-8.279569434524223
1979-04-07	-8.0300489858117
1979-04-08	-21.822652236734932
1979-04-09	-14.13838234976009
1979-04-10	-17.4543322437696
1979-04-11	-2.3118884870875895
1979-04-12	16.8551353627732
1979-04-13	-20.924679695927296
1979-04-14	-5.580322449994106
1979-04-15	-5.32590280190289
1979-04-16	-27.847894731466763
1979-04-17	10.25341303368893
1979-04-18	5.633741123365958
1979-04-19	1.058439339721394
1979-04-20	6.606295781933714
1979-04-21	22.280124667455357
1979-04-22	4.60614679705838
1979-04-23	18.012159341804615
1979-04-24	-9.715596782801759
1979-04-25	-5.739342868394431
1979-04-26	5.170886279778626
1979-04-27	-28.66221567624153
1979-04-28	-25.178491701811616
1979-04-29	8.246607808335167
1979-04-30	40.32834909743972
1979-05-01	-2.129506481138556
1979-05-02	45.31209076607921
1979-05-03	-22.625231540365746
1979-05-04	9.585529216310915
1979-05-05	-9.94514891392351
1979-05-06	-25.050370802585263
1979-05-07	18.201980597103603
1979-05-08	-15.545837513060881
1979-05-09	-19.5832433086309
1979-05-10	1.8440383098015354
1979-05-11	24.03909316973584
1979-05-12	2.4059679481485055
1979-05-13	10.577392754725755
1979-05-14	45.941399497479985
1979-05-15	22.405598490859038
1979-05-16	-13.010925235815659
1979-05-17	5.307640823360013
1979-05-18	18.14814912925736
1979-05-19	-10.784458674972049
1979-05-20	12.775622331226959
1979-05-21	13.407161263888568
1979-05-22	-13.503646352912249
1979-05-23	-0.5647961952788862
1979-05-24	-35.693579446384184
1979-05-25	22.88049349588071
1979-05-26	-29.26563321223801
1979-05-27	1.1879199704457866
1979-05-28	-19.178293359326428
1979-05-29	25.79688633737009
1979-05-30	28.833244136459186
1979-05-31	1.909259429947448
1979-06-01	-15.365170142613778
1979-06-02	-53.269206554889415
1979-06-03	13.137801686999309
1979-06-04	4.868938877185147
1979-06-05	-55.412508169434496
1979-06-06	15.261546201794943
1979-06-07	39.09887706787156
1979-06-08	18.386868702302863
1979-06-09	36.691634056278126
1979-06-10	8.658107361159324
1979-06-11	-5.051960496150333
1979-06-12	11.641314731947224
1979-06-13	10.564916262158105
1979-06-14	49.8804449412378
1979-06-15	-22.597856588540598
1979-06-16	-41.51416946007778
1979-06-17	-4.761932504884749
1979-06-18	-38.615674215928564
1979-06-19	-16.517074528500306
1979-06-20	22.875822414501425
1979-06-21	2.101928910487824
1979-06-22	-6.497717498800482
1979-06-23	-15.775599179824745
1979-06-24	-9.57028740824606
1979-06-25	-13.46963261758765
1979-06-26	-26.779157735591987
1979-06-27	-9.808732829443425
1979-06-28	26.882215298109603
1979-06-29	-29.31305396195392
1979-06-30	-22.480030531603216
1979-07-01	-49.11603643967121
1979-07-02	-21.848290932462266
1979-07-03	4.753908875666297
1979-07-04	17.005458835135286
1979-07-05	-24.057170660382155
1979-07-06	29.358210426463668
1979-07-07	-13.255807144785365
1979-07-08	-17.399765316764977
1979-07-09	-15.202935189104139
1979-07-10	19.758302539928433
1979-07-11	12.476101760943333
1979-07-12	8.154442427580445
1979-07-13	11.554300830744975
1979-07-14	27.333298120168983
1979-07-15	14.008069160513289
1979-07-16	-4.735240835296439
1979-07-17	19.388084241138035
1979-07-18	-34.25515401230001
1979-07-19	7.539801981672606
1979-07-20	23.404201870100003
1979-07-21	9.00339976851046
1979-07-22	-3.468438566799323
1979-07-23	-2.3048701273302
1979-07-24	18.206918585768477
1979-07-25	24.88831849866266
1979-07-26	13.232694942224882
1979-07-27	0.9819327812184288
1979-07-28	15.58302333547265
1979-07-29	-7.393666599748107
1979-07-30	8.72503190722759
1979-07-31	13.342519789892686
1979-08-01	29.584749508476175
1979-08-02	9.869148104538354
1979-08-03	17.08474904533012
1979-08-04	28.980848724549716
1979-08-05	-11.727682433122924
1979-08-06	32.617217145539094
1979-08-07	10.979832261031625
1979-08-08	-30.739503232021452
1979-08-09	23.61079829411592
1979-08-10	-39.216924721908576
1979-08-11	76.51247419581883
1979-08-12	-35.26537513973328
1979-08-13	-2.565763812844015
1979-08-14	25.7662486232935
1979-08-15	7.304200141006111
1979-08-16	23.804794594035883
1979-08-17	10.497675755860596
1979-08-18	-37.05835075774924
1979-08-19	2.6011680898354292
1979-08-20	8.391349980075042
1979-08-21	5.850975852592357
1979-08-22	11.367207278666582
1979-08-23	-32.291746947933134
1979-08-24	-4.981117440438608
1979-08-25	33.91751984228099
1979-08-26	38.525206317767456
1979-08-27	35.605020885727605
1979-08-28	13.067789622236953
1979-08-29	11.038510769785589
1979-08-30	26.748547490588457
1979-08-31	9.265835332508178
1979-09-01	27.6337375101964
1979-09-02	4.909401804685581
1979-09-03	4.780951986317048
1979-09-04	-20.228918663929694
1979-09-05	10.49641782957332
1979-09-06	-42.62597493696272
1979-09-07	-5.0516271649558
1979-09-08	-7.3206560954489905
1979-09-09	6.941055871376608
1979-09-10	4.767691940509357
1979-09-11	-14.363267109324868
1979-09-12	-17.902084253131562
1979-09-13	-8.754050339847526
1979-09-14	0.937681332436951
1979-09-15	29.56460934217632
1979-09-16	0.08644637276325262
1979-09-17	17.878920829813175
1979-09-18	4.122354933441537
1979-09-19	1.3126026086744411
1979-09-20	-25.613401907363606
1979-09-21	-13.110403889116556
1979-09-22	-12.315182098511364
1979-09-23	28.077050526937033
1979-09-24	12.289147563854046
1979-09-25	-3.584096232531273
1979-09-26	-2.5206695151831138
1979-09-27	19.89746900856295
1979-09-28	-22.47257137991029
1979-09-29	-11.508503565634651
1979-09-30	-34.494492559831045
1979-10-01	-54.462279592570034
1979-10-02	19.265633078535483
1979-10-03	34.55154983507805
1979-10-04	2.015481452218265
1979-10-05	29.40751972986787
1979-10-06	-1.3458128434744452
1979-10-07	7.7064899083433955
1979-10-08	-16.38829612162187
1979-10-09	-16.41282302736512
1979-10-10	19.329505759443816
1979-10-11	-22.149835507243104
1979-10-12	0.9257660295356718
1979-10-13	-2.579931629817218
1979-10-14	22.734149488055543
1979-10-15	0.2483848920477364
1979-10-16	19.604888937209633
1979-10-17	-27.368701821073525
1979-10-18	49.0301439838006
1979-10-19	0.20199000138220136
1979-10-20	-23.412471137138834
1979-10-21	8.384238016852088
1979-10-22	-2.653288651518568
1979-10-23	-32.29104024659556
1979-10-24	43.688028397100176
1979-10-25	26.607535584306778
1979-10-26	-37.18584525228316
1979-10-27	42.24001175854114
1979-10-28	23.359926440812867
1979-10-29	-18.425242222244144
1979-10-30	27.084842281838682
1979-10-31	1.9976241879538494
1979-11-01	36.554645578050966
1979-11-02	-11.583052462796545
1979-11-03	-44.56027427046842
1979-11-04	8.727936674710067
1979-11-05	-32.65442258253894
1979-11-06	30.310348556032817
1979-11-07	19.774396730134047
1979-11-08	33.51872961719673
1979-11-09	7.536250560748683
1979-11-10	-18.298314028092243
1979-11-11	25.21327590561148
1979-11-12	-0.7120336709432642
1979-11-13	9.707893292934937
1979-11-14	-4.944689757963892
1979-11-15	-3.18446472749224
1979-11-16	14.014089432537938
1979-11-17	12.487681927869524
1979-11-18	-8.309606117599238
1979-11-19	-3.526265544245393
1979-11-20	-14.100908386060192
1979-11-21	-42.79922700457843
1979-11-22	30.796838335346905
1979-11-23	-1.9038466806212455
1979-11-24	-1.3604361629000425
1979-11-25	1.9347212781683951
1979-11-26	2.8717716448624597
1979-11-27	32.9325252509138
1979-11-28	-6.238030147467178
1979-11-29	-22.56863926824423
1979-11-30	-32.77883048899798
1979-12-01	24.54665109001711
1979-12-02	-1.8316917212132815
1979-12-03	36.35251101928463
1979-12-04	-22.926918735497352
1979-12-05	-34.36070932189621
1979-12-06	-56.177321986555555
1979-12-07	3.102401485117742
1979-12-08	-22.25715412887988
1979-12-09	27.12676541342611
1979-12-10	1.8904467280678214
1979-12-11	16.30240825632773
1979-12-12	-11.776045330469989
1979-12-13	-1.1437534176523145
1979-12-14	-13.169649999331847
1979-12-15	23.39762360460881
1979-12-16	22.732722598925317
1979-12-17	14.575214483828857
1979-12-18	7.324359902620771
1979-12-19	1.3002798808244487
1979-12-20	-11.237322746816998
1979-12-21	4.495303510362391
1979-12-22	16.49733983925015
1979-12-23	-22.85685928943276
1979-12-24	7.898329355342491
1979-12-25	-25.7887026374178
1979-12-26	10.707725792005505
1979-12-27	-39.633289414589015
1979-12-28	18.667052458854837
1979-12-29	27.526453582770934
1979-12-30	55.482754691699384
1979-12-31	-29.829010288833885
1980-01-01	5.723893947075468
1980-01-02	11.387151888294033
1980-01-03	-13.544169463781502
1980-01-04	-18.626901285192968
1980-01-05	-18.668192507230323
1980-01-06	-32.995458824212456
1980-01-07	35.5861427830856
1980-01-08	-8.793658615207885
1980-01-09	30.988698106722282
1980-01-10	19.689391595145818
1980-01-11	-11.437870627551238
1980-01-12	19.10747537511413
1980-01-13	-6.1068696293814595
1980-01-14	-33.66482791233938
1980-01-15	1.8268161233117945
1980-01-16	-6.545379635583087
1980-01-17	10.129143620556942
1980-01-18	8.775397089068568
1980-01-19	41.1240530332017
1980-01-20	-51.25655644688952
1980-01-21	26.66398428034818
1980-01-22	-11.418966753469503
1980-01-23	4.3265961892080895
1980-01-24	20.381647474202524
1980-01-25	-11.45666263897509
1980-01-26	17.11498358730616
1980-01-27	-7.86608699098773
1980-01-28	-45.97349521668981
1980-01-29	6.72661228163002
1980-01-30	-13.30855102152475
1980-01-31	-15.462064098639019
1980-02-01	-42.11484683954302
1980-02-02	-1.196731706564934
1980-02-03	-1.5727087844448653
1980-02-04	-14.788764514229703
1980-02-05	24.311556637749074
1980-02-06	23.416524140996145
1980-02-07	-20.631527164988498
1980-02-08	15.868992568911558
1980-02-09	-44.862223807037424
1980-02-10	-0.7607938597905515
1980-02-11	14.41155904016096
1980-02-12	7.3052454312817945
1980-02-13	-3.263743946743433
1980-02-14	-33.834346484517326
1980-02-15	-13.916313112775685
1980-02-16	-40.92547062815133
1980-02-17	54.13015932612442
1980-02-18	29.969820154938002
1980-02-19	-2.12237324553164
1980-02-20	41.05674785599484
1980-02-21	-12.723118767577978
1980-02-22	5.136136856076531
1980-02-23	7.357086550710921
1980-02-24	8.17552735234951
1980-02-25	-26.76924246819418
1980-02-26	13.593544579262185
1980-02-27	-15.081873016453422
1980-02-28	-6.516707614373038
1980-02-29	-6.505107263202297
1980-03-01	-15.574642819584458
1980-03-02	2.2085773422413455
1980-03-03	-32.21915449976662
1980-03-04	0.49388724551952834
1980-03-05	-4.013350111363873
1980-03-06	-2.918482329840808
1980-03-07	-5.236054190206996
1980-03-08	23.367385083036645
1980-03-09	5.760748455204422
1980-03-10	-3.5762921273343355
1980-03-11	10.534362685182542
1980-03-12	-13.90946072252063
1980-03-13	8.173228606217322
1980-03-14	45.6958872757473
1980-03-15	-9.977532541107541
1980-03-16	-2.4526271987891235
1980-03-17	3.817378971783593
1980-03-18	-6.285005849460638
1980-03-19	3.4797652434145636
1980-03-20	-6.5111640746950314
1980-03-21	3.828199308536308
1980-03-22	19.507351481586323
1980-03-23	22.356860469349844
1980-03-24	-33.57485436089205
1980-03-25	26.18249041525771
1980-03-26	8.254568323000335
1980-03-27	-11.238217957517515
1980-03-28	10.067762017079891
1980-03-29	-0.05034788733611961
1980-03-30	11.556509296374074
1980-03-31	50.05030914749544
1980-04-01	30.03218389403816
1980-04-02	11.183388242388359
1980-04-03	12.922160991568639
1980-04-04	-28.78567551084685
1980-04-05	4.188294449783145
1980-04-06	-5.343045819894604
1980-04-07	2.90756867766237
1980-04-08	5.023012369108727
1980-04-09	11.14018882078835
1980-04-10	-8.382197757860622
1980-04-11	-26.213351520142957
1980-04-12	6.916082319633972
1980-04-13	15.23318475324232
1980-04-14	-12.193701088713759
1980-04-15	-18.944236667722237
1980-04-16	4.3179575044283345
1980-04-17	-17.952741036965286
1980-04-18	29.96421195638613
1980-04-19	9.830822101477601
1980-04-20	-57.38635133163721
1980-04-21	-35.27546080119112
1980-04-22	7.168300361312488
1980-04-23	12.096075178139563
1980-04-24	21.111477725746326
1980-04-25	3.0260867038745545
1980-04-26	2.9914779138358147
1980-04-27	7.945982656454066
1980-04-28	6.207444035489971
1980-04-29	14.0114940826145
1980-04-30	21.18538737506311
1980-05-01	-30.745777751794385
1980-05-02	-2.7204471223877515
1980-05-03	26.180902132397495
1980-05-04	8.69677012328549
1980-05-05	3.037035886907563
1980-05-06	-17.27192816360315
1980-05-07	16.102575929952923
1980-05-08	3.9631805552518715
1980-05-09	9.73634158342022
1980-05-10	-1.6159105929043809
1980-05-11	0.1287552225117845
1980-05-12	-15.67893707484751
1980-05-13	19.74150749070101
1980-05-14	-4.193529622848032
1980-05-15	-33.426501818458185
1980-05-16	-34.23184524349152
1980-05-17	14.582009115577247
1980-05-18	9.804404056529497
1980-05-19	-8.941668180716656
1980-05-20	9.957385815857295
1980-05-21	15.468372109086564
1980-05-22	8.59969974109264
1980-05-23	-14.817362873932689
1980-05-24	17.390048290555804
1980-05-25	-2.4774672916106564
1980-05-26	14.876851922414499
1980-05-27	-1.8554742476459338
1980-05-28	-3.0230589928312828
1980-05-29	10.159224504082903
1980-05-30	1.7642373274509389
1980-05-31	-40.44567333194704
1980-06-01	40.198071218984204
1980-06-02	0.6307521598211621
1980-06-03	-4.9946255608918
1980-06-04	36.09247868381653
1980-06-05	1.7880303758153455
1980-06-06	15.034399486538355
1980-06-07	-4.3608922237928445
1980-06-08	-10.359941481682887
1980-06-09	-9.349061622206243
1980-06-10	34.833968095670954
1980-06-11	42.4730120070977
1980-06-12	47.66191183015886
1980-06-13	-1.9522418951145568
1980-06-14	-3.0866697027600614
1980-06-15	-18.506555309131603
1980-06-16	-46.47745867315545
1980-06-17	2.23373493662634
1980-06-18	10.023427188948508
1980-06-19	7.9432854772806465
1980-06-20	35.85629834226085
1980-06-21	-8.53834457407516
1980-06-22	3.494899842110158
1980-06-23	6.076316369698222
1980-06-24	-20.756795961924176
1980-06-25	28.28525473838096
1980-06-26	-16.276848299658823
1980-06-27	-20.456532758302643
1980-06-28	10.600621930376882
1980-06-29	-8.66898684588478
1980-06-30	19.411590980459504
1980-07-01	7.6472172465897055
1980-07-02	9.617803304464795
1980-07-03	-25.105950790481877
1980-07-04	4.7730596487856
1980-07-05	2.286880680018172
1980-07-06	-27.84667192354352
1980-07-07	-5.674930231746049
1980-07-08	-6.873063323183909
1980-07-09	-38.70004795494876
1980-07-10	11.579532167748127
1980-07-11	16.33015547585958
1980-07-12	17.432282002734574
1980-07-13	16.362702910088217
1980-07-14	-23.35002036658996
1980-07-15	-21.16519800056947
1980-07-16	-2.766834472698954
1980-07-17	-10.21918135108936
1980-07-18	-37.52144012725468
1980-07-19	-4.692776576470588
1980-07-20	-16.22862030397102
1980-07-21	-31.164590275435636
1980-07-22	-19.872358781863777
1980-07-23	9.958865644366218
1980-07-24	5.353891013794037
1980-07-25	-56.34681583477502
1980-07-26	0.781465072190094
1980-07-27	37.848791275791086
1980-07-28	-29.959477882060497
1980-07-29	35.063828355055236
1980-07-30	6.707111719075692
1980-07-31	46.392600112192106
1980-08-01	-34.1368172959313
1980-08-02	-2.3359126129587517
1980-08-03	-40.7981204496847
1980-08-04	10.425653475936219
1980-08-05	-33.59853088444999
1980-08-06	5.054478014321612
1980-08-07	-10.875552860090009
1980-08-08	7.355783222157358
1980-08-09	-41.18467614705628
1980-08-10	-0.8146989380441401
1980-08-11	15.01721039551265
1980-08-12	36.85801978804654
1980-08-13	-10.139765278530136
1980-08-14	-6.215850574857899
1980-08-15	0.8827702550281042
1980-08-16	-25.646061572544387
1980-08-17	17.25276865633977
1980-08-18	1.3545747540486106
1980-08-19	6.881935055994744
1980-08-20	-7.267318578771272
1980-08-21	7.828147517148911
1980-08-22	8.402752632504157
1980-08-23	19.68142723225065
1980-08-24	-4.306007850495784
1980-08-25	-16.509575217906782
1980-08-26	22.223862472328765
1980-08-27	6.162551391798096
1980-08-28	6.839001322824413
1980-08-29	6.392539249758477
1980-08-30	-10.115524890894823
1980-08-31	-20.39531775214662
1980-09-01	9.587543954148856
1980-09-02	20.38568906067774
1980-09-03	-0.9287583728751774
1980-09-04	-9.709668899759265
1980-09-05	-18.887225998561462
1980-09-06	-16.800671905101986
1980-09-07	-23.20560819383759
1980-09-08	14.386704519866448
1980-09-09	-13.958722592914679
1980-09-10	-22.945363254532527
1980-09-11	12.830747951575884
1980-09-12	-10.003572899308189
1980-09-13	-4.594007553020098
1980-09-14	-29.2800607741035
1980-09-15	-16.108335788333367
1980-09-16	14.389437026526249
1980-09-17	-14.750347358516295
1980-09-18	-18.128105694185262
1980-09-19	3.635423108829671
1980-09-20	-34.69155181341985
1980-09-21	17.85117567148992
1980-09-22	-3.546210464855781
1980-09-23	-32.20626303912733
1980-09-24	-34.41968928772779
1980-09-25	-5.513350798849904
1980-09-26	-12.970939816322517
1980-09-27	-40.62781538546522
1980-09-28	-51.27782132326368
1980-09-29	-21.826914412885138
1980-09-30	-2.336385698006773
1980-10-01	5.353101406647346
1980-10-02	29.35747372650107
1980-10-03	37.131288280119435
1980-10-04	-2.164486247325301
1980-10-05	3.3052438232590644
1980-10-06	-17.154573177894747
1980-10-07	-16.28436706745767
1980-10-08	6.996057245134928
1980-10-09	24.6141896276647
1980-10-10	-7.203752003865004
1980-10-11	-25.08245639625675
1980-10-12	-26.621516645189693
1980-10-13	-22.917859414454846
1980-10-14	-10.631107593901136
1980-10-15	-20.8449250283856
1980-10-16	6.310694745042253
1980-10-17	-11.132104099233722
1980-10-18	-2.017052621265111
1980-10-19	12.875444636840449
1980-10-20	-8.525387018932827
1980-10-21	-9.454819125302343
1980-10-22	-5.113400730256829
1980-10-23	28.381500849884034
1980-10-24	-12.551080630536305
1980-10-25	56.87134550697782
1980-10-26	18.671920426449542
1980-10-27	-5.38506284632988
1980-10-28	13.40936742763921
1980-10-29	29.9610367106905
1980-10-30	31.644088420114144
1980-10-31	11.522589246466161
1980-11-01	-41.06485151269253
1980-11-02	17.570461949164415
1980-11-03	31.667846373687148
1980-11-04	10.51396979539973
1980-11-05	-11.229303435556876
1980-11-06	43.39157024537976
1980-11-07	-34.52297930192177
1980-11-08	-19.12305459251528
1980-11-09	-5.253466873463118
1980-11-10	5.756581522536021
1980-11-11	-8.894029753100885
1980-11-12	22.962039005676196
1980-11-13	8.4891932290788
1980-11-14	-7.248532969411926
1980-11-15	-24.5877142096366
1980-11-16	-13.99631674745483
1980-11-17	4.951014928083003
1980-11-18	29.964404956450114
1980-11-19	16.54037946243206
1980-11-20	-24.268343377149392
1980-11-21	-13.905375009308885
1980-11-22	-15.085929819772474
1980-11-23	-0.992748105412524
1980-11-24	-17.89112490391588
1980-11-25	-20.41436947326176
1980-11-26	-25.816197346392315
1980-11-27	5.363926972586617
1980-11-28	30.067307011665324
1980-11-29	16.72687909247726
1980-11-30	42.484402278860024
1980-12-01	15.861959093240117
1980-12-02	-1.834846837971326
1980-12-03	-4.503646014978001
1980-12-04	-26.193661903899255
1980-12-05	-6.382689469776813
1980-12-06	20.426821279394808
1980-12-07	17.772760668302844
1980-12-08	8.16569653350483
1980-12-09	-13.780743804380702
1980-12-10	-22.678768307314105
1980-12-11	-18.982661075124035
1980-12-12	2.0139894277640567
1980-12-13	-15.320110161753718
1980-12-14	10.726804775826292
1980-12-15	8.945726407206521
1980-12-16	13.38948966759817
1980-12-17	41.12683801562798
1980-12-18	-6.296107388331264
1980-12-19	-12.765040041604243
1980-12-20	15.754544388325511
1980-12-21	1.766945508961257
1980-12-22	-6.168837632993189
1980-12-23	20.233420453150007
1980-12-24	22.54247757502754
1980-12-25	-25.52595240699719
1980-12-26	29.900842989294695
1980-12-27	15.682105284258148
1980-12-28	-8.636861564294904
1980-12-29	3.594037237725682
1980-12-30	9.272166249297547
1980-12-31	19.263114151996334
1981-01-01	3.2657606531986145
1981-01-02	-26.243580293172254
1981-01-03	25.442758644413065
1981-01-04	12.913482615583414
1981-01-05	-24.29821001117871
1981-01-06	20.49892966552234
1981-01-07	-12.657408313442872
1981-01-08	-7.846218046829234
1981-01-09	-20.868274590960574
1981-01-10	-11.196776811334745
1981-01-11	22.198982323488394
1981-01-12	0.7170587769834208
1981-01-13	10.345923756290397
1981-01-14	5.161222343027767
1981-01-15	-3.347627784971955
1981-01-16	25.308835996826186
1981-01-17	31.182001688202924
1981-01-18	-17.563304364951968
1981-01-19	-15.693745555847332
1981-01-20	-44.10795029111534
1981-01-21	-15.015666018109226
1981-01-22	-19.640982609130457
1981-01-23	7.988519372281728
1981-01-24	-4.935633941807677
1981-01-25	-35.00531569037407
1981-01-26	17.685247825098664
1981-01-27	18.670058207609653
1981-01-28	31.532077103987252
1981-01-29	-1.3731288569307394
1981-01-30	-34.81298016464203
1981-01-31	34.05518443046394
1981-02-01	8.352929019077907
1981-02-02	-0.9823533791198449
1981-02-03	-14.316009890936195
1981-02-04	20.896273158622925
1981-02-05	23.933343856986795
1981-02-06	23.53770111092407
1981-02-07	39.85566298717397
1981-02-08	12.55933948677893
1981-02-09	36.19018152519665
1981-02-10	16.232964600195874
1981-02-11	-28.047574873586466
1981-02-12	-18.243903229550078
1981-02-13	-13.902938546304823
1981-02-14	-23.68329490635346
1981-02-15	15.840216027786107
1981-02-16	-2.103154150843534
1981-02-17	7.265237218656828
1981-02-18	-9.986702168132307
1981-02-19	-25.90274223883996
1981-02-20	-36.61688723917707
1981-02-21	30.771164999766466
1981-02-22	-5.127431122825138
1981-02-23	40.059953463461824
1981-02-24	-9.276887399287515
1981-02-25	-3.842052494544606
1981-02-26	-14.20129969694711
1981-02-27	21.58591146816552
1981-02-28	10.33346393102509
1981-03-01	-39.39740628724222
1981-03-02	-1.5726018267908775
1981-03-03	15.93007792405889
1981-03-04	13.918020417772691
1981-03-05	-8.38589600590002
1981-03-06	22.117734814478215
1981-03-07	0.7373098608201505
1981-03-08	-28.64201595489587
1981-03-09	43.07033515372694
1981-03-10	-11.96642141830188
1981-03-11	45.405385200674694
1981-03-12	-5.355172670497266
1981-03-13	-18.702156008557832
1981-03-14	-10.581847410674174
1981-03-15	9.692898879726119
1981-03-16	13.039304215951715
1981-03-17	16.361831525461046
1981-03-18	-25.046412166904787
1981-03-19	14.7227988806629
1981-03-20	13.17407766506321
1981-03-21	29.974752190606097
1981-03-22	-17.0452410274234
1981-03-23	-35.69103132001735
1981-03-24	-9.123697331511595
1981-03-25	-6.406463854282735
1981-03-26	42.05132488825213
1981-03-27	4.647368774368189
1981-03-28	-2.648991225437962
1981-03-29	3.1191375463502116
1981-03-30	-3.2522875887914573
1981-03-31	1.3737720172812358
1981-04-01	23.1280733656849
1981-04-02	-29.138129558458797
1981-04-03	-19.186133153006196
1981-04-04	-9.102518381898232
1981-04-05	-3.570570773701152
1981-04-06	-11.835481616648686
1981-04-07	28.958281666700486
1981-04-08	-5.2814004431713855
1981-04-09	3.179930448767461
1981-04-10	80.48107314758323
1981-04-11	-1.1406834935177275
1981-04-12	-5.35187443949992
1981-04-13	19.15311572179286
1981-04-14	5.274413985289553
1981-04-15	6.675929541937895
1981-04-16	-0.2413953560666231
1981-04-17	6.904358226018469
1981-04-18	-25.99091802133313
1981-04-19	-2.3263915874920587
1981-04-20	-48.51658219496429
1981-04-21	-50.98536740444657
1981-04-22	-6.205128534285666
1981-04-23	-3.907759561704424
1981-04-24	10.349192648511295
1981-04-25	13.370766650304164
1981-04-26	-9.286596555540708
1981-04-27	14.32172781105182
1981-04-28	33.62670801480115
1981-04-29	55.28813778479955
1981-04-30	28.1395507229367
1981-05-01	-4.755417238154622
1981-05-02	20.706322230882588
1981-05-03	-1.0392753887589248
1981-05-04	-30.778305420322305
1981-05-05	-46.75897992220998
1981-05-06	6.539354034415948
1981-05-07	-59.5491200952944
1981-05-08	-50.78948028631723
1981-05-09	-45.7755608070864
1981-05-10	13.746063594525484
1981-05-11	-19.295021055981536
1981-05-12	-33.43642980789193
1981-05-13	1.7220458908093759
1981-05-14	-12.413710758215394
1981-05-15	-4.10752937723035
1981-05-16	-8.875645570004503
1981-05-17	-45.762767722706904
1981-05-18	34.59036812729472
1981-05-19	40.89406132483058
1981-05-20	11.710498759777927
1981-05-21	14.231871700450336
1981-05-22	9.401798569597316
1981-05-23	-25.472621931733354
1981-05-24	19.967116187941155
1981-05-25	-15.51987114656356
1981-05-26	-7.958981600652985
1981-05-27	-12.704859310739927
1981-05-28	-3.84212671329687
1981-05-29	-4.925166018736089
1981-05-30	-12.228817103940315
1981-05-31	-6.200252162980193
1981-06-01	15.178562182704862
1981-06-02	17.626932269463673
1981-06-03	19.649462860698723
1981-06-04	15.357244222357547
1981-06-05	3.0484234171838294
1981-06-06	53.345610699519256
1981-06-07	-3.9807114763569826
1981-06-08	7.98144861481908
1981-06-09	11.091959765735673
1981-06-10	-21.845692526970875
1981-06-11	-8.758515695902254
1981-06-12	16.861041663295733
1981-06-13	-22.127778683546868
1981-06-14	-19.65204796805917
1981-06-15	-47.4614566630695
1981-06-16	-25.31776171450847
1981-06-17	2.0364070834175743
1981-06-18	-13.672069652324542
1981-06-19	9.091783841012269
1981-06-20	12.943357012663489
1981-06-21	43.65119929091518
1981-06-22	-6.743405581460368
1981-06-23	-23.176220097247846
1981-06-24	-4.3377302565657505
1981-06-25	13.176882272825418
1981-06-26	50.29182212420005
1981-06-27	-11.373623010537868
1981-06-28	-42.41369218645919
1981-06-29	20.183780506114992
1981-06-30	30.403627894193544
1981-07-01	18.718664041955485
1981-07-02	-3.7096580906915504
1981-07-03	-22.323030104633258
1981-07-04	6.942544153014828
1981-07-05	-18.367466732333313
1981-07-06	4.173070220945247
1981-07-07	20.156036137614244
1981-07-08	-17.236297661570536
1981-07-09	36.894371311169735
1981-07-10	11.12395940491865
1981-07-11	22.14150193524821
1981-07-12	1.856147202762315
1981-07-13	-26.45398663242507
1981-07-14	20.451511656816397
1981-07-15	-10.65226784506309
1981-07-16	38.7540490664554
1981-07-17	-0.08418041091053818
1981-07-18	32.234199447131765
1981-07-19	-13.425944106723449
1981-07-20	24.009054948494033
1981-07-21	4.254668864299604
1981-07-22	-40.750323686564826
1981-07-23	37.60390966229576
1981-07-24	-22.950096376309606
1981-07-25	46.86977547248554
1981-07-26	-14.336887509902692
1981-07-27	17.277998937822545
1981-07-28	32.436677953917645
1981-07-29	16.96793980965752
1981-07-30	-25.915592262574215
1981-07-31	-32.46974486180637
1981-08-01	1.3941687039548967
1981-08-02	13.56396226361
1981-08-03	1.6411407182799742
1981-08-04	11.956895819456221
1981-08-05	1.8314117862535184
1981-08-06	-5.238362119459439
1981-08-07	-2.6666606144435763
1981-08-08	16.075495000979025
1981-08-09	13.684546617083642
1981-08-10	12.26771090155225
1981-08-11	16.283688053417954
1981-08-12	-6.585269725356007
1981-08-13	-28.95788402906241
1981-08-14	-13.964629541834956
1981-08-15	-12.705714061181963
1981-08-16	-32.97197713683451
1981-08-17	45.215594563205
1981-08-18	6.921520381716337
1981-08-19	-4.749324497626133
1981-08-20	7.30556471285302
1981-08-21	13.204123043901346
1981-08-22	-30.71124553194845
1981-08-23	0.15826576819349725
1981-08-24	32.07460030107989
1981-08-25	-25.772542802626468
1981-08-26	1.8294441776365846
1981-08-27	-2.8339021334775047
1981-08-28	-33.315735496116346
1981-08-29	-12.183111466085116
1981-08-30	-37.15875158120572
1981-08-31	35.41884682132108
1981-09-01	-9.989203989522167
1981-09-02	1.368521011195795
1981-09-03	22.92393357759258
1981-09-04	26.75190194954173
1981-09-05	29.204972864872502
1981-09-06	47.087082465953465
1981-09-07	9.566728916743571
1981-09-08	14.628907568037059
1981-09-09	-18.749828292953804
1981-09-10	-30.283208447324757
1981-09-11	-8.572879265444692
1981-09-12	3.370475340799496
1981-09-13	-6.112542564469459
1981-09-14	25.306607678416665
1981-09-15	13.195037774289872
1981-09-16	10.477815755689997
1981-09-17	13.237972180906596
1981-09-18	-41.67472548683526
1981-09-19	-1.3403611570312413
1981-09-20	7.206163080940329
1981-09-21	3.5242513504669395
1981-09-22	-4.461241517666269
1981-09-23	14.788337484044677
1981-09-24	-41.70171247184983
1981-09-25	30.315742571363497
1981-09-26	9.791086531785389
1981-09-27	4.858130014454301
1981-09-28	-44.553194879299625
1981-09-29	13.523282660559577
1981-09-30	2.2096574365427064
1981-10-01	5.194872164946078
1981-10-02	51.53156562266268
1981-10-03	1.5552902620802718
1981-10-04	-33.5987164519579
1981-10-05	-14.543895974142467
1981-10-06	-33.524034560702184
1981-10-07	7.55767581123931
1981-10-08	-8.59382701969218
1981-10-09	3.830862557576239
1981-10-10	43.20458153328408
1981-10-11	-1.8089113953797191
1981-10-12	-6.513697359722001
1981-10-13	-34.303963617199116
1981-10-14	29.850413727310695
1981-10-15	37.78555101872873
1981-10-16	-22.38839531607124
1981-10-17	-0.7175756247137395
1981-10-18	-8.084261387130415
1981-10-19	-50.65984528727043
1981-10-20	-16.001916562901187
1981-10-21	32.152917168030235
1981-10-22	-26.30446720427185
1981-10-23	-2.065986618229698
1981-10-24	3.7510526640154227
1981-10-25	0.08149282953299741
1981-10-26	-4.0355583462823805
1981-10-27	-45.11097067144022
1981-10-28	23.2076654365479
1981-10-29	5.018333884939977
1981-10-30	10.130394982951369
1981-10-31	2.600857232423812
1981-11-01	-13.651715223975014
1981-11-02	-4.109004847311312
1981-11-03	51.44060927437343
1981-11-04	-24.42409507174513
1981-11-05	-1.9320799253101522
1981-11-06	-13.928039011775402
1981-11-07	14.9705263238355
1981-11-08	-12.522553058607569
1981-11-09	-1.7438861679064799
1981-11-10	1.806020764302993
1981-11-11	-10.713703957541817
1981-11-12	-1.7484638543327236
1981-11-13	-9.074566265231038
1981-11-14	-26.5429901605798
1981-11-15	-10.472209615606648
1981-11-16	-21.70851401252784
1981-11-17	-4.535725615259591
1981-11-18	-41.32205000613333
1981-11-19	-24.022231257293928
1981-11-20	-33.24862717470531
1981-11-21	-3.153958911604307
1981-11-22	16.89399398405552
1981-11-23	1.6877491691361124
1981-11-24	23.346602960650124
1981-11-25	-46.068424752516265
1981-11-26	12.167096345386915
1981-11-27	-14.9497454579311
1981-11-28	20.761808935550764
1981-11-29	-24.375335523123162
1981-11-30	-6.603275978913384
1981-12-01	4.509577801103003
1981-12-02	6.805969881058568
1981-12-03	24.51925528910618
1981-12-04	15.650702354653582
1981-12-05	-16.079231947941988
1981-12-06	32.961186483033345
1981-12-07	8.056299271650323
1981-12-08	-23.66576985098419
1981-12-09	14.660443055275959
1981-12-10	17.068233933778426
1981-12-11	1.049636088112236
1981-12-12	-2.8667983894961955
1981-12-13	-29.979849378888797
1981-12-14	-17.76997534863138
1981-12-15	17.583965659340837
1981-12-16	-20.16235973348653
1981-12-17	9.805508688847794
1981-12-18	12.328437294073193
1981-12-19	-35.572389228823006
1981-12-20	-22.142323341336507
1981-12-21	-41.35152916096706
1981-12-22	9.707996688089503
1981-12-23	8.048465798163102
1981-12-24	34.51591970391632
1981-12-25	76.07090067824984
1981-12-26	-20.220586659611076
1981-12-27	13.055018146594737
1981-12-28	-26.448194217559386
1981-12-29	11.072108533665395
1981-12-30	37.63603872869702
1981-12-31	-5.91045041048535
1982-01-01	4.715665057837706
1982-01-02	28.651952138644145
1982-01-03	-20.172838184867654
1982-01-04	-20.320730649510775
1982-01-05	2.906960270836921
1982-01-06	-9.039574433218995
1982-01-07	22.603665968087526
1982-01-08	4.952667039955746
1982-01-09	25.42429369389383
1982-01-10	-28.62386606119211
1982-01-11	22.782263303031744
1982-01-12	-17.444658982330676
1982-01-13	10.519840529764947
1982-01-14	-15.622194658162972
1982-01-15	-41.93327980157264
1982-01-16	-25.97710954521629
1982-01-17	14.14879761893093
1982-01-18	7.980072004309695
1982-01-19	-16.043229311860184
1982-01-20	-22.51301202643004
1982-01-21	-19.33197892136436
1982-01-22	-21.588714386581785
1982-01-23	29.7275565739483
1982-01-24	-51.07247850146217
1982-01-25	0.05934317427956126
1982-01-26	17.128714615752767
1982-01-27	-6.717655347135001
1982-01-28	-33.08131070247878
1982-01-29	18.81022435495948
1982-01-30	7.706285541911531
1982-01-31	-4.864807485598068
1982-02-01	-11.095526117312952
1982-02-02	-2.8043619315827275
1982-02-03	7.501776289735985
1982-02-04	13.179283843713762
1982-02-05	-5.391652319505769
1982-02-06	-13.486631090306256
1982-02-07	-14.936357376434117
1982-02-08	14.47348100625976
1982-02-09	-0.07784266074490942
1982-02-10	7.724742578579874
1982-02-11	65.51375521221922
1982-02-12	-26.13105191618501
1982-02-13	20.386303206430195
1982-02-14	26.40341085527126
1982-02-15	-8.40604122970053
1982-02-16	-29.261671524866127
1982-02-17	-40.77378073749423
1982-02-18	-5.6815228331490335
1982-02-19	-2.760075215170499
1982-02-20	-1.8810708853130327
1982-02-21	-24.178692006587262
1982-02-22	13.32728681836084
1982-02-23	10.061547632691932
1982-02-24	13.862368208650237
1982-02-25	22.656460839117695
1982-02-26	8.584423613136746
1982-02-27	14.073616662202742
1982-02-28	-13.77346351128148
1982-03-01	15.219853889527695
1982-03-02	24.01207184780352
1982-03-03	9.97297367699203
1982-03-04	42.00742713401853
1982-03-05	41.24119920893757
1982-03-06	39.78878363396277
1982-03-07	38.72561779160845
1982-03-08	-36.31724386425956
1982-03-09	10.892556137236248
1982-03-10	-5.526146053974981
1982-03-11	-10.108571831871252
1982-03-12	-28.874925070235886
1982-03-13	4.90776277156957
1982-03-14	-33.981514185574795
1982-03-15	-24.78856938977064
1982-03-16	-20.026842819139674
1982-03-17	34.364292061076675
1982-03-18	-36.287219071065266
1982-03-19	-0.33078289764799673
1982-03-20	42.660749739021746
1982-03-21	-26.942591122747015
1982-03-22	52.30556085747486
1982-03-23	10.20663573915594
1982-03-24	-0.1642261240493108
1982-03-25	-1.5434002173114274
1982-03-26	-15.418076699952518
1982-03-27	-8.185786670406365
1982-03-28	8.042624733391845
1982-03-29	8.971053108854576
1982-03-30	-0.5189256800560411
1982-03-31	4.199334583845275
1982-04-01	18.98786897406468
1982-04-02	25.787057401016767
1982-04-03	-14.87781243003006
1982-04-04	-14.904791351229411
1982-04-05	-13.777276193667625
1982-04-06	-10.01510806830012
1982-04-07	-7.128396258009854
1982-04-08	16.11431994525892
1982-04-09	2.976788181412228
1982-04-10	13.152793356750388
1982-04-11	4.970111326552697
1982-04-12	8.173137805240664
1982-04-13	-12.392692494143393
1982-04-14	-10.511068752711612
1982-04-15	-42.10702048296742
1982-04-16	14.59601828274025
1982-04-17	-25.381283588637807
1982-04-18	-26.26788742576293
1982-04-19	-30.39706533284122
1982-04-20	15.936906170857698
1982-04-21	13.357680930355372
1982-04-22	-9.721100710142384
1982-04-23	24.94543892311084
1982-04-24	34.61049086352772
1982-04-25	-16.326849771719335
1982-04-26	6.484939232973661
1982-04-27	7.156235307148031
1982-04-28	9.967109820729391
1982-04-29	22.96369913813247
1982-04-30	29.567598538817194
1982-05-01	-28.91885589461985
1982-05-02	-18.064869868061628
1982-05-03	-38.356978174259076
1982-05-04	4.267342399674084
1982-05-05	-25.06034834535021
1982-05-06	-18.955229996397797
1982-05-07	8.4927307811815
1982-05-08	10.587449374886676
1982-05-09	15.303402140602048
1982-05-10	6.072894527395539
1982-05-11	-2.483894919940127
1982-05-12	13.752266399588864
1982-05-13	-28.81449628158698
1982-05-14	-51.05672386679579
1982-05-15	16.595057685426887
1982-05-16	-8.925526919569597
1982-05-17	1.9958479000562728
1982-05-18	-30.0090418553718
1982-05-19	49.111837355689765
1982-05-20	-33.7994063782208
1982-05-21	23.23475054320482
1982-05-22	4.865934957748395
1982-05-23	-3.9206661685203175
1982-05-24	47.2046538456681
1982-05-25	7.381465798651866
1982-05-26	-11.744774100306214
1982-05-27	3.1191717968550456
1982-05-28	6.04638443274179
1982-05-29	13.249240890737417
1982-05-30	-31.492429482004113
1982-05-31	9.353474810126057
1982-06-01	-0.21353094515096815
1982-06-02	-9.662809532645792
1982-06-03	32.331690820277274
1982-06-04	-24.746963046053484
1982-06-05	9.984877568223698
1982-06-06	21.626205432637693
1982-06-07	4.806567164008365
1982-06-08	-28.039165203520344
1982-06-09	0.5840561105768365
1982-06-10	-12.64029399909467
1982-06-11	40.05522313169878
1982-06-12	2.462520324758569
1982-06-13	-40.8599343639993
1982-06-14	11.862004030320545
1982-06-15	-3.104380356118158
1982-06-16	15.495130595708487
1982-06-17	-34.59029216307679
1982-06-18	13.659936528421603
1982-06-19	-17.322959682013668
1982-06-20	-13.561961281890634
1982-06-21	-19.50788784945915
1982-06-22	1.3593411971468408
1982-06-23	43.25906944692196
1982-06-24	9.686071180832926
1982-06-25	2.6783117658466984
1982-06-26	-0.364803397256233
1982-06-27	3.873733872233853
1982-06-28	24.75483970570482
1982-06-29	-29.11423542798993
1982-06-30	-47.79283117251305
1982-07-01	8.302643094922159
1982-07-02	59.40891819731655
1982-07-03	-24.785285043082112
1982-07-04	6.645913643223684
1982-07-05	49.598327420472884
1982-07-06	-19.58236888574222
1982-07-07	19.96267866038792
1982-07-08	25.917074788771664
1982-07-09	-4.873719690452687
1982-07-10	-5.086463294402367
1982-07-11	14.27126118314032
1982-07-12	21.711517566910302
1982-07-13	4.32771971325951
1982-07-14	18.231804429814396
1982-07-15	-26.4812188390281
1982-07-16	1.8742508825901991
1982-07-17	8.85888247463118
1982-07-18	26.61465416325613
1982-07-19	3.235596418771274
1982-07-20	-12.69322807449733
1982-07-21	19.817940044196625
1982-07-22	11.124322632726855
1982-07-23	15.0377601610567
1982-07-24	-10.601349899816677
1982-07-25	40.58043079663756
1982-07-26	-39.89279710861521
1982-07-27	13.536761879987921
1982-07-28	4.493361454819834
1982-07-29	-18.494438229048114
1982-07-30	17.241136790373776
1982-07-31	7.954833241293153
1982-08-01	-12.062836921918128
1982-08-02	-34.403023018335894
1982-08-03	-2.2715730844774944
1982-08-04	-1.181674334074599
1982-08-05	-1.4676699540613172
1982-08-06	-32.22752656700726
1982-08-07	28.744342872418812
1982-08-08	23.960559317378504
1982-08-09	20.17583219035313
1982-08-10	-11.063580616921888
1982-08-11	-3.79689612000171
1982-08-12	18.362144209304358
1982-08-13	-17.56348048543777
1982-08-14	-5.5359359089182725
1982-08-15	-5.044366447023413
1982-08-16	-9.141450079109163
1982-08-17	-18.099180238784207
1982-08-18	25.4018878066665
1982-08-19	26.71862368150539
1982-08-20	40.354365863459996
1982-08-21	-9.134377003471
1982-08-22	-30.910017780090946
1982-08-23	25.317457519877347
1982-08-24	16.246732331058507
1982-08-25	-9.152077256264748
1982-08-26	56.837134627434075
1982-08-27	15.351066456907034
1982-08-28	17.747754383258926
1982-08-29	43.127646619251585
1982-08-30	9.317135452239913
1982-08-31	-0.04674146945101887
1982-09-01	2.1873376132682387
1982-09-02	3.4631950102557543
1982-09-03	39.78363484256034
1982-09-04	-12.542529829742325
1982-09-05	-22.92285837793371
1982-09-06	-14.30810927226885
1982-09-07	1.4111980883770836
1982-09-08	26.22562712723299
1982-09-09	38.34992952618805
1982-09-10	16.249814531634428
1982-09-11	-33.840802982279406
1982-09-12	-8.431822314595518
1982-09-13	-19.878644143935688
1982-09-14	-13.931172891774896
1982-09-15	15.425185279763738
1982-09-16	-13.845789976257135
1982-09-17	-61.62564071009001
1982-09-18	23.567404536078744
1982-09-19	51.02229951689361
1982-09-20	16.977268875492843
1982-09-21	19.293730051029012
1982-09-22	-55.22654938557506
1982-09-23	1.2174465268517072
1982-09-24	-10.298966196921985
1982-09-25	5.515266860533037
1982-09-26	-27.763003732252354
1982-09-27	3.327139780438225
1982-09-28	26.513377284956135
1982-09-29	10.779817797137905
1982-09-30	32.50953560819649
1982-10-01	-13.001456676317341
1982-10-02	27.865599788418997
1982-10-03	-51.6398838412233
1982-10-04	-30.498831632752328
1982-10-05	13.799693053541704
1982-10-06	10.269535222051895
1982-10-07	-26.538661340849032
1982-10-08	-13.759073029048942
1982-10-09	23.601772106584555
1982-10-10	-9.768819507513442
1982-10-11	-43.884258957144695
1982-10-12	-35.97392658799483
1982-10-13	-9.025455972068563
1982-10-14	-9.115794588321174
1982-10-15	35.740951108590515
1982-10-16	-17.46468187656672
1982-10-17	4.781503986026226
1982-10-18	-40.00166987525687
1982-10-19	-1.4261393787496546
1982-10-20	14.815000347900202
1982-10-21	-19.652699884584067
1982-10-22	1.242007334434157
1982-10-23	7.242332078590592
1982-10-24	-6.608814764307793
1982-10-25	22.881858757362764
1982-10-26	7.5509639575996275
1982-10-27	0.430036519839727
1982-10-28	17.69492650220815
1982-10-29	-5.720211689481393
1982-10-30	4.672434156482164
1982-10-31	12.785628171128176
1982-11-01	22.25694580992874
1982-11-02	30.733515435353652
1982-11-03	10.430524415770297
1982-11-04	-17.999222004244682
1982-11-05	-8.85274693174984
1982-11-06	8.063615551505105
1982-11-07	-16.9598519452838
1982-11-08	3.6991250985285955
1982-11-09	-11.929752680261258
1982-11-10	-14.803925108017403
1982-11-11	30.18196270415722
1982-11-12	29.451694370632673
1982-11-13	13.630806835952239
1982-11-14	37.243395398577206
1982-11-15	21.83696813484832
1982-11-16	-0.7994546860193139
1982-11-17	12.986453791522361
1982-11-18	-11.17703228297471
1982-11-19	-29.578304529266358
1982-11-20	-1.917958848492226
1982-11-21	-36.82976811450149
1982-11-22	-4.9832134740408875
1982-11-23	-3.8977820340992837
1982-11-24	1.644205816255674
1982-11-25	-9.836965931831498
1982-11-26	-8.701068375592694
1982-11-27	-52.379395113305804
1982-11-28	-4.847786590096526
1982-11-29	-10.111161053450088
1982-11-30	14.109627869021065
1982-12-01	21.78639504517433
1982-12-02	2.4675944621860917
1982-12-03	13.082669017513053
1982-12-04	-30.745994767972228
1982-12-05	40.68038235911385
1982-12-06	18.30279587182763
1982-12-07	-1.0421432469035243
1982-12-08	-11.315343365703898
1982-12-09	-15.417898863460625
1982-12-10	-7.678135763977396
1982-12-11	15.833701968385073
1982-12-12	17.632928198844876
1982-12-13	15.774514680140237
1982-12-14	-0.4535423562355929
1982-12-15	-16.177626133227143
1982-12-16	23.71747032949185
1982-12-17	37.59213914320275
1982-12-18	37.845147974690676
1982-12-19	13.161692683057685
1982-12-20	-25.377173203996538
1982-12-21	24.927332707206556
1982-12-22	-44.112893323844325
1982-12-23	36.823410310529795
1982-12-24	-9.0644148611101
1982-12-25	-26.730128665533996
1982-12-26	-10.18597859561151
1982-12-27	-11.162069667534393
1982-12-28	22.10494186023833
1982-12-29	5.106916639873231
1982-12-30	18.736132493350077
1982-12-31	-35.95558207150265
1983-01-01	28.188097120119117
1983-01-02	-19.910540211825328
1983-01-03	-38.44935330446697
1983-01-04	-8.84137220199164
1983-01-05	-21.763667833534505
1983-01-06	-3.891059791355578
1983-01-07	15.652127983656603
1983-01-08	36.24976455727744
1983-01-09	-9.0730259269284
1983-01-10	44.08888902705704
1983-01-11	-18.582980088860356
1983-01-12	-11.192863015787093
1983-01-13	-15.696658693714522
1983-01-14	8.557685109256457
1983-01-15	12.071121519698131
1983-01-16	7.771853471982699
1983-01-17	41.11021351298542
1983-01-18	39.773453617497815
1983-01-19	38.38840500901204
1983-01-20	-41.54992701123103
1983-01-21	4.527343706756763
1983-01-22	-15.55427355757272
1983-01-23	21.452157458053577
1983-01-24	12.818924514894858
1983-01-25	11.822700654889795
1983-01-26	13.452682956927188
1983-01-27	15.137222986677509
1983-01-28	13.554138974025626
1983-01-29	10.256787075051946
1983-01-30	7.789616247616699
1983-01-31	4.368271090153002
1983-02-01	17.801853247520306
1983-02-02	3.101436796234821
1983-02-03	-29.151899891817827
1983-02-04	-40.84108533943018
1983-02-05	-32.553170507845344
1983-02-06	15.059958122554999
1983-02-07	27.2310028634502
1983-02-08	17.46657427765325
1983-02-09	6.5586213785160234
1983-02-10	-1.5200100795444447
1983-02-11	-10.425955110456238
1983-02-12	-1.971768454346136
1983-02-13	6.665190778495137
1983-02-14	-26.37336125735603
1983-02-15	18.278517277648433
1983-02-16	-6.664408447023977
1983-02-17	-23.869728158811437
1983-02-18	-17.217078691704646
1983-02-19	13.09805147885341
1983-02-20	-4.1268019176012345
1983-02-21	-41.60648784322392
1983-02-22	38.560935766978766
1983-02-23	24.548559223994367
1983-02-24	-27.70916649314739
1983-02-25	10.9656598661371
1983-02-26	-42.37137794102132
1983-02-27	23.96628312955621
1983-02-28	0.9646547562650306
1983-03-01	11.374626747609677
1983-03-02	15.89099880718594
1983-03-03	18.670535555912334
1983-03-04	24.744020979226566
1983-03-05	10.191556468503027
1983-03-06	-2.098031576250473
1983-03-07	-56.38125819432523
1983-03-08	-12.555761934567421
1983-03-09	5.599747974361112
1983-03-10	22.19093082539031
1983-03-11	-15.494804902064253
1983-03-12	-9.414879201859222
1983-03-13	-7.301225474972169
1983-03-14	-12.060913149954184
1983-03-15	11.503916414426408
1983-03-16	12.202448637026672
1983-03-17	26.85005446555385
1983-03-18	-35.69911399430398
1983-03-19	1.3857880664069737
1983-03-20	-19.61037915736448
1983-03-21	-5.597225069250902
1983-03-22	-35.71960689066693
1983-03-23	37.791014350836285
1983-03-24	-4.317393303508053
1983-03-25	-33.0130664970362
1983-03-26	5.443596737226988
1983-03-27	1.963920617857743
1983-03-28	21.454968164461903
1983-03-29	15.309919572228118
1983-03-30	-23.22903424846085
1983-03-31	-8.503901794221019
1983-04-01	23.545895100238173
1983-04-02	-28.009138381081158
1983-04-03	-5.037405418456168
1983-04-04	5.13060093744142
1983-04-05	4.9069909562949166
1983-04-06	-4.120310696407351
1983-04-07	7.4994342482668115
1983-04-08	3.979202274292261
1983-04-09	20.019690423317
1983-04-10	-26.763754936552917
1983-04-11	10.725563307855806
1983-04-12	-1.527699238416514
1983-04-13	8.40117688129258
1983-04-14	-39.33691249451775
1983-04-15	20.50916184238261
1983-04-16	-15.291448229406157
1983-04-17	-12.268563376460078
1983-04-18	35.36950767389516
1983-04-19	16.57108872501702
1983-04-20	-32.1770895010755
1983-04-21	16.388139771629266
1983-04-22	-16.168631526280702
1983-04-23	15.149538138624338
1983-04-24	-21.931157329758413
1983-04-25	-10.528158130759026
1983-04-26	-32.239759915284345
1983-04-27	3.319820792907179
1983-04-28	19.375027902738562
1983-04-29	26.260401131071006
1983-04-30	35.192240352485264
1983-05-01	3.095304128667774
1983-05-02	46.326660941841816
1983-05-03	33.0428719879448
1983-05-04	14.066568285612147
1983-05-05	-12.830986437194584
1983-05-06	0.3627411523583143
1983-05-07	12.140491303105085
1983-05-08	-12.158825699284408
1983-05-09	9.944735346006834
1983-05-10	-14.134104159223703
1983-05-11	19.746477103855625
1983-05-12	-12.926717099051945
1983-05-13	-12.897911767962913
1983-05-14	-12.391554513156013
1983-05-15	1.9409121090790737
1983-05-16	18.446353969786156
1983-05-17	-6.033831899679768
1983-05-18	39.459065645919225
1983-05-19	37.165536565149345
1983-05-20	19.736315740970312
1983-05-21	-10.479830017145156
1983-05-22	-25.808447107556415
1983-05-23	18.69107967303327
1983-05-24	-18.23325085952428
1983-05-25	-11.863729769474594
1983-05-26	-11.244079038170907
1983-05-27	10.764156291924692
1983-05-28	1.0669419716207833
1983-05-29	15.080669662848793
1983-05-30	46.717977389775335
1983-05-31	-0.3129303739049345
1983-06-01	1.2077891226495323
1983-06-02	-10.224588521090263
1983-06-03	-26.636886534540498
1983-06-04	-34.35921470581123
1983-06-05	4.071246694800841
1983-06-06	-6.834279390692571
1983-06-07	-9.35391590912001
1983-06-08	32.26021323057637
1983-06-09	5.264854172332489
1983-06-10	9.177017061132842
1983-06-11	6.359218545191921
1983-06-12	9.87037030571695
1983-06-13	29.25646304705268
1983-06-14	5.06042113629432
1983-06-15	22.458363510205835
1983-06-16	-5.592786464765553
1983-06-17	-40.37119707783813
1983-06-18	4.712600667333181
1983-06-19	3.2121423738311794
1983-06-20	17.543035199504516
1983-06-21	-15.020687921839041
1983-06-22	25.112124449214864
1983-06-23	6.078381571534963
1983-06-24	-1.8472393469451978
1983-06-25	-12.408538797607342
1983-06-26	41.54974571032964
1983-06-27	20.179965872857196
1983-06-28	-15.599086379956159
1983-06-29	14.548545847431708
1983-06-30	-48.63671069036039
1983-07-01	12.002898031882392
1983-07-02	4.627255058437334
1983-07-03	-25.210326255465016
1983-07-04	17.93960510939306
1983-07-05	-1.922589749796619
1983-07-06	-20.911515905437582
1983-07-07	20.398541171495296
1983-07-08	-37.259368340863105
1983-07-09	-30.636225080125946
1983-07-10	-18.42528215664853
1983-07-11	-29.15687887480285
1983-07-12	-28.855697823417106
1983-07-13	-14.578286276762498
1983-07-14	-19.946554938671078
1983-07-15	-1.0039791117789534
1983-07-16	-58.02965258738303
1983-07-17	-46.218765736371566
1983-07-18	4.840233584500666
1983-07-19	-39.66580411278136
1983-07-20	10.616702342567592
1983-07-21	-110.09880413124922
1983-07-22	-86.49406882399117
1983-07-23	-30.289610665549652
1983-07-24	-17.466751200666806
1983-07-25	-61.35742538150029
1983-07-26	-47.39816804005942
1983-07-27	-120.26707772420187
1983-07-28	-68.10429170648635
1983-07-29	-64.27140669789445
1983-07-30	-75.13495446282104
1983-07-31	-83.28766884078236
1983-08-01	-94.44314789876847
1983-08-02	-93.63820355464975
1983-08-03	-89.35350023756007
1983-08-04	-100.73669054696265
1983-08-05	-100.18249342292691
1983-08-06	-112.51411245546016
1983-08-07	-96.12352917992484
1983-08-08	-139.3576416292541
1983-08-09	-118.16795093865424
1983-08-10	-134.66319033041168
1983-08-11	-122.93337623630417
1983-08-12	-111.85369156071542
1983-08-13	-156.07951027689703
1983-08-14	-107.34847620050556
1983-08-15	-107.13462924217724
1983-08-16	-90.90884168292331
1983-08-17	-133.29962734446403
1983-08-18	-148.6921178563788
1983-08-19	-138.44905722284398
1983-08-20	-139.63287635727139
1983-08-21	-133.2285230449591
1983-08-22	-140.03241907121884
1983-08-23	-136.13700743919065
1983-08-24	-151.1966752904821
1983-08-25	-137.24468855608217
1983-08-26	-163.20737671702923
1983-08-27	-137.2163052987715
1983-08-28	-168.37228340030734
1983-08-29	-158.3031662243913
1983-08-30	-195.0864941146499
1983-08-31	-167.79351966562314
1983-09-01	-157.07961968796099
1983-09-02	-124.49767527889081
1983-09-03	-145.23194915129815
1983-09-04	-159.58745201200412
1983-09-05	-184.5247725229259
1983-09-06	-167.07256999260858
1983-09-07	-153.34593276983117
1983-09-08	-155.58088032435444
1983-09-09	-164.74761276599259
1983-09-10	-175.78842368128517
1983-09-11	-157.2687442360077
1983-09-12	-203.66460589617265
1983-09-13	-170.6605819828303
1983-09-14	-208.9503215118353
1983-09-15	-171.42389410275354
1983-09-16	-209.49027427793078
1983-09-17	-183.82799388645086
1983-09-18	-163.3508612625015
1983-09-19	-161.43668434394345
1983-09-20	-191.66460700125967
1983-09-21	-162.63240560679705
1983-09-22	-172.51356128048045
1983-09-23	-135.2187829767705
1983-09-24	-180.89971902801847
1983-09-25	-184.44435974746034
1983-09-26	-194.56340789557768
1983-09-27	-198.0776164398072
1983-09-28	-226.1008152775593
1983-09-29	-179.19144112463638
1983-09-30	-193.50599919046326
1983-10-01	-197.4478470211362
1983-10-02	-187.60433517518584
1983-10-03	-178.29705913147663
1983-10-04	-207.80200718551652
1983-10-05	-174.5100577151906
1983-10-06	-230.58570775204146
1983-10-07	-202.53031105890824
1983-10-08	-192.09198244413275
1983-10-09	-174.64613098963778
1983-10-10	-202.50374016476334
1983-10-11	-206.9279006313386
1983-10-12	-198.41207876890113
1983-10-13	-243.95951090903506
1983-10-14	-250.9483991816252
1983-10-15	-210.83453864437354
1983-10-16	-226.09982747551038
1983-10-17	-186.15204615457546
1983-10-18	-206.34909224406383
1983-10-19	-241.82131522814026
1983-10-20	-209.87158317848838
1983-10-21	-170.35172487115798
1983-10-22	-225.58646368877584
1983-10-23	-178.78428453019288
1983-10-24	-157.57459554926237
1983-10-25	-244.51653912963943
1983-10-26	-215.7131981132343
1983-10-27	-227.57473757977644
1983-10-28	-194.43994191396678
1983-10-29	-241.10550377035744
1983-10-30	-218.01245094066465
1983-10-31	-228.93354464915942
1983-11-01	-224.75611302412742
1983-11-02	-212.57301472705961
1983-11-03	-234.34948522953155
1983-11-04	-196.48772453208474
1983-11-05	-224.99917246227818
1983-11-06	-212.4609468789598
1983-11-07	-247.7063717022042
1983-11-08	-232.25006289745772
1983-11-09	-262.9427770933563
1983-11-10	-224.68913346810677
1983-11-11	-241.8256887904435
1983-11-12	-189.24355620632488
1983-11-13	-237.65341807917932
1983-11-14	-190.05773947266928
1983-11-15	-207.87498570348504
1983-11-16	-266.60369684704864
1983-11-17	-228.9633815634303
1983-11-18	-222.13033178898993
1983-11-19	-215.76552973147594
1983-11-20	-264.20480717643187
1983-11-21	-201.86252166208152
1983-11-22	-223.1841128374583
1983-11-23	-255.386860201287
1983-11-24	-227.63147018250822
1983-11-25	-250.1371298260161
1983-11-26	-205.5420972743221
1983-11-27	-236.6750908295671
1983-11-28	-225.83497542224396
1983-11-29	-242.8047023234683
1983-11-30	-226.47134574011844
1983-12-01	-146.91183620638247
1983-12-02	-230.9331770589484
1983-12-03	-255.6533550322323
1983-12-04	-252.60751228960314
1983-12-05	-192.62467803483804
1983-12-06	-238.16327171033632
1983-12-07	-230.45062752068475
1983-12-08	-273.65261113864926
1983-12-09	-210.31188954217592
1983-12-10	-247.7067498256565
1983-12-11	-258.89574015247445
1983-12-12	-202.4128685820283
1983-12-13	-234.98624753682736
1983-12-14	-232.79406811465125
1983-12-15	-269.567059336798
1983-12-16	-229.8725609032644
1983-12-17	-202.95898599690892
1983-12-18	-257.08210255131837
1983-12-19	-212.69450833930463
1983-12-20	-242.07017315986144
1983-12-21	-243.28029622148924
1983-12-22	-244.7021465386878
1983-12-23	-233.7674580203886
1983-12-24	-199.2428757414532
1983-12-25	-241.19046015201673
1983-12-26	-221.95563493008504
1983-12-27	-218.82195197498308
1983-12-28	-241.65530969189405
1983-12-29	-202.00332766948958
1983-12-30	-294.0535363803831
1983-12-31	-220.11997088368705
1984-01-01	-241.1624351270286
1984-01-02	-246.3926929644984
1984-01-03	-221.82353098506505
1984-01-04	-286.23716135555054
1984-01-05	-249.2821429821367
1984-01-06	-263.3078953205568
1984-01-07	-279.03687415239756
1984-01-08	-239.3107926715125
1984-01-09	-286.55507892936043
1984-01-10	-222.2783046826871
1984-01-11	-269.7466571561823
1984-01-12	-226.01203796744576
1984-01-13	-219.64170597043767
1984-01-14	-287.4149607602346
1984-01-15	-255.29831247150125
1984-01-16	-220.910913821357
1984-01-17	-220.7820678014466
1984-01-18	-232.15003729502945
1984-01-19	-169.61441077390884
1984-01-20	-266.91319826613403
1984-01-21	-215.61275780435474
1984-01-22	-250.789526608385
1984-01-23	-244.1224442099
1984-01-24	-231.9270387058372
1984-01-25	-228.46752083721904
1984-01-26	-232.8747021052931
1984-01-27	-239.3980398337253
1984-01-28	-225.1618591290693
1984-01-29	-259.88082022280014
1984-01-30	-262.86458915498
1984-01-31	-267.79964624039457
1984-02-01	-263.94207849599593
1984-02-02	-231.02768694837476
1984-02-03	-242.87056706633896
1984-02-04	-233.6241898495474
1984-02-05	-227.41044751977785
1984-02-06	-268.88690257781
1984-02-07	-235.00673965555774
1984-02-08	-227.8548240562951
1984-02-09	-236.8261630577428
1984-02-10	-249.9267820904371
1984-02-11	-269.1399271555667
1984-02-12	-242.34078873162093
1984-02-13	-269.73993120801384
1984-02-14	-225.68494733470772
1984-02-15	-229.96264428030221
1984-02-16	-271.9783607341576
1984-02-17	-200.906023647074
1984-02-18	-219.88358958330352
1984-02-19	-190.56649989930276
1984-02-20	-267.70834100113274
1984-02-21	-250.68910470193305
1984-02-22	-279.1428408429289
1984-02-23	-265.73432389265474
1984-02-24	-257.34611068209637
1984-02-25	-258.4857115448592
1984-02-26	-240.0638164345144
1984-02-27	-289.10408510122363
1984-02-28	-245.02613128241254
1984-02-29	-244.99978130505536
1984-03-01	-270.16532669790246
1984-03-02	-216.103066586067
1984-03-03	-268.81739325106355
1984-03-04	-273.5911528080502
1984-03-05	-238.31708466541951
1984-03-06	-270.15485300967526
1984-03-07	-260.12963487368245
1984-03-08	-240.02773565516918
1984-03-09	-231.13654564011074
1984-03-10	-259.19418384246654
1984-03-11	-279.020838178515
1984-03-12	-225.5864751439571
1984-03-13	-234.6968394470133
1984-03-14	-210.99146446271862
1984-03-15	-235.6901682629248
1984-03-16	-232.92711886240988
1984-03-17	-231.29082592963394
1984-03-18	-195.86930777323323
1984-03-19	-256.06656699336946
1984-03-20	-239.00681087989204
1984-03-21	-245.2676871459328
1984-03-22	-258.3619155084576
1984-03-23	-257.2816191320604
1984-03-24	-283.4929635638466
1984-03-25	-254.22024558027624
1984-03-26	-244.1809308546184
1984-03-27	-232.95279877610344
1984-03-28	-234.15359883035867
1984-03-29	-237.1616684412426
1984-03-30	-237.28171781329456
1984-03-31	-259.8708623289624
1984-04-01	-230.25084444172796
1984-04-02	-261.7596052972799
1984-04-03	-242.05635801262423
1984-04-04	-232.3536170206521
1984-04-05	-240.85437543717686
1984-04-06	-226.804566493464
1984-04-07	-251.08700234423563
1984-04-08	-246.10324167942335
1984-04-09	-251.042887521282
1984-04-10	-243.8425223125528
1984-04-11	-296.4154886791307
1984-04-12	-246.45015865129682
1984-04-13	-211.14940073509902
1984-04-14	-235.9183095744969
1984-04-15	-263.83389465209
1984-04-16	-234.06559017186376
1984-04-17	-231.89688570946325
1984-04-18	-253.89817960884596
1984-04-19	-248.73305463633224
1984-04-20	-276.65313969608616
1984-04-21	-271.54304624153986
1984-04-22	-227.41702711620013
1984-04-23	-219.70913085504566
1984-04-24	-248.57023380322153
1984-04-25	-264.37338800361465
1984-04-26	-259.56647832743687
1984-04-27	-243.94940085649387
1984-04-28	-287.49212726546546
1984-04-29	-298.9733261011916
1984-04-30	-270.4316783864408
1984-05-01	-271.1169708562778
1984-05-02	-235.97032411619855
1984-05-03	-250.80227185598994
1984-05-04	-273.1570916417359
1984-05-05	-232.65272534193332
1984-05-06	-214.6824742922931
1984-05-07	-286.02840892601756
1984-05-08	-222.17597549067477
1984-05-09	-221.89162926849167
1984-05-10	-245.09220139425497
1984-05-11	-279.19841348028433
1984-05-12	-234.04478299169486
1984-05-13	-249.28315142709184
1984-05-14	-240.67296645512113
1984-05-15	-258.1804661461362
1984-05-16	-269.07222209908645
1984-05-17	-262.09637074677664
1984-05-18	-255.25366939544017
1984-05-19	-243.47915113330444
1984-05-20	-259.4776757391731
1984-05-21	-222.74541387562365
1984-05-22	-242.81123358039022
1984-05-23	-229.23451010034344
1984-05-24	-223.03810562784236
1984-05-25	-201.6657952010313
1984-05-26	-191.36117133251804
1984-05-27	-223.9302019422379
1984-05-28	-266.9433833681935
1984-05-29	-234.48168309527335
1984-05-30	-238.33574302362166
1984-05-31	-276.08899103847796
1984-06-01	-268.6883191798108
1984-06-02	-225.07822489126778
1984-06-03	-217.2510068355221
1984-06-04	-235.23251838719645
1984-06-05	-238.30635004090374
1984-06-06	-226.09282456027933
1984-06-07	-220.11874039228525
1984-06-08	-269.53500205096503
1984-06-09	-239.12240047827515
1984-06-10	-246.83587675112838
1984-06-11	-235.0537928157495
1984-06-12	-278.12546027017345
1984-06-13	-239.24086892178252
1984-06-14	-258.5517178584765
1984-06-15	-226.00966486047653
1984-06-16	-245.00799978150027
1984-06-17	-282.0000501750835
1984-06-18	-282.6776358010067
1984-06-19	-253.1983527935679
1984-06-20	-264.95871358742215
1984-06-21	-208.55008905865947
1984-06-22	-246.78657299611703
1984-06-23	-258.4468907649299
1984-06-24	-272.6778517817531
1984-06-25	-244.37227563390215
1984-06-26	-247.25394137516335
1984-06-27	-232.43614998503108
1984-06-28	-256.8097096541156
1984-06-29	-205.0345653518198
1984-06-30	-245.60465796785726
1984-07-01	-237.69809863462308
1984-07-02	-253.01575387338823
1984-07-03	-228.71421227245804
1984-07-04	-182.04844018660486
1984-07-05	-262.34334757678675
1984-07-06	-262.1702868218207
1984-07-07	-259.2855137859363
1984-07-08	-227.22112611024164
1984-07-09	-244.23673461189716
1984-07-10	-256.8353416184295
1984-07-11	-228.65545598400487
1984-07-12	-268.8893363960976
1984-07-13	-288.42664519657814
1984-07-14	-231.48300030198357
1984-07-15	-248.52291176142643
1984-07-16	-268.26916336547487
1984-07-17	-278.7264429202378
1984-07-18	-200.77465021449106
1984-07-19	-247.20215476619427
1984-07-20	-239.5653945009957
1984-07-21	-237.72842318535885
1984-07-22	-278.47088898214133
1984-07-23	-204.26105890834637
1984-07-24	-224.95442446225044
1984-07-25	-273.26760765069065
1984-07-26	-225.07074365897788
1984-07-27	-252.28637398712326
1984-07-28	-259.6123516442573
1984-07-29	-225.73533269711956
1984-07-30	-247.66114737869853
1984-07-31	-263.30995353355894
1984-08-01	-245.894598824195
1984-08-02	-264.3154030491718
1984-08-03	-221.7787016392729
1984-08-04	-245.90291655518124
1984-08-05	-256.20025371972116
1984-08-06	-205.48202527995932
1984-08-07	-238.72576508162382
1984-08-08	-256.49792987124795
1984-08-09	-254.89567427332707
1984-08-10	-263.5265598495725
1984-08-11	-214.8387084433666
1984-08-12	-226.07242743453088
1984-08-13	-270.9390336988095
1984-08-14	-229.65786942517326
1984-08-15	-282.6323545724449
1984-08-16	-234.99948731096993
1984-08-17	-251.7181822564872
1984-08-18	-222.3598715695717
1984-08-19	-225.12587784351217
1984-08-20	-220.377866113796
1984-08-21	-226.7508472349556
1984-08-22	-203.10628293513224
1984-08-23	-264.6738319355755
1984-08-24	-263.8983460276332
1984-08-25	-221.28809483115637
1984-08-26	-261.22238681569706
1984-08-27	-231.02995589666574
1984-08-28	-274.9134525209738
1984-08-29	-231.24451821762875
1984-08-30	-218.93222081360886
1984-08-31	-272.5377060853611
1984-09-01	-238.29299425806016
1984-09-02	-209.23506868145597
1984-09-03	-231.96545846036463
1984-09-04	-250.61120577653466
1984-09-05	-238.98187776657664
1984-09-06	-285.73274239124055
1984-09-07	-230.02794307305638
1984-09-08	-248.40538354125025
1984-09-09	-261.92324955705044
1984-09-10	-251.82375586363221
1984-09-11	-260.9928241493794
1984-09-12	-230.839278331171
1984-09-13	-270.34250470616615
1984-09-14	-194.2693025102493
1984-09-15	-227.05338420314644
1984-09-16	-231.6757797334839
1984-09-17	-240.8079604402493
1984-09-18	-231.0648158814703
1984-09-19	-218.3248616407896
1984-09-20	-211.7554701522315
1984-09-21	-209.9923613994489
1984-09-22	-239.0225719412728
1984-09-23	-244.20074153080176
1984-09-24	-223.8728450701238
1984-09-25	-241.98645866857723
1984-09-26	-280.42351175926495
1984-09-27	-315.9728289408794
1984-09-28	-245.2761085889409
1984-09-29	-246.35017836637388
1984-09-30	-271.4988318793995
1984-10-01	-220.5973108165033
1984-10-02	-248.32510359878341
1984-10-03	-248.35870312571365
1984-10-04	-272.05654199958184
1984-10-05	-252.77784466089403
1984-10-06	-250.95029820513028
1984-10-07	-251.12558270454718
1984-10-08	-246.07131011916402
1984-10-09	-246.26219367998723
1984-10-10	-264.6435801728256
1984-10-11	-197.35282399154585
1984-10-12	-217.84524247468104
1984-10-13	-235.19817805983755
1984-10-14	-251.65599317076777
1984-10-15	-287.386211198577
1984-10-16	-238.45161057717428
1984-10-17	-231.13249978561475
1984-10-18	-207.89606570869196
1984-10-19	-242.99088834013435
1984-10-20	-224.64051029580804
1984-10-21	-256.2603895179324
1984-10-22	-249.52120934144568
1984-10-23	-233.15806613857492
1984-10-24	-229.89992597163078
1984-10-25	-243.9392024869424
1984-10-26	-230.0288602953756
1984-10-27	-251.16032222535424
1984-10-28	-223.8093395501227
1984-10-29	-270.7710820098966
1984-10-30	-240.4939620171282
1984-10-31	-220.37643569355518
1984-11-01	-246.64451696669963
1984-11-02	-245.200732558972
1984-11-03	-215.2383056542673
1984-11-04	-248.01447325948834
1984-11-05	-226.6193322397962
1984-11-06	-194.39717143550195
1984-11-07	-253.5199682925717
1984-11-08	-185.50815816472172
1984-11-09	-266.9517291454588
1984-11-10	-219.51836273630636
1984-11-11	-227.87061117875308
1984-11-12	-221.68698831128995
1984-11-13	-258.6139001829502
1984-11-14	-287.9052309330966
1984-11-15	-242.135644480405
1984-11-16	-287.13868888536916
1984-11-17	-254.04823285080505
1984-11-18	-270.27034288719744
1984-11-19	-244.6068199370177
1984-11-20	-265.6005622341404
1984-11-21	-239.06300042814487
1984-11-22	-216.38329776000322
1984-11-23	-243.15454292956488
1984-11-24	-253.31122216800458
1984-11-25	-231.65769061188655
1984-11-26	-273.02891859168824
1984-11-27	-213.35209699232814
1984-11-28	-269.7188934868513
1984-11-29	-233.9711666931703
1984-11-30	-250.2920579420899
1984-12-01	-263.11639049230394
1984-12-02	-202.85069058277796
1984-12-03	-246.96277463589658
1984-12-04	-258.4120061959067
1984-12-05	-268.66929886119993
1984-12-06	-270.3784271031427
1984-12-07	-244.67576875644528
1984-12-08	-231.49396531817544
1984-12-09	-235.78473621078402
1984-12-10	-246.84786184908032
1984-12-11	-263.6013437339392
1984-12-12	-254.6048844996648
1984-12-13	-255.85969503984165
1984-12-14	-242.68207676985773
1984-12-15	-251.31696071854432
1984-12-16	-245.9679948910315
1984-12-17	-299.67889069896546
1984-12-18	-242.35458175556585
1984-12-19	-244.65271327479712
1984-12-20	-240.24101663091506
1984-12-21	-247.05567797630965
1984-12-22	-193.32116240331035
1984-12-23	-216.88196290428604
1984-12-24	-200.81453088598607
1984-12-25	-214.64564608137556
1984-12-26	-274.419444013226
1984-12-27	-264.81221433116394
1984-12-28	-186.56836839258526
1984-12-29	-229.984551474588
1984-12-30	-246.0796302296419
1984-12-31	-267.1474341805619
1985-01-01	-244.9652376421971
1985-01-02	-209.83018481893538
1985-01-03	-268.77000572622796
1985-01-04	-267.68264052069276
1985-01-05	-247.046773258783
1985-01-06	-214.3513036527192
1985-01-07	-249.6376249024381
1985-01-08	-223.91042215407657
1985-01-09	-262.846643729567
1985-01-10	-278.7879388924351
1985-01-11	-277.8352215677499
1985-01-12	-248.4652339509745
1985-01-13	-259.47583434076085
1985-01-14	-262.5805484733403
1985-01-15	-251.00530529522624
1985-01-16	-236.67131040497037
1985-01-17	-208.53272993823109
1985-01-18	-224.44024690061266
1985-01-19	-230.43883855228677
1985-01-20	-220.79700351382698
1985-01-21	-266.3978063449096
1985-01-22	-263.6538202195548
1985-01-23	-216.06407110817494
1985-01-24	-220.26648863051733
1985-01-25	-270.43065357972705
1985-01-26	-262.27620976828075
1985-01-27	-232.76986828894243
1985-01-28	-227.6526042889704
1985-01-29	-212.06922055300615
1985-01-30	-256.8703167691588
1985-01-31	-261.37869191616363
1985-02-01	-248.93508867743907
1985-02-02	-219.59893603483093
1985-02-03	-255.86254226292775
1985-02-04	-216.77831882828315
1985-02-05	-264.4650957360555
1985-02-06	-259.11515013151467
1985-02-07	-232.29689373776014
1985-02-08	-233.93067192819763
1985-02-09	-256.97195830322255
1985-02-10	-287.17222596129227
1985-02-11	-269.7929410658919
1985-02-12	-247.7560088104224
1985-02-13	-234.78773504552333
1985-02-14	-273.3817852905461
1985-02-15	-249.5211091263687
1985-02-16	-225.70449253035036
1985-02-17	-253.59639973655393
1985-02-18	-233.81166626941769
1985-02-19	-243.70688581200653
1985-02-20	-272.23673103675395
1985-02-21	-235.11798252376096
1985-02-22	-245.36093997727173
1985-02-23	-248.95910859504252
1985-02-24	-258.3559373572428
1985-02-25	-220.47835327595297
1985-02-26	-247.300895970576
1985-02-27	-277.01932887689014
1985-02-28	-208.5317253462139
1985-03-01	-266.61631682473273
1985-03-02	-264.8694277471725
1985-03-03	-228.82225338841806
1985-03-04	-217.6690080794067
1985-03-05	-263.3642262442626
1985-03-06	-243.88780322664638
1985-03-07	-277.0625114369761
1985-03-08	-241.25081959473445
1985-03-09	-223.8175766833978
1985-03-10	-233.41465836654885
1985-03-11	-258.8769699371691
1985-03-12	-212.57020179151516
1985-03-13	-234.3085100429014
1985-03-14	-237.74060800331694
1985-03-15	-249.92949153256882
1985-03-16	-255.6401005037796
1985-03-17	-232.5145452503193
1985-03-18	-226.87973201739564
1985-03-19	-243.949511111609
1985-03-20	-241.5231744982575
1985-03-21	-292.1233212883108
1985-03-22	-208.86019722239263
1985-03-23	-256.1886659665661
1985-03-24	-216.12819029188378
1985-03-25	-247.7965454278607
1985-03-26	-252.03449671901575
1985-03-27	-249.62185180433326
1985-03-28	-256.99882808478293
1985-03-29	-265.7856606792835
1985-03-30	-291.1367975944268
1985-03-31	-250.1412050725566
1985-04-01	-249.2715944772799
1985-04-02	-286.1431382937037
1985-04-03	-257.4256840559926
1985-04-04	-216.30217328498037
1985-04-05	-222.5514409123209
1985-04-06	-248.049967592583
1985-04-07	-232.5175289655421
1985-04-08	-253.31986475084085
1985-04-09	-240.6639701341678
1985-04-10	-248.747397182613
1985-04-11	-266.71937745946974
1985-04-12	-268.42240713800226
1985-04-13	-251.9673239357172
1985-04-14	-208.53565454755557
1985-04-15	-255.04733687339882
1985-04-16	-281.95775970155586
1985-04-17	-241.80354134341871
1985-04-18	-219.18361643927463
1985-04-19	-293.5657211004667
1985-04-20	-216.7523854650453
1985-04-21	-229.25044388080235
1985-04-22	-238.33181730982267
1985-04-23	-255.12359772218488
1985-04-24	-227.69888542428612
1985-04-25	-241.5726710560989
1985-04-26	-238.33682205214376
1985-04-27	-284.16867334391753
1985-04-28	-215.3903035314837
1985-04-29	-266.4165116544953
1985-04-30	-195.29054431877168
1985-05-01	-250.5676518878322
1985-05-02	-247.92800987293205
1985-05-03	-246.3883323957773
1985-05-04	-249.35949600965597
1985-05-05	-233.10116098418618
1985-05-06	-264.928242826398
1985-05-07	-247.03414493994546
1985-05-08	-272.28843425184186
1985-05-09	-205.7462926463689
1985-05-10	-258.49887902662726
1985-05-11	-244.51310882806516
1985-05-12	-261.19067079552866
1985-05-13	-259.027370027921
1985-05-14	-269.596710022431
1985-05-15	-282.7973842877142
1985-05-16	-247.5988010501982
1985-05-17	-217.6092847656833
1985-05-18	-258.14119914644857
1985-05-19	-274.64940893956265
1985-05-20	-220.16694325725777
1985-05-21	-255.55445188407546
1985-05-22	-305.6585226700113
1985-05-23	-244.59297181492934
1985-05-24	-281.77201010191743
1985-05-25	-249.81140239173516
1985-05-26	-240.75232318151768
1985-05-27	-269.2339992827679
1985-05-28	-241.92941385626239
1985-05-29	-275.79289797658845
1985-05-30	-286.08498071505994
1985-05-31	-219.15129829110816
1985-06-01	-196.01768029132626
1985-06-02	-259.68662074151746
1985-06-03	-219.37794130920105
1985-06-04	-225.58230909778203
1985-06-05	-237.36308982361004
1985-06-06	-234.1159288071207
1985-06-07	-246.51475925059148
1985-06-08	-247.51826458549093
1985-06-09	-254.44799183572064
1985-06-10	-260.9510587537966
1985-06-11	-209.90087391502945
1985-06-12	-270.82024138144175
1985-06-13	-262.7895558997335
1985-06-14	-251.65120056971364
1985-06-15	-256.0807953587748
1985-06-16	-239.75895752783194
1985-06-17	-183.53965985386012
1985-06-18	-204.2935805513559
1985-06-19	-282.247787104864
1985-06-20	-255.99886672737208
1985-06-21	-251.2296785564307
1985-06-22	-264.25105226596986
1985-06-23	-246.89562834756322
1985-06-24	-252.7045032571288
1985-06-25	-193.1273354858792
1985-06-26	-282.7103668154091
1985-06-27	-265.37129756144606
1985-06-28	-271.6393056440494
1985-06-29	-223.1930912755581
1985-06-30	-246.85655579005746
1985-07-01	-263.0354497196373
1985-07-02	-259.9861714298345
1985-07-03	-237.84726642182272
1985-07-04	-249.88151269556266
1985-07-05	-271.7966039629205
1985-07-06	-232.5545690335304
1985-07-07	-208.3839497805753
1985-07-08	-229.5455632026003
1985-07-09	-298.78269601625647
1985-07-10	-279.0962477153887
1985-07-11	-255.38899180139785
1985-07-12	-252.50910186561754
1985-07-13	-266.7447385863373
1985-07-14	-283.03743021581477
1985-07-15	-291.30295295588814
1985-07-16	-243.90887928159935
1985-07-17	-256.7204062755456
1985-07-18	-262.9819020827553
1985-07-19	-280.33874887549314
1985-07-20	-246.75888612035763
1985-07-21	-239.9275251114973
1985-07-22	-270.9221374713612
1985-07-23	-246.60653475236603
1985-07-24	-238.40623086270674
1985-07-25	-238.97163192159414
1985-07-26	-238.33081518004724
1985-07-27	-284.3858435441595
1985-07-28	-247.1060417247871
1985-07-29	-298.4070323999223
1985-07-30	-219.91767726563177
1985-07-31	-253.10451049124848
1985-08-01	-242.81948816670632
1985-08-02	-212.23571750568217
1985-08-03	-273.2095848742768
1985-08-04	-246.24500294540036
1985-08-05	-224.90341151899236
1985-08-06	-214.90587125182495
1985-08-07	-282.65440954993267
1985-08-08	-256.36216695162886
1985-08-09	-241.61520176136057
1985-08-10	-256.52979489303704
1985-08-11	-257.2319139642718
1985-08-12	-239.2113675815507
1985-08-13	-259.89078973784615
1985-08-14	-246.39389140213507
1985-08-15	-206.3012343206551
1985-08-16	-233.30122079836516
1985-08-17	-245.09917175313208
1985-08-18	-239.2776087016067
1985-08-19	-235.73350436443602
1985-08-20	-274.1740604377763
1985-08-21	-252.04110686644685
1985-08-22	-211.60234287412894
1985-08-23	-249.01944512218168
1985-08-24	-260.2106579466554
1985-08-25	-220.48197243019095
1985-08-26	-241.77682898775305
1985-08-27	-216.8243779475307
1985-08-28	-269.54193621020596
1985-08-29	-231.99483374054807
1985-08-30	-260.0002315790845
1985-08-31	-229.92151819402775
1985-09-01	-264.51096111950477
1985-09-02	-197.4199819138548
1985-09-03	-260.45383380549333
1985-09-04	-264.6506482167339
1985-09-05	-242.2608826549934
1985-09-06	-202.97916223333826
1985-09-07	-243.265295732044
1985-09-08	-231.34182972669552
1985-09-09	-250.6045137262077
1985-09-10	-277.7121258638653
1985-09-11	-246.3008085291743
1985-09-12	-220.5743130417156
1985-09-13	-262.9192928822647
1985-09-14	-283.18188629276756
1985-09-15	-256.22404803860957
1985-09-16	-236.81026587335197
1985-09-17	-228.7573136451284
1985-09-18	-251.14376539722608
1985-09-19	-221.84046096580008
1985-09-20	-226.5002716335571
1985-09-21	-247.08317838024612
1985-09-22	-249.77763588296148
1985-09-23	-285.0746707703136
1985-09-24	-249.55370909287097
1985-09-25	-267.2875207804045
1985-09-26	-294.1823739956104
1985-09-27	-250.1539956159607
1985-09-28	-243.48617395761312
1985-09-29	-239.21715758990123
1985-09-30	-248.91347649226435
1985-10-01	-254.77541639948615
1985-10-02	-276.906323164427
1985-10-03	-280.32460892360797
1985-10-04	-260.59585542789273
1985-10-05	-256.88903103090917
1985-10-06	-249.227579828908
1985-10-07	-233.79479199799295
1985-10-08	-246.18223583118737
1985-10-09	-255.97044809968668
1985-10-10	-268.36608653190854
1985-10-11	-273.2146574611756
1985-10-12	-264.21901699266505
1985-10-13	-206.10729341342187
1985-10-14	-274.05046350250853
1985-10-15	-253.22670882355638
1985-10-16	-271.0241808507514
1985-10-17	-227.4944257291188
1985-10-18	-282.5657102603553
1985-10-19	-278.09867172042846
1985-10-20	-252.95295304494405
1985-10-21	-287.9095021586307
1985-10-22	-282.117715566069
1985-10-23	-249.33242318568423
1985-10-24	-214.6240265900503
1985-10-25	-229.16170317644145
1985-10-26	-251.9284250441309
1985-10-27	-303.03150904071896
1985-10-28	-221.64529954753036
1985-10-29	-239.60735453392948
1985-10-30	-269.64805460367756
1985-10-31	-279.0743380928585
1985-11-01	-255.0698356858659
1985-11-02	-253.55419996589265
1985-11-03	-281.0683533302332
1985-11-04	-282.4549710175988
1985-11-05	-233.44685390900474
1985-11-06	-223.70405602391182
1985-11-07	-291.7993148928388
1985-11-08	-275.68613147238864
1985-11-09	-249.9549734396568
1985-11-10	-249.9399943989275
1985-11-11	-268.1590632056552
1985-11-12	-236.63610406771534
1985-11-13	-237.5001622111031
1985-11-14	-238.31263612689037
1985-11-15	-248.63174506582854
1985-11-16	-248.56396063956447
1985-11-17	-217.7340798395679
1985-11-18	-222.92863800664878
1985-11-19	-263.9529868565113
1985-11-20	-241.9918258419177
1985-11-21	-257.99528198399827
1985-11-22	-272.523571299432
1985-11-23	-246.7658553472165
1985-11-24	-225.2161102726713
1985-11-25	-241.8195253590364
1985-11-26	-225.82542963317914
1985-11-27	-310.31256658183014
1985-11-28	-247.67632172088332
1985-11-29	-272.99553340252277
1985-11-30	-232.57210121623734
1985-12-01	-217.09245662122686
1985-12-02	-213.41805457041113
1985-12-03	-246.39136199935157
1985-12-04	-268.04631791516096
1985-12-05	-277.1662505314636
1985-12-06	-251.86933974282792
1985-12-07	-237.683760133255
1985-12-08	-248.8483590291559
1985-12-09	-273.4782791023396
1985-12-10	-257.2420941475142
1985-12-11	-233.37616628104965
1985-12-12	-249.59457582152518
1985-12-13	-238.00918517109832
1985-12-14	-258.89699676114753
1985-12-15	-245.94141022086146
1985-12-16	-234.32589492432726
1985-12-17	-174.41638476246652
1985-12-18	-244.92350596833046
1985-12-19	-217.94555504110866
1985-12-20	-241.25427466786354
1985-12-21	-252.54845877111205
1985-12-22	-219.7526365038703
1985-12-23	-227.34292330854134
1985-12-24	-213.78481734508802
1985-12-25	-225.31207964190992
1985-12-26	-262.5198541379341
1985-12-27	-254.43392834028322
1985-12-28	-232.4001718687895
1985-12-29	-221.7805624865996
1985-12-30	-243.56721282705752
1985-12-31	-243.59845870839087
1986-01-01	-226.21719707035533
1986-01-02	-232.02659762328776
1986-01-03	-263.6275221711398
1986-01-04	-262.6957442739852
1986-01-05	-226.90922336087544
1986-01-06	-251.00595113561963
1986-01-07	-255.81284615230953
1986-01-08	-238.64817988739944
1986-01-09	-240.55560440440127
1986-01-10	-247.956718747925
1986-01-11	-291.7870035890887
1986-01-12	-239.74500392283923
1986-01-13	-219.5691315436924
1986-01-14	-233.35729112946842
1986-01-15	-256.32947312416155
1986-01-16	-254.09173707530763
1986-01-17	-219.74769880228197
1986-01-18	-245.20421218018618
1986-01-19	-250.00206897631526
1986-01-20	-258.6145994039257
1986-01-21	-225.32322796465655
1986-01-22	-223.05320772630037
1986-01-23	-237.1328586827778
1986-01-24	-251.7958002100916
1986-01-25	-230.524275311136
1986-01-26	-247.86011209953995
1986-01-27	-270.22025833135103
1986-01-28	-223.97722516095757
1986-01-29	-203.2670150397705
1986-01-30	-271.7883604682054
1986-01-31	-231.88721341380798
1986-02-01	-263.20977764948515
1986-02-02	-287.718234813145
1986-02-03	-240.31815706150218
1986-02-04	-245.18293951723606
1986-02-05	-219.80382863296967
1986-02-06	-271.57796500361655
1986-02-07	-266.02316888962474
1986-02-08	-273.5729430944939
1986-02-09	-222.40800481941557
1986-02-10	-248.51003435577607
1986-02-11	-268.2654685522748
1986-02-12	-283.06135670325
1986-02-13	-245.49368465966214
1986-02-14	-283.1900387996784
1986-02-15	-205.9971605813212
1986-02-16	-280.0591726982199
1986-02-17	-282.41682937245236
1986-02-18	-268.4036926001929
1986-02-19	-264.62364931303284
1986-02-20	-249.92459322671897
1986-02-21	-207.28777398723994
1986-02-22	-258.13557121926027
1986-02-23	-248.88445906367565
1986-02-24	-261.0167591650656
1986-02-25	-209.85306789535272
1986-02-26	-262.90245730645404
1986-02-27	-276.83452253750846
1986-02-28	-247.252630472889
1986-03-01	-233.1678734149621
1986-03-02	-225.573006255955
1986-03-03	-205.04203456125154
1986-03-04	-243.86230517551132
1986-03-05	-217.0302111331393
1986-03-06	-272.09602459625313
1986-03-07	-238.9979805029953
1986-03-08	-249.28409897873152
1986-03-09	-253.5998145287787
1986-03-10	-271.0897631125936
1986-03-11	-228.02699582810305
1986-03-12	-216.48277226466752
1986-03-13	-232.1254368276338
1986-03-14	-263.02657880100503
1986-03-15	-277.8581538090117
1986-03-16	-223.17896373529445
1986-03-17	-260.7699136327005
1986-03-18	-239.40093589395082
1986-03-19	-276.1942093450861
1986-03-20	-227.99029066955342
1986-03-21	-264.2948837756666
1986-03-22	-236.76801142760348
1986-03-23	-260.4273765682843
1986-03-24	-174.04008906108476
1986-03-25	-244.16383879416773
1986-03-26	-220.82435558935734
1986-03-27	-251.4637548168429
1986-03-28	-254.65247303683645
1986-03-29	-241.29129170763258
1986-03-30	-282.1507977229798
1986-03-31	-253.03629385116454
1986-04-01	-253.45364902753153
1986-04-02	-248.4008046955555
1986-04-03	-200.5943595323621
1986-04-04	-214.6222185322522
1986-04-05	-216.89747798054242
1986-04-06	-256.8072202050051
1986-04-07	-277.6224359197222
1986-04-08	-233.1959038352428
1986-04-09	-217.000098472659
1986-04-10	-213.50733932687172
1986-04-11	-225.72443725402178
1986-04-12	-233.33159757009784
1986-04-13	-290.0654786584771
1986-04-14	-262.07919540182934
1986-04-15	-267.1167266638917
1986-04-16	-223.44009716989186
1986-04-17	-261.22340972204773
1986-04-18	-220.1284409939619
1986-04-19	-240.4830757019811
1986-04-20	-268.1387398450746
1986-04-21	-256.68503543745913
1986-04-22	-232.54498951943694
1986-04-23	-223.76461783368524
1986-04-24	-238.18865197534018
1986-04-25	-222.29839261433966
1986-04-26	-271.0655180789119
1986-04-27	-253.15433587946862
1986-04-28	-240.8463968908256
1986-04-29	-268.81429466205066
1986-04-30	-218.31939080301981
1986-05-01	-221.11004814745783
1986-05-02	-254.64049960111697
1986-05-03	-261.49633507767516
1986-05-04	-231.95826469799863
1986-05-05	-261.82933850906744
1986-05-06	-268.5738007794348
1986-05-07	-280.8726075502028
1986-05-08	-241.74858188359786
1986-05-09	-263.30681329440387
1986-05-10	-278.2124013103828
1986-05-11	-246.9606900415551
1986-05-12	-245.51645605811154
1986-05-13	-262.21246824852545
1986-05-14	-221.58709767668958
1986-05-15	-249.1529571375596
1986-05-16	-201.78197900808883
1986-05-17	-265.109460290165
1986-05-18	-225.7522493307555
1986-05-19	-233.47124513966412
1986-05-20	-276.4405933176919
1986-05-21	-268.98229086994183
1986-05-22	-220.79354543123455
1986-05-23	-220.4457222421551
1986-05-24	-234.9489311512412
1986-05-25	-262.6149523510431
1986-05-26	-241.64706105848583
1986-05-27	-282.9721820682034
1986-05-28	-209.7460263195532
1986-05-29	-286.2053608631329
1986-05-30	-240.88080341529567
1986-05-31	-251.2586321420782
1986-06-01	-270.90308570908246
1986-06-02	-212.47893426823964
1986-06-03	-251.2790166057154
1986-06-04	-242.55859002927343
1986-06-05	-254.78059988526812
1986-06-06	-257.1527387819507
1986-06-07	-248.73688853628425
1986-06-08	-227.44387246022023
1986-06-09	-240.78438784986716
1986-06-10	-263.5929322469145
1986-06-11	-253.31355701868023
1986-06-12	-249.56869671521542
1986-06-13	-248.47340034275064
1986-06-14	-237.30771311886656
1986-06-15	-287.1952146126493
1986-06-16	-248.72584224253518
1986-06-17	-225.70899366592403
1986-06-18	-240.49998831395126
1986-06-19	-269.70058659257955
1986-06-20	-225.83546788635397
1986-06-21	-273.7686930318785
1986-06-22	-251.90362786079044
1986-06-23	-253.7594185753111
1986-06-24	-265.34296258300856
1986-06-25	-266.5280488056613
1986-06-26	-279.07254113670604
1986-06-27	-226.49337739276788
1986-06-28	-246.01607134988922
1986-06-29	-287.8157428075267
1986-06-30	-254.67144112781153
1986-07-01	-221.25675084678622
1986-07-02	-255.26158358597348
1986-07-03	-212.34977013860737
1986-07-04	-263.20417034782946
1986-07-05	-227.22067832120382
1986-07-06	-266.66456498634545
1986-07-07	-247.34626324713597
1986-07-08	-218.68738598009094
1986-07-09	-268.87388131302396
1986-07-10	-233.43760089190647
1986-07-11	-220.68514559900015
1986-07-12	-239.1983158644454
1986-07-13	-264.6549248836224
1986-07-14	-261.5085746798473
1986-07-15	-218.58963638847155
1986-07-16	-250.65014053288732
1986-07-17	-231.44467239811155
1986-07-18	-229.9539892901386
1986-07-19	-265.1600797261601
1986-07-20	-265.50084140737863
1986-07-21	-225.43156182229276
1986-07-22	-259.44067637557254
1986-07-23	-237.74796965407324
1986-07-24	-222.1224773010605
1986-07-25	-246.96368377447473
1986-07-26	-235.062635834741
1986-07-27	-289.9385082974584
1986-07-28	-277.7282928203591
1986-07-29	-268.0707562431602
1986-07-30	-203.38336711098694
1986-07-31	-249.98041349571568
1986-08-01	-257.13564382165225
1986-08-02	-225.07817732797383
1986-08-03	-251.05667106264318
1986-08-04	-231.68830318098367
1986-08-05	-247.98931280329649
1986-08-06	-262.4386438961273
1986-08-07	-277.51122292872117
1986-08-08	-264.8892589889358
1986-08-09	-268.42698457106496
1986-08-10	-252.18324700866725
1986-08-11	-232.72117400443958
1986-08-12	-221.02394563691385
1986-08-13	-243.37104053622838
1986-08-14	-279.2399026832078
1986-08-15	-262.9364598943693
1986-08-16	-233.36475274915648
1986-08-17	-267.11619700180785
1986-08-18	-237.68659592402815
1986-08-19	-244.6170050267032
1986-08-20	-213.35231926582512
1986-08-21	-262.4893883684474
1986-08-22	-247.23604447282395
1986-08-23	-266.009668392786
1986-08-24	-224.36671867407236
1986-08-25	-227.39199611615547
1986-08-26	-233.886151656226
1986-08-27	-294.1710640586998
1986-08-28	-263.3887017374333
1986-08-29	-235.01518986892526
1986-08-30	-220.77558644017014
1986-08-31	-261.9796069722142
1986-09-01	-261.71903228331144
1986-09-02	-274.8541742695152
1986-09-03	-213.015892566815
1986-09-04	-206.4527635829209
1986-09-05	-222.65966153363235
1986-09-06	-235.63364588489335
1986-09-07	-231.49278018764758
1986-09-08	-236.4066738639125
1986-09-09	-226.3415949095451
1986-09-10	-231.72151422531013
1986-09-11	-181.3235321477831
1986-09-12	-251.14711193896193
1986-09-13	-239.03736642996685
1986-09-14	-234.1547886574037
1986-09-15	-223.87389849705755
1986-09-16	-220.23336938594326
1986-09-17	-231.78592704571176
1986-09-18	-254.5200661625054
1986-09-19	-264.4294633756878
1986-09-20	-273.2444880973003
1986-09-21	-254.72771997756655
1986-09-22	-255.97294818315885
1986-09-23	-229.63798151823923
1986-09-24	-243.6310352021022
1986-09-25	-297.35601012725897
1986-09-26	-231.13547428184518
1986-09-27	-262.3344076686787
1986-09-28	-233.510972927683
1986-09-29	-269.94915489079614
1986-09-30	-207.75333295693102
1986-10-01	-257.47019857438414
1986-10-02	-250.56285063840224
1986-10-03	-245.90253985713557
1986-10-04	-247.81857885120604
1986-10-05	-257.07206072770487
1986-10-06	-249.01376099496386
1986-10-07	-296.6411298291293
1986-10-08	-259.12111555064723
1986-10-09	-250.1545779090307
1986-10-10	-229.88531636335102
1986-10-11	-250.364680298507
1986-10-12	-249.3390256769781
1986-10-13	-244.19598453604917
1986-10-14	-240.04734923467723
1986-10-15	-250.8767818508954
1986-10-16	-277.93339859241746
1986-10-17	-279.2254406942713
1986-10-18	-244.6879314262299
1986-10-19	-258.9451863112604
1986-10-20	-267.73599438232026
1986-10-21	-276.0853663562027
1986-10-22	-261.87724304504286
1986-10-23	-247.59571116575745
1986-10-24	-242.4520989684355
1986-10-25	-236.3016745245405
1986-10-26	-223.30689960082228
1986-10-27	-259.6401763783956
1986-10-28	-243.3060623509071
1986-10-29	-274.9562545110831
1986-10-30	-249.49311863946727
1986-10-31	-262.93749728366396
1986-11-01	-240.50278795782214
1986-11-02	-246.78588329736863
1986-11-03	-228.46953719297838
1986-11-04	-219.27256071183535
1986-11-05	-254.78623120426113
1986-11-06	-257.0385917858188
1986-11-07	-277.2288209442702
1986-11-08	-237.93617456243916
1986-11-09	-284.42582511094724
1986-11-10	-231.6095913063358
1986-11-11	-279.0540831086964
1986-11-12	-260.8002323658083
1986-11-13	-236.00358642146358
1986-11-14	-237.85580754942958
1986-11-15	-245.8873456056649
1986-11-16	-234.45748971186308
1986-11-17	-231.33462986747833
1986-11-18	-206.68475710726716
1986-11-19	-244.49773134161052
1986-11-20	-273.87355825261346
1986-11-21	-247.43346249747665
1986-11-22	-218.8928562120372
1986-11-23	-251.88073168092095
1986-11-24	-297.3200968634183
1986-11-25	-238.89861790893315
1986-11-26	-228.7592592819572
1986-11-27	-262.4492044435685
1986-11-28	-263.0298751428344
1986-11-29	-267.37567051688694
1986-11-30	-243.86030094183707
1986-12-01	-225.55816407380183
1986-12-02	-270.0197128359424
1986-12-03	-240.86501813712303
1986-12-04	-266.6044333115554
1986-12-05	-243.8314307904301
1986-12-06	-233.89736198394468
1986-12-07	-279.45176892820274
1986-12-08	-273.8488322010332
1986-12-09	-225.39946769949728
1986-12-10	-262.44238285572555
1986-12-11	-226.0780940240349
1986-12-12	-234.61276264037383
1986-12-13	-208.0041949682952
1986-12-14	-243.26627069749443
1986-12-15	-247.54573699197954
1986-12-16	-245.06596540043955
1986-12-17	-258.21494833141327
1986-12-18	-229.8053871458423
1986-12-19	-257.7801419547744
1986-12-20	-263.3712642172883
1986-12-21	-272.73614846286296
1986-12-22	-239.59601031788412
1986-12-23	-247.79454362331182
1986-12-24	-282.0731274536369
1986-12-25	-249.17065054915773
1986-12-26	-244.00562163342676
1986-12-27	-276.5973011480081
1986-12-28	-223.30045710778597
1986-12-29	-236.23264785201974
1986-12-30	-229.44759701515898
1986-12-31	-266.02365317222103
1987-01-01	-259.5650860097963
1987-01-02	-271.07202550865435
1987-01-03	-267.2328935075671
1987-01-04	-206.8579488677299
1987-01-05	-186.64462290635714
1987-01-06	-294.4808906421461
1987-01-07	-246.82727920166798
1987-01-08	-275.66130295472163
1987-01-09	-251.25517398096073
1987-01-10	-275.2815302078725
1987-01-11	-266.7982010383523
1987-01-12	-230.13951802961148
1987-01-13	-301.3663240610511
1987-01-14	-248.00499124102421
1987-01-15	-256.3867993738534
1987-01-16	-225.901956694891
1987-01-17	-243.15415065015745
1987-01-18	-259.8623396856878
1987-01-19	-223.19538273796223
1987-01-20	-229.62511487478653
1987-01-21	-277.3889766092611
1987-01-22	-218.20776324445237
1987-01-23	-244.2111459888722
1987-01-24	-269.9792188139569
1987-01-25	-249.62511404882935
1987-01-26	-226.62120967809852
1987-01-27	-274.42806140451637
1987-01-28	-251.12867386295073
1987-01-29	-267.1970783373154
1987-01-30	-252.21852020118575
1987-01-31	-232.69600139031448
1987-02-01	-273.38136488508513
1987-02-02	-191.22564570386976
1987-02-03	-231.07232739502635
1987-02-04	-247.58104019723717
1987-02-05	-261.62913078683044
1987-02-06	-219.58542185267456
1987-02-07	-280.34562667799685
1987-02-08	-228.48648222435756
1987-02-09	-216.60625304254307
1987-02-10	-246.19533605746528
1987-02-11	-243.85234632880446
1987-02-12	-269.6579377211104
1987-02-13	-250.50466490853705
1987-02-14	-253.6162019857807
1987-02-15	-263.69812031640873
1987-02-16	-270.5822498542104
1987-02-17	-259.6511604638999
1987-02-18	-261.94947222264045
1987-02-19	-220.20832864952075
1987-02-20	-244.22093696129923
1987-02-21	-226.227575832568
1987-02-22	-262.2959140471579
1987-02-23	-244.39492562996014
1987-02-24	-191.93893547495009
1987-02-25	-251.81909560917754
1987-02-26	-264.79408516789726
1987-02-27	-283.8992338687074
1987-02-28	-234.9429870314404
1987-03-01	-252.89905563840608
1987-03-02	-211.20042500575664
1987-03-03	-256.24016565634616
1987-03-04	-248.77250587910544
1987-03-05	-270.5304001344651
1987-03-06	-241.880104784119
1987-03-07	-298.3980112806937
1987-03-08	-263.5332075053184
1987-03-09	-237.0478505009193
1987-03-10	-261.20939753689424
1987-03-11	-254.4933592158782
1987-03-12	-240.58568074433904
1987-03-13	-245.18762185471977
1987-03-14	-267.8134594860485
1987-03-15	-226.83668329122202
1987-03-16	-297.98958902086264
1987-03-17	-207.0478617063414
1987-03-18	-259.733712991815
1987-03-19	-241.87558742006826
1987-03-20	-234.4574052161109
1987-03-21	-235.60410648858507
1987-03-22	-247.75984845002543
1987-03-23	-258.8731710198334
1987-03-24	-270.87443572402964
1987-03-25	-205.07616023024366
1987-03-26	-248.41073447658349
1987-03-27	-247.42414138363088
1987-03-28	-228.90242229642521
1987-03-29	-234.1778700148928
1987-03-30	-229.67877108710763
1987-03-31	-234.41781734974748
1987-04-01	-226.16207660554699
1987-04-02	-306.3529436377325
1987-04-03	-217.44704622947913
1987-04-04	-258.7895146500946
1987-04-05	-258.3275833583101
1987-04-06	-223.5350196356349
1987-04-07	-217.60084190571285
1987-04-08	-257.0661066715377
1987-04-09	-238.74029554797957
1987-04-10	-234.35567956468284
1987-04-11	-274.18622863745384
1987-04-12	-234.93165304987048
1987-04-13	-294.0797075338497
1987-04-14	-236.1619598727289
1987-04-15	-192.72472889050968
1987-04-16	-240.05157865191697
1987-04-17	-231.7285205723054
1987-04-18	-264.486861932373
1987-04-19	-250.18138890575753
1987-04-20	-290.16407820725726
1987-04-21	-263.3221633997102
1987-04-22	-261.3456666283666
1987-04-23	-269.9080416119808
1987-04-24	-246.21983738644545
1987-04-25	-227.66156558078433
1987-04-26	-248.4136679476517
1987-04-27	-252.35476468198468
1987-04-28	-248.20034961617623
1987-04-29	-243.09925851362982
1987-04-30	-242.30583397171898
1987-05-01	-237.3312739757296
1987-05-02	-261.1641479773979
1987-05-03	-234.4315524482836
1987-05-04	-243.6431956023484
1987-05-05	-241.60901745289533
1987-05-06	-220.77624365172392
1987-05-07	-221.8054651714624
1987-05-08	-253.70194685990268
1987-05-09	-256.2875297462488
1987-05-10	-244.84667298865526
1987-05-11	-230.11955856589373
1987-05-12	-277.4448533732441
1987-05-13	-279.01427823572527
1987-05-14	-257.8604115431653
1987-05-15	-239.49107068357938
1987-05-16	-248.3474787505591
1987-05-17	-219.38676630756743
1987-05-18	-247.2868810793474
1987-05-19	-251.73630891562559
1987-05-20	-246.2351963663768
1987-05-21	-253.32306907989337
1987-05-22	-286.4041480561333
1987-05-23	-219.82751400025785
1987-05-24	-237.27795559243398
1987-05-25	-271.2283725301453
1987-05-26	-269.6906846448237
1987-05-27	-246.87318513230588
1987-05-28	-249.40508679641675
1987-05-29	-211.39797973890364
1987-05-30	-241.29431169209758
1987-05-31	-238.7624316707465
1987-06-01	-257.469921878376
1987-06-02	-235.20235923924128
1987-06-03	-237.40534715489778
1987-06-04	-241.28866522922476
1987-06-05	-227.45467592640773
1987-06-06	-277.58548695851516
1987-06-07	-257.0163784222212
1987-06-08	-256.97304646184307
1987-06-09	-236.17996507071885
1987-06-10	-259.7348470406467
1987-06-11	-281.7884475592814
1987-06-12	-252.85325490833182
1987-06-13	-263.0277719842877
1987-06-14	-257.64572507364755
1987-06-15	-252.0446956945735
1987-06-16	-191.7393849269073
1987-06-17	-239.04390645196108
1987-06-18	-243.4327368095195
1987-06-19	-201.38508651642005
1987-06-20	-264.5201505219748
1987-06-21	-253.78009800472907
1987-06-22	-248.53396973192855
1987-06-23	-253.0367679820754
1987-06-24	-239.20027026409906
1987-06-25	-240.87480793654404
1987-06-26	-264.50181159629153
1987-06-27	-243.18156591934584
1987-06-28	-255.06549589438632
1987-06-29	-209.8366066220775
1987-06-30	-230.4254610912745
1987-07-01	-255.19464301561194
1987-07-02	-212.18162794490286
1987-07-03	-242.36862921991508
1987-07-04	-279.0580938281618
1987-07-05	-280.19684713861653
1987-07-06	-275.6718751941105
1987-07-07	-240.5630260941502
1987-07-08	-237.53030727967342
1987-07-09	-253.09912631964812
1987-07-10	-224.03110778872139
1987-07-11	-221.43399136794056
1987-07-12	-270.46910483766544
1987-07-13	-279.52509917563674
1987-07-14	-240.24557188520856
1987-07-15	-252.2795860720494
1987-07-16	-242.5394852697108
1987-07-17	-261.34500215431285
1987-07-18	-266.87266480313616
1987-07-19	-228.83902268687916
1987-07-20	-248.31241365820216
1987-07-21	-234.68184353737217
1987-07-22	-216.51766742319074
1987-07-23	-238.4053497665149
1987-07-24	-247.68256688084384
1987-07-25	-249.81593062282374
1987-07-26	-231.85266619264107
1987-07-27	-244.12911703936825
1987-07-28	-227.7769305555552
1987-07-29	-217.0845378861156
1987-07-30	-231.27001600783242
1987-07-31	-225.36414948286125
1987-08-01	-195.77447137175093
1987-08-02	-268.1339816571746
1987-08-03	-244.9212628045505
1987-08-04	-231.2739137135514
1987-08-05	-200.24326870738435
1987-08-06	-259.47410851077984
1987-08-07	-223.89849906603845
1987-08-08	-253.63441705686716
1987-08-09	-241.79591829964977
1987-08-10	-271.216002790808
1987-08-11	-266.91442199852384
1987-08-12	-281.45252874425455
1987-08-13	-241.8341160451964
1987-08-14	-204.20680516628323
1987-08-15	-248.05752004770028
1987-08-16	-244.72054135306144
1987-08-17	-254.54222583135376
1987-08-18	-273.21686566190954
1987-08-19	-247.63039930093103
1987-08-20	-229.75897390756208
1987-08-21	-235.6504751910889
1987-08-22	-227.98538918227695
1987-08-23	-243.2526435409
1987-08-24	-248.06793508610184
1987-08-25	-202.1482436103896
1987-08-26	-237.50718775162989
1987-08-27	-253.9858291674291
1987-08-28	-248.1136305967619
1987-08-29	-290.5995398794376
1987-08-30	-282.87595097607976
1987-08-31	-218.77875097211142
1987-09-01	-278.95046615369137
1987-09-02	-259.8633881721707
1987-09-03	-241.3421442824572
1987-09-04	-247.12501830687316
1987-09-05	-235.84069677176592
1987-09-06	-252.44785096483665
1987-09-07	-248.51021328449556
1987-09-08	-264.6546673898508
1987-09-09	-259.6372902447816
1987-09-10	-247.31861459721816
1987-09-11	-268.1850529141531
1987-09-12	-231.22778801320536
1987-09-13	-261.527068684107
1987-09-14	-217.65462052200795
1987-09-15	-219.58304763006961
1987-09-16	-255.94886431734741
1987-09-17	-263.97612352822034
1987-09-18	-196.3050420672593
1987-09-19	-223.96255607810087
1987-09-20	-285.60279785967975
1987-09-21	-252.80053502284014
1987-09-22	-257.48300211578675
1987-09-23	-264.04689984324176
1987-09-24	-244.76974419069654
1987-09-25	-234.35292128423504
1987-09-26	-275.1129874803947
1987-09-27	-235.07066058480572
1987-09-28	-230.4746152848006
1987-09-29	-285.83650464201014
1987-09-30	-279.16809012310773
1987-10-01	-229.0597646407246
1987-10-02	-203.4204923586081
1987-10-03	-276.3220474498293
1987-10-04	-232.01018666130892
1987-10-05	-250.1075576274465
1987-10-06	-264.4578153206346
1987-10-07	-251.22152364318504
1987-10-08	-244.14777916288256
1987-10-09	-235.54872434015385
1987-10-10	-235.59675664743122
1987-10-11	-257.08455583626915
1987-10-12	-293.3834812859033
1987-10-13	-248.42402305744838
1987-10-14	-230.18827821161403
1987-10-15	-279.2211883373052
1987-10-16	-201.71865222985275
1987-10-17	-227.75097848302485
1987-10-18	-211.2799006652221
1987-10-19	-248.8123857070927
1987-10-20	-278.2527150808122
1987-10-21	-227.21547421861848
1987-10-22	-264.9172747708655
1987-10-23	-242.07741986229232
1987-10-24	-274.04319286216503
1987-10-25	-255.4298337776179
1987-10-26	-223.78721665725698
1987-10-27	-230.61574034985074
1987-10-28	-233.90831334908628
1987-10-29	-244.62021973174544
1987-10-30	-234.53326309856664
1987-10-31	-187.19994233149015
1987-11-01	-250.9252446053887
1987-11-02	-252.53438343476495
1987-11-03	-256.0481313332844
1987-11-04	-238.6179645451336
1987-11-05	-253.80970876637696
1987-11-06	-226.96277789125804
1987-11-07	-201.6859979933854
1987-11-08	-249.8991384223935
1987-11-09	-240.77131546351575
1987-11-10	-288.9258652827937
1987-11-11	-255.54382503621903
1987-11-12	-219.60054508004112
1987-11-13	-257.92800684852057
1987-11-14	-227.3157145538965
1987-11-15	-260.292980479112
1987-11-16	-245.40212775439443
1987-11-17	-221.61647854664284
1987-11-18	-288.030192683237
1987-11-19	-226.2558834294308
1987-11-20	-241.06254816784
1987-11-21	-212.46634496951293
1987-11-22	-252.19734195678902
1987-11-23	-258.00343602541835
1987-11-24	-227.5489279107374
1987-11-25	-234.34769734749145
1987-11-26	-291.51519948054084
1987-11-27	-283.5557910714798
1987-11-28	-221.60113170933334
1987-11-29	-255.40184262926599
1987-11-30	-273.1781734059066
1987-12-01	-238.64446905575593
1987-12-02	-230.09721448775338
1987-12-03	-241.48354243951923
1987-12-04	-232.25749868232157
1987-12-05	-229.83374794402317
1987-12-06	-256.95065263957844
1987-12-07	-243.53092164285096
1987-12-08	-236.94836649711579
1987-12-09	-257.805124518736
1987-12-10	-248.76940437795128
1987-12-11	-260.65895109135664
1987-12-12	-269.1758252370967
1987-12-13	-293.29295265038024
1987-12-14	-291.2810040328779
1987-12-15	-240.48195161477508
1987-12-16	-282.19438656800986
1987-12-17	-239.66231429893983
1987-12-18	-212.80881305702601
1987-12-19	-272.48854389210175
1987-12-20	-281.0105987418298
1987-12-21	-248.57470076045453
1987-12-22	-268.56147560442105
1987-12-23	-259.4795386778641
1987-12-24	-241.28003648432605
1987-12-25	-248.19730267403378
1987-12-26	-228.3259760364052
1987-12-27	-278.1479546995905
1987-12-28	-261.90450046095555
1987-12-29	-251.0810768245537
1987-12-30	-256.11433983948837
1987-12-31	-238.7387224134528
1988-01-01	-303.43181561173543
1988-01-02	-239.24308818613497
1988-01-03	-288.65590963578495
1988-01-04	-227.67180154356095
1988-01-05	-239.97503888291527
1988-01-06	-284.6117472494112
1988-01-07	-222.53739274017468
1988-01-08	-272.6486352779675
1988-01-09	-283.2634221298015
1988-01-10	-272.1798243757971
1988-01-11	-241.5553558378677
1988-01-12	-239.81207237421168
1988-01-13	-270.565339828687
1988-01-14	-242.97364959932116
1988-01-15	-216.69186771557256
1988-01-16	-254.34041433471526
1988-01-17	-270.41072790953115
1988-01-18	-276.2804296219462
1988-01-19	-227.30255292328462
1988-01-20	-234.2913450771206
1988-01-21	-244.74009805407627
1988-01-22	-268.99728989339644
1988-01-23	-277.68092557659793
1988-01-24	-269.5420592422436
1988-01-25	-297.59345697077714
1988-01-26	-249.2085183315447
1988-01-27	-241.53320851534747
1988-01-28	-201.4441384321666
1988-01-29	-239.97970014902933
1988-01-30	-217.38360221515228
1988-01-31	-273.587184461061
1988-02-01	-290.7045663116704
1988-02-02	-218.75453630045382
1988-02-03	-264.5624880833225
1988-02-04	-230.0150890571829
1988-02-05	-251.6623589547165
1988-02-06	-233.66516691107486
1988-02-07	-239.19136522674532
1988-02-08	-203.7733782745242
1988-02-09	-252.41030868558335
1988-02-10	-240.9054372378984
1988-02-11	-275.9700593948709
1988-02-12	-218.85579274162671
1988-02-13	-253.62099207856173
1988-02-14	-272.9078388939161
1988-02-15	-267.76574413493313
1988-02-16	-263.91289218706504
1988-02-17	-246.75091125747576
1988-02-18	-238.42244355469563
1988-02-19	-281.656446447203
1988-02-20	-240.9039040056417
1988-02-21	-252.53782272874852
1988-02-22	-273.6019441221121
1988-02-23	-245.50777844098027
1988-02-24	-260.15211153796486
1988-02-25	-250.63403715223149
1988-02-26	-238.8439760562752
1988-02-27	-292.6488092456548
1988-02-28	-219.19571137607895
1988-02-29	-271.537329783365
1988-03-01	-218.91047873461315
1988-03-02	-281.83731333203593
1988-03-03	-262.71334742841253
1988-03-04	-259.90550048210747
1988-03-05	-266.14054530439955
1988-03-06	-284.71622253946254
1988-03-07	-242.47396610608112
1988-03-08	-251.2434103612852
1988-03-09	-226.5950100910146
1988-03-10	-241.14094405023656
1988-03-11	-237.67961170713468
1988-03-12	-276.51912873532325
1988-03-13	-272.3540309254057
1988-03-14	-228.7455900276586
1988-03-15	-240.62186614573326
1988-03-16	-265.0047868183111
1988-03-17	-247.96311225832744
1988-03-18	-219.77333235384808
1988-03-19	-218.5436019067365
1988-03-20	-255.5661588239555
1988-03-21	-246.27528745671012
1988-03-22	-256.80119942423045
1988-03-23	-245.2913871460304
1988-03-24	-254.7656403016384
1988-03-25	-267.5747523701508
1988-03-26	-266.9988852642883
1988-03-27	-213.22764438887103
1988-03-28	-252.527978594768
1988-03-29	-232.76363188987528
1988-03-30	-169.609400857384
1988-03-31	-260.96199033784205
1988-04-01	-219.10326595311003
1988-04-02	-217.8764309789742
1988-04-03	-235.92047484980603
1988-04-04	-241.1318372322082
1988-04-05	-230.2178359626824
1988-04-06	-256.3435986353846
1988-04-07	-257.35563499673975
1988-04-08	-228.3078669837515
1988-04-09	-238.73769922323507
1988-04-10	-229.47683717660104
1988-04-11	-291.2511401373175
1988-04-12	-255.61476104996
1988-04-13	-274.6037257846716
1988-04-14	-236.40393570100497
1988-04-15	-274.76144828138496
1988-04-16	-251.11079724419193
1988-04-17	-268.23749641094946
1988-04-18	-228.61379457042585
1988-04-19	-251.92064779930683
1988-04-20	-244.3100015193432
1988-04-21	-241.79627592030718
1988-04-22	-209.6425859368393
1988-04-23	-229.54834327474637
1988-04-24	-217.80918166730063
1988-04-25	-231.22440143608873
1988-04-26	-248.93191507263052
1988-04-27	-231.31781248959464
1988-04-28	-231.9059751266988
1988-04-29	-287.75550404246127
1988-04-30	-258.3588065664545
1988-05-01	-279.86969770894336
1988-05-02	-238.91747067121582
1988-05-03	-250.66455856467707
1988-05-04	-226.41003360338283
1988-05-05	-262.48360950566513
1988-05-06	-295.7243308469115
1988-05-07	-241.13214862729723
1988-05-08	-239.6932904031606
1988-05-09	-237.05714101739363
1988-05-10	-237.00849279225602
1988-05-11	-239.72822472638515
1988-05-12	-235.86388387823135
1988-05-13	-234.1971128797721
1988-05-14	-268.0515909698744
1988-05-15	-238.51940949405838
1988-05-16	-250.53865490827604
1988-05-17	-195.18564187138742
1988-05-18	-265.33383488378183
1988-05-19	-253.02035515395667
1988-05-20	-206.03975711341562
1988-05-21	-218.35722446664
1988-05-22	-273.00665881994246
1988-05-23	-266.4260182294707
1988-05-24	-273.39598563123843
1988-05-25	-220.53251701363487
1988-05-26	-228.01774639149045
1988-05-27	-244.99683621727593
1988-05-28	-274.31920593015707
1988-05-29	-237.99319730341975
1988-05-30	-279.3699405909888
1988-05-31	-184.64823966155552
1988-06-01	-248.02135361396253
1988-06-02	-255.6584031166029
1988-06-03	-231.3272402870762
1988-06-04	-258.7915883396797
1988-06-05	-214.52923602006877
1988-06-06	-205.9399444252249
1988-06-07	-261.07000791149204
1988-06-08	-230.76296370967833
1988-06-09	-254.93032707396497
1988-06-10	-229.33481779385534
1988-06-11	-270.7102046820355
1988-06-12	-242.72629716215616
1988-06-13	-247.78924404416495
1988-06-14	-255.07523427532917
1988-06-15	-235.0346883570096
1988-06-16	-214.6367228187537
1988-06-17	-270.7224493444132
1988-06-18	-229.2679087047356
1988-06-19	-201.1096752660669
1988-06-20	-259.427485941778
1988-06-21	-240.59177330317002
1988-06-22	-251.2208647184397
1988-06-23	-218.9251156025342
1988-06-24	-276.0982549051291
1988-06-25	-243.2310799877938
1988-06-26	-262.77531722733966
1988-06-27	-204.33893119922914
1988-06-28	-228.54642721632655
1988-06-29	-239.93723525151557
1988-06-30	-248.5885477100857
1988-07-01	-275.3137488623548
1988-07-02	-235.29880967194427
1988-07-03	-258.21107702057424
1988-07-04	-246.69558722290049
1988-07-05	-241.44921285138395
1988-07-06	-233.1618439216583
1988-07-07	-243.44823969296655
1988-07-08	-255.63659669813768
1988-07-09	-219.8552919552086
1988-07-10	-274.76448408528313
1988-07-11	-257.92584994355525
1988-07-12	-260.92373252156926
1988-07-13	-273.93892918296916
1988-07-14	-255.6011329295425
1988-07-15	-238.50707306614004
1988-07-16	-242.67036878638623
1988-07-17	-304.5633692223658
1988-07-18	-246.1522902761543
1988-07-19	-218.0453380472675
1988-07-20	-239.96845657135628
1988-07-21	-258.8077044087354
1988-07-22	-233.77240400067365
1988-07-23	-267.23499111505004
1988-07-24	-268.0918009973388
1988-07-25	-250.1465803955363
1988-07-26	-287.8669009683624
1988-07-27	-233.54207599631567
1988-07-28	-247.276925867257
1988-07-29	-262.3729677412226
1988-07-30	-223.80652313378008
1988-07-31	-265.14084768730527
1988-08-01	-250.5535961077069
1988-08-02	-293.41043993253027
1988-08-03	-208.4761571835561
1988-08-04	-269.7195778438884
1988-08-05	-231.3577437223644
1988-08-06	-246.58005401925732
1988-08-07	-228.87489243009153
1988-08-08	-221.14241796136014
1988-08-09	-278.18029568773005
1988-08-10	-198.3301701928781
1988-08-11	-245.35500188054377
1988-08-12	-209.39584413335686
1988-08-13	-263.5890741944065
1988-08-14	-223.38477042611333
1988-08-15	-262.98436461198895
1988-08-16	-262.6640863137705
1988-08-17	-276.3556347351898
1988-08-18	-256.5806208479701
1988-08-19	-265.50139692613607
1988-08-20	-255.63592389760765
1988-08-21	-268.5822766857248
1988-08-22	-253.27588131773578
1988-08-23	-258.62527913570807
1988-08-24	-248.77124995219737
1988-08-25	-248.4878383279632
1988-08-26	-239.84635678595706
1988-08-27	-244.75091587329115
1988-08-28	-235.09363285137283
1988-08-29	-253.1129727345454
1988-08-30	-228.87228388287102
1988-08-31	-257.5546636218138
1988-09-01	-242.66668602362043
1988-09-02	-255.2238565696248
1988-09-03	-223.03009767065726
1988-09-04	-254.04904477708405
1988-09-05	-260.6620433566726
1988-09-06	-238.85732452554586
1988-09-07	-240.51710770739592
1988-09-08	-234.5559012374853
1988-09-09	-248.31524247323952
1988-09-10	-266.6220179222012
1988-09-11	-248.21395066070437
1988-09-12	-223.94289417263911
1988-09-13	-252.80835706982816
1988-09-14	-260.90745360414166
1988-09-15	-284.00853312907054
1988-09-16	-242.9597794030382
1988-09-17	-256.2038700337516
1988-09-18	-241.60229803695833
1988-09-19	-197.19672686950972
1988-09-20	-285.37706685429833
1988-09-21	-230.98099464593184
1988-09-22	-292.08356082297536
1988-09-23	-271.63552617584025
1988-09-24	-244.80707945044233
1988-09-25	-238.08161132445173
1988-09-26	-244.4576959363736
1988-09-27	-272.9539737242858
1988-09-28	-272.63303806207074
1988-09-29	-240.46161224672457
1988-09-30	-231.64988329638965
1988-10-01	-205.43324576584027
1988-10-02	-269.0748458413967
1988-10-03	-221.7854368721326
1988-10-04	-277.7095893323018
1988-10-05	-238.1311086016542
1988-10-06	-243.25183131932374
1988-10-07	-248.32821602223055
1988-10-08	-244.97908996570862
1988-10-09	-244.82289535711286
1988-10-10	-205.73791246452825
1988-10-11	-216.8303338092078
1988-10-12	-256.971745054007
1988-10-13	-241.31463286340525
1988-10-14	-279.0664597530089
1988-10-15	-214.61979851138716
1988-10-16	-213.78422851562698
1988-10-17	-251.1435542571316
1988-10-18	-229.1497189039223
1988-10-19	-264.1541703837566
1988-10-20	-237.65225182640015
1988-10-21	-256.48989672309426
1988-10-22	-266.6325883894035
1988-10-23	-282.5660828426671
1988-10-24	-234.70286780277377
1988-10-25	-271.35214281625525
1988-10-26	-278.5287480669815
1988-10-27	-232.1608925603653
1988-10-28	-230.24119331916916
1988-10-29	-248.6224232334544
1988-10-30	-257.9864831783492
1988-10-31	-244.08124641917948
1988-11-01	-246.7747568799028
1988-11-02	-285.17609341611524
1988-11-03	-240.17173856112996
1988-11-04	-260.6980564307358
1988-11-05	-238.83072700397545
1988-11-06	-236.22129178339372
1988-11-07	-271.61227413012705
1988-11-08	-218.2334851136996
1988-11-09	-282.0183315796261
1988-11-10	-279.6748301418627
1988-11-11	-216.5070282346418
1988-11-12	-218.17490765283938
1988-11-13	-203.69748572952054
1988-11-14	-220.13224700906528
1988-11-15	-246.0092126863676
1988-11-16	-233.76348970788612
1988-11-17	-233.65722533811885
1988-11-18	-228.9195387430309
1988-11-19	-213.24875896956195
1988-11-20	-265.24147715980735
1988-11-21	-271.73727929488666
1988-11-22	-289.41721736201225
1988-11-23	-264.7816409659222
1988-11-24	-268.3874766647524
1988-11-25	-215.59899703921306
1988-11-26	-243.89560603820175
1988-11-27	-227.39180011428994
1988-11-28	-242.3320165324127
1988-11-29	-257.117678240446
1988-11-30	-252.03748538668606
1988-12-01	-228.47777945319748
1988-12-02	-227.67874358790175
1988-12-03	-228.0392513312957
1988-12-04	-254.531716450015
1988-12-05	-211.64784383716915
1988-12-06	-214.5314838263642
1988-12-07	-274.29728336718904
1988-12-08	-268.59963936351284
1988-12-09	-272.31920934159666
1988-12-10	-279.3192736721887
1988-12-11	-239.05042690430727
1988-12-12	-248.22567475770876
1988-12-13	-249.35529898703277
1988-12-14	-230.8417600379588
1988-12-15	-239.97524325462518
1988-12-16	-259.2707925646758
1988-12-17	-275.30102620577617
1988-12-18	-258.5400889397013
1988-12-19	-238.8507658891153
1988-12-20	-274.55863353205496
1988-12-21	-240.28596825340958
1988-12-22	-250.96261490937565
1988-12-23	-268.95401769961114
1988-12-24	-260.5060772535207
1988-12-25	-247.8775278543191
1988-12-26	-210.27185962629798
1988-12-27	-241.6201959244596
1988-12-28	-227.86730914225544
1988-12-29	-265.73527156845125
1988-12-30	-226.64219124387986
1988-12-31	-289.5857425072416
1989-01-01	-214.76362301915577
1989-01-02	-263.3675773137177
1989-01-03	-244.59322933766342
1989-01-04	-303.1315803128629
1989-01-05	-289.77240814965245
1989-01-06	-255.36593241459374
1989-01-07	-299.421455465471
1989-01-08	-281.1737327570545
1989-01-09	-232.12606615155724
1989-01-10	-243.4186623963236
1989-01-11	-252.67431645013508
1989-01-12	-248.6949364633021
1989-01-13	-219.3851667077977
1989-01-14	-276.81206618581695
1989-01-15	-214.38645298699458
1989-01-16	-250.96163325105667
1989-01-17	-245.18559589483948
1989-01-18	-251.46811732581727
1989-01-19	-260.97229730709233
1989-01-20	-266.69323479155616
1989-01-21	-226.4612438128322
1989-01-22	-275.06270823838094
1989-01-23	-250.27710602071286
1989-01-24	-232.5490535646959
1989-01-25	-250.2192109960947
1989-01-26	-249.45382572290205
1989-01-27	-218.12184455081686
1989-01-28	-220.36218719577337
1989-01-29	-271.5330219938907
1989-01-30	-240.2188730770535
1989-01-31	-226.05646323029174
1989-02-01	-233.6446762868834
1989-02-02	-250.56037744174026
1989-02-03	-239.85114999839888
1989-02-04	-299.2500861655442
1989-02-05	-201.02473311578214
1989-02-06	-226.3721303026379
1989-02-07	-237.63014613344959
1989-02-08	-256.76894149470905
1989-02-09	-231.91771552626557
1989-02-10	-261.36200449390753
1989-02-11	-271.7689166424779
1989-02-12	-248.20756070459473
1989-02-13	-281.3200205125921
1989-02-14	-243.08288887054636
1989-02-15	-213.86620735399754
1989-02-16	-206.18268439422636
1989-02-17	-248.5191894485684
1989-02-18	-247.91473707444362
1989-02-19	-257.2902176817222
1989-02-20	-235.81402104264185
1989-02-21	-246.75116195015627
1989-02-22	-276.6163648428952
1989-02-23	-260.5285203283288
1989-02-24	-219.19051349791704
1989-02-25	-242.8992963342693
1989-02-26	-238.98721565886405
1989-02-27	-235.6430831045259
1989-02-28	-253.26495738016175
1989-03-01	-216.85659703340718
1989-03-02	-277.23210844757085
1989-03-03	-268.9150700744096
1989-03-04	-228.14292746890143
1989-03-05	-253.9484860627288
1989-03-06	-255.72463676315036
1989-03-07	-230.00442687475496
1989-03-08	-258.19516178893286
1989-03-09	-244.51773343489867
1989-03-10	-236.25966287078208
1989-03-11	-226.81194975065324
1989-03-12	-228.63351536721086
1989-03-13	-289.57453590803766
1989-03-14	-227.2302210734758
1989-03-15	-269.99816737177844
1989-03-16	-241.90947963553063
1989-03-17	-233.82543626370688
1989-03-18	-240.4235172903365
1989-03-19	-234.13315744406762
1989-03-20	-256.803925066429
1989-03-21	-239.1944135479817
1989-03-22	-230.83686595180433
1989-03-23	-229.8431133366462
1989-03-24	-213.02674066080127
1989-03-25	-225.81099749886727
1989-03-26	-269.4426675326313
1989-03-27	-267.9629237700152
1989-03-28	-218.520122124623
1989-03-29	-223.9055860614978
1989-03-30	-267.7888549234815
1989-03-31	-251.70212865580427
1989-04-01	-260.6917805899474
1989-04-02	-251.02434027178168
1989-04-03	-251.22247664181853
1989-04-04	-267.41432949674515
1989-04-05	-266.0824203894703
1989-04-06	-241.71196517480908
1989-04-07	-224.5733102690561
1989-04-08	-289.2820750840867
1989-04-09	-263.4687206868182
1989-04-10	-238.57984639822328
1989-04-11	-244.27813941101465
1989-04-12	-241.50792613879463
1989-04-13	-246.06717833431236
1989-04-14	-235.54909912510948
1989-04-15	-234.034741781369
1989-04-16	-218.15574680710654
1989-04-17	-217.39371589541835
1989-04-18	-246.41778989191192
1989-04-19	-262.98083207741416
1989-04-20	-259.1866454468382
1989-04-21	-238.71167371224735
1989-04-22	-282.24994599926504
1989-04-23	-287.24923693933357
1989-04-24	-195.33753603209868
1989-04-25	-245.22323850119426
1989-04-26	-221.2904046015589
1989-04-27	-254.3629771960335
1989-04-28	-208.9824166157663
1989-04-29	-224.77441520667824
1989-04-30	-250.78258315883062
1989-05-01	-311.27312416452344
1989-05-02	-227.2368216926977
1989-05-03	-226.99655387942323
1989-05-04	-217.0557320413887
1989-05-05	-230.17568212126395
1989-05-06	-223.14600995518884
1989-05-07	-223.64472038591651
1989-05-08	-280.9071995271863
1989-05-09	-279.81709163405577
1989-05-10	-234.12727880239558
1989-05-11	-231.8161200902817
1989-05-12	-253.84897082305778
1989-05-13	-249.2140201797148
1989-05-14	-275.3525630114739
1989-05-15	-224.67309067057622
1989-05-16	-213.85956560146502
1989-05-17	-230.01714509282706
1989-05-18	-265.2486358425871
1989-05-19	-210.70515906276074
1989-05-20	-298.1543984621213
1989-05-21	-263.21083522735364
1989-05-22	-245.51831097739728
1989-05-23	-262.2310732861697
1989-05-24	-255.156929151144
1989-05-25	-234.09479994755813
1989-05-26	-262.5309975653243
1989-05-27	-248.76729077261558
1989-05-28	-254.95650949989428
1989-05-29	-218.3779142196904
1989-05-30	-235.49120542140687
1989-05-31	-259.9010779120039
1989-06-01	-283.24332892649943
1989-06-02	-233.45102033954734
1989-06-03	-243.8390998793727
1989-06-04	-255.37996272549074
1989-06-05	-270.73444074911544
1989-06-06	-267.0392281082394
1989-06-07	-239.5046811704761
1989-06-08	-228.62645982306213
1989-06-09	-236.3229525815065
1989-06-10	-223.12254916578095
1989-06-11	-258.5083521365048
1989-06-12	-210.4440044575403
1989-06-13	-245.28957457609866
1989-06-14	-262.8977490207515
1989-06-15	-251.01744853071028
1989-06-16	-247.92400695363602
1989-06-17	-249.95282960385165
1989-06-18	-276.888835061387
1989-06-19	-275.5595254698322
1989-06-20	-260.5093168206005
1989-06-21	-255.42649667351577
1989-06-22	-252.66212326867952
1989-06-23	-228.07533602308865
1989-06-24	-239.97286266776192
1989-06-25	-246.95679515590638
1989-06-26	-218.6445143519345
1989-06-27	-259.6580857166399
1989-06-28	-272.953979381031
1989-06-29	-240.83378039302576
1989-06-30	-202.6038070820451
1989-07-01	-233.32647583631908
1989-07-02	-237.68357581303835
1989-07-03	-272.6393413311639
1989-07-04	-267.40696460075185
1989-07-05	-215.12184985831004
1989-07-06	-258.0412164917257
1989-07-07	-234.81188473487632
1989-07-08	-235.38189628629104
1989-07-09	-242.55859669910896
1989-07-10	-279.2724377548498
1989-07-11	-250.03915302341434
1989-07-12	-301.56156832022674
1989-07-13	-252.45714129150872
1989-07-14	-250.0330538109824
1989-07-15	-262.92893312402515
1989-07-16	-258.2429686464346
1989-07-17	-274.3941004178908
1989-07-18	-214.5782335658334
1989-07-19	-227.18017860971239
1989-07-20	-243.97952250865376
1989-07-21	-264.5699048843719
1989-07-22	-296.9758126122365
1989-07-23	-217.37255951501032
1989-07-24	-290.9572788628259
1989-07-25	-259.368196578606
1989-07-26	-255.73611062883563
1989-07-27	-250.89922483132753
1989-07-28	-248.43650617219168
1989-07-29	-232.23025309645217
1989-07-30	-252.60932601953206
1989-07-31	-281.80727248008895
1989-08-01	-244.19284922946846
1989-08-02	-267.13240494966124
1989-08-03	-260.8501439666888
1989-08-04	-288.9032480424406
1989-08-05	-245.15131737799945
1989-08-06	-237.93530162908743
1989-08-07	-221.2650635075781
1989-08-08	-244.84328114118824
1989-08-09	-245.69217729916346
1989-08-10	-255.4157323574261
1989-08-11	-233.18981553058833
1989-08-12	-236.98155824060706
1989-08-13	-230.33142765584822
1989-08-14	-191.2464539413579
1989-08-15	-283.24634667431224
1989-08-16	-258.9562373958678
1989-08-17	-293.6186505845176
1989-08-18	-279.6865017930898
1989-08-19	-223.695075285232
1989-08-20	-256.00501656569077
1989-08-21	-229.082311727735
1989-08-22	-253.28253456659968
1989-08-23	-246.36945318971297
1989-08-24	-238.56708988807867
1989-08-25	-255.80496231053695
1989-08-26	-260.7658269421375
1989-08-27	-250.79729326921523
1989-08-28	-249.13164370466953
1989-08-29	-263.54069169200096
1989-08-30	-207.15338095786527
1989-08-31	-239.51015715428323
1989-09-01	-248.46027150162584
1989-09-02	-241.10224422277062
1989-09-03	-211.24070683245546
1989-09-04	-247.43317838272037
1989-09-05	-265.70857920415045
1989-09-06	-227.37933062424264
1989-09-07	-270.8753199020135
1989-09-08	-235.66297041025015
1989-09-09	-256.906059785193
1989-09-10	-251.4168686680153
1989-09-11	-232.4604513271107
1989-09-12	-248.50934819838113
1989-09-13	-251.25592854817197
1989-09-14	-200.24379044449665
1989-09-15	-250.94717705475946
1989-09-16	-226.09997085017076
1989-09-17	-225.67044946566057
1989-09-18	-238.69766676380647
1989-09-19	-203.19718627583595
1989-09-20	-236.2709142927397
1989-09-21	-232.69964466909084
1989-09-22	-227.7673109520524
1989-09-23	-238.49430901792564
1989-09-24	-240.02052790398378
1989-09-25	-238.05310229857724
1989-09-26	-275.24294386462543
1989-09-27	-278.04217098091965
1989-09-28	-232.22033295733507
1989-09-29	-253.31598953216698
1989-09-30	-252.5584006522753
1989-10-01	-250.5149704016814
1989-10-02	-227.76730852358898
1989-10-03	-263.7810090447508
1989-10-04	-256.91682074143205
1989-10-05	-236.02427167944094
1989-10-06	-262.88116475211336
1989-10-07	-240.37258485652728
1989-10-08	-243.51764829143568
1989-10-09	-255.06484541817593
1989-10-10	-248.83951913595135
1989-10-11	-269.74537387326114
1989-10-12	-274.0601630034213
1989-10-13	-273.79381262261364
1989-10-14	-249.83082743241624
1989-10-15	-254.39316240856954
1989-10-16	-262.04197118935366
1989-10-17	-290.1005073336574
1989-10-18	-261.3421352325431
1989-10-19	-247.33223441196154
1989-10-20	-235.45672739945613
1989-10-21	-256.2699395210453
1989-10-22	-228.8846189828751
1989-10-23	-200.03850748368816
1989-10-24	-255.88922674262238
1989-10-25	-277.57772198059996
1989-10-26	-261.06557614414766
1989-10-27	-251.85857779238725
1989-10-28	-249.9187144895272
1989-10-29	-264.99754916543964
1989-10-30	-303.5656586212779
1989-10-31	-233.7015035478273
1989-11-01	-264.9851239586832
1989-11-02	-207.71937343756477
1989-11-03	-235.95270061036584
1989-11-04	-256.592713363024
1989-11-05	-238.81172149268568
1989-11-06	-223.43677091983864
1989-11-07	-253.64691202923365
1989-11-08	-209.2707452673223
1989-11-09	-222.54424542997467
1989-11-10	-257.153107036931
1989-11-11	-247.90254070640833
1989-11-12	-247.80374417643026
1989-11-13	-222.63174225614185
1989-11-14	-203.94901052835786
1989-11-15	-253.85686323645996
1989-11-16	-229.54122007733883
1989-11-17	-234.7877351304614
1989-11-18	-226.42019536233087
1989-11-19	-240.7933637142176
1989-11-20	-283.3992182030679
1989-11-21	-241.89064052067425
1989-11-22	-227.9123172036667
1989-11-23	-231.32688491387563
1989-11-24	-238.71980660625272
1989-11-25	-267.6636801490596
1989-11-26	-193.0417966988562
1989-11-27	-282.0232492787142
1989-11-28	-223.02609247363299
1989-11-29	-223.73419895694462
1989-11-30	-242.82892129549833
1989-12-01	-252.4136984382907
1989-12-02	-276.1861159340143
1989-12-03	-258.63957514165674
1989-12-04	-244.42981017808958
1989-12-05	-234.59680534136413
1989-12-06	-217.148580159032
1989-12-07	-262.26681445718253
1989-12-08	-240.34058843706737
1989-12-09	-261.99639766079395
1989-12-10	-233.71092713639567
1989-12-11	-193.9249561404107
1989-12-12	-248.90817087236215
1989-12-13	-252.40234556900631
1989-12-14	-225.11232279417098
1989-12-15	-239.53958813815234
1989-12-16	-283.350675849387
1989-12-17	-258.1334257787793
1989-12-18	-281.60838530129934
1989-12-19	-277.9100706370815
1989-12-20	-237.35140532199438
1989-12-21	-232.58535306365908
1989-12-22	-228.21813754757113
1989-12-23	-242.80774704511768
1989-12-24	-235.77892306790213
1989-12-25	-254.91365214726576
1989-12-26	-242.0674871857616
1989-12-27	-275.51565594836325
1989-12-28	-249.81006136326397
1989-12-29	-241.29917104399308
1989-12-30	-273.28824181494844
1989-12-31	-303.0844218812047
1990-01-01	-263.62081740760635
1990-01-02	-225.12560456255397
1990-01-03	-266.2231351565685
1990-01-04	-245.91592106350228
1990-01-05	-229.61840622004394
1990-01-06	-252.86528257371145
1990-01-07	-273.2254064855001
1990-01-08	-277.5499238644459
1990-01-09	-263.1280267256081
1990-01-10	-233.19012798082753
1990-01-11	-216.82527342715832
1990-01-12	-237.3909857368361
1990-01-13	-241.52993853964267
1990-01-14	-261.76937095621565
1990-01-15	-289.7870390122821
1990-01-16	-253.61639527295242
1990-01-17	-266.9440748859728
1990-01-18	-275.25586974030347
1990-01-19	-252.55526683355777
1990-01-20	-228.33206384798476
1990-01-21	-229.99030492336303
1990-01-22	-239.74386287672627
1990-01-23	-238.82164530956882
1990-01-24	-232.022213766674
1990-01-25	-217.28799036527928
1990-01-26	-273.5691150842765
1990-01-27	-236.94088956906896
1990-01-28	-253.2913917315205
1990-01-29	-219.80976705475706
1990-01-30	-248.22526217145042
1990-01-31	-224.25921966735834
1990-02-01	-247.41780875049196
1990-02-02	-193.65544357295406
1990-02-03	-233.8926480086934
1990-02-04	-274.82802425851696
1990-02-05	-283.07805764437114
1990-02-06	-260.4951398392077
1990-02-07	-227.05398015638514
1990-02-08	-284.7403003333286
1990-02-09	-231.75094422193854
1990-02-10	-244.29786161749118
1990-02-11	-268.0399247028192
1990-02-12	-229.17977459384633
1990-02-13	-193.04006304293966
1990-02-14	-209.44886924311038
1990-02-15	-242.65367543854552
1990-02-16	-270.47554220982147
1990-02-17	-233.2942914200988
1990-02-18	-248.23117397722564
1990-02-19	-250.43834564172923
1990-02-20	-255.58975446081865
1990-02-21	-243.0536219152118
1990-02-22	-234.98851723253708
1990-02-23	-221.7919714874946
1990-02-24	-242.3581316920643
1990-02-25	-217.14093813826258
1990-02-26	-245.39000548727236
1990-02-27	-261.7705216503402
1990-02-28	-227.54712162027627
1990-03-01	-268.40041044029584
1990-03-02	-234.12944159826958
1990-03-03	-242.45193647251313
1990-03-04	-262.43372833315465
1990-03-05	-252.4331135638803
1990-03-06	-267.0748566125862
1990-03-07	-241.5821846826935
1990-03-08	-223.57373773489684
1990-03-09	-237.88184696414237
1990-03-10	-258.86616411145616
1990-03-11	-216.74044560522785
1990-03-12	-234.4306266641729
1990-03-13	-255.40446845145476
1990-03-14	-247.16795538946624
1990-03-15	-243.23770522158276
1990-03-16	-269.7910101870727
1990-03-17	-201.43867397782495
1990-03-18	-260.7564005590166
1990-03-19	-238.69627940920168
1990-03-20	-244.9117591027168
1990-03-21	-204.70434418874683
1990-03-22	-253.10996387280892
1990-03-23	-277.0170020290374
1990-03-24	-242.2790331032773
1990-03-25	-277.3804446362938
1990-03-26	-234.53432635727665
1990-03-27	-200.1600183034338
1990-03-28	-275.6940274075104
1990-03-29	-280.0588609495078
1990-03-30	-253.2072405649239
1990-03-31	-248.4523132768157
1990-04-01	-286.1585635129199
1990-04-02	-217.61242169700074
1990-04-03	-246.90172573436192
1990-04-04	-278.564360898412
1990-04-05	-250.32071599120053
1990-04-06	-257.12325598103257
1990-04-07	-240.63672528078246
1990-04-08	-235.138053023804
1990-04-09	-263.72527594833423
1990-04-10	-275.09981072541393
1990-04-11	-225.73864393533398
1990-04-12	-231.64426076159637
1990-04-13	-290.06807264935435
1990-04-14	-230.57145977360733
1990-04-15	-275.26351102989275
1990-04-16	-238.40276575540736
1990-04-17	-222.01739943153464
1990-04-18	-239.20334119681357
1990-04-19	-257.3140712653596
1990-04-20	-218.16354783231785
1990-04-21	-264.6383189661253
1990-04-22	-255.88828841396884
1990-04-23	-234.46375693971734
1990-04-24	-256.0555053699595
1990-04-25	-213.28249614499623
1990-04-26	-257.8531139521782
1990-04-27	-238.16702716342635
1990-04-28	-223.75903585879456
1990-04-29	-254.31877162111064
1990-04-30	-238.30917863044962
1990-05-01	-211.05733945950698
1990-05-02	-282.44138812366253
1990-05-03	-224.34404833653917
1990-05-04	-268.4369274896122
1990-05-05	-245.70329456029637
1990-05-06	-254.7097722940249
1990-05-07	-254.54006527468468
1990-05-08	-237.2410236080976
1990-05-09	-237.42166006246867
1990-05-10	-244.2938066790101
1990-05-11	-257.33509344877064
1990-05-12	-253.51574505624342
1990-05-13	-268.52385306722215
1990-05-14	-229.12931704716001
1990-05-15	-239.12695044186313
1990-05-16	-243.73746081042177
1990-05-17	-214.17231337970532
1990-05-18	-224.5970243017267
1990-05-19	-259.62761457787826
1990-05-20	-241.92321831377427
1990-05-21	-234.08159591686433
1990-05-22	-258.4428230996271
1990-05-23	-233.90795894065013
1990-05-24	-261.41448308718486
1990-05-25	-240.21753193994445
1990-05-26	-223.73373892959304
1990-05-27	-273.7311413483948
1990-05-28	-283.0593655223219
1990-05-29	-248.31249025066504
1990-05-30	-245.95170638255436
1990-05-31	-250.99946229428528
1990-06-01	-251.2077941010944
1990-06-02	-255.71294792625253
1990-06-03	-230.05652209032826
1990-06-04	-251.55434135948417
1990-06-05	-190.03022968882772
1990-06-06	-252.05049734430946
1990-06-07	-286.6018938480302
1990-06-08	-253.47404053550886
1990-06-09	-229.73995318176765
1990-06-10	-266.3130944556494
1990-06-11	-220.75588529704734
1990-06-12	-239.43732119317607
1990-06-13	-234.7764880033923
1990-06-14	-276.9916714439444
1990-06-15	-269.33513119419143
1990-06-16	-249.28000612298274
1990-06-17	-245.89542529229516
1990-06-18	-224.45722154227548
1990-06-19	-249.19428063066727
1990-06-20	-239.5751300048579
1990-06-21	-243.46959873945215
1990-06-22	-249.1982944294389
1990-06-23	-241.43856603575014
1990-06-24	-260.98323247069516
1990-06-25	-262.8454009801504
1990-06-26	-254.3742860295064
1990-06-27	-217.99911330873692
1990-06-28	-226.97525900545077
1990-06-29	-245.70842889422178
1990-06-30	-235.21199708193495
1990-07-01	-269.70893199223775
1990-07-02	-257.67737801596735
1990-07-03	-235.3129198789964
1990-07-04	-266.27677338144696
1990-07-05	-238.49103810636976
1990-07-06	-203.91794000641522
1990-07-07	-248.45213768138962
1990-07-08	-256.07645243883087
1990-07-09	-279.9049937100861
1990-07-10	-264.57163499288737
1990-07-11	-263.68530769924155
1990-07-12	-276.99672000289854
1990-07-13	-249.67863147229892
1990-07-14	-227.23073708027363
1990-07-15	-209.49470708726727
1990-07-16	-240.74958479680063
1990-07-17	-221.5762739434282
1990-07-18	-256.5803786764189
1990-07-19	-216.9007765285036
1990-07-20	-257.8608426415563
1990-07-21	-184.39509344493973
1990-07-22	-245.22118739399136
1990-07-23	-232.34976768817768
1990-07-24	-214.83580163033065
1990-07-25	-235.3101723544783
1990-07-26	-273.3356624324342
1990-07-27	-213.47953303674257
1990-07-28	-266.48432945802404
1990-07-29	-308.4208851281126
1990-07-30	-274.605081922219
1990-07-31	-246.08410778297687
1990-08-01	-245.81379020224307
1990-08-02	-237.34321406614464
1990-08-03	-276.41269994812785
1990-08-04	-282.96970794142595
1990-08-05	-272.59353932430037
1990-08-06	-231.9765535922979
1990-08-07	-271.6636974941985
1990-08-08	-234.79842859171845
1990-08-09	-227.04288356771792
1990-08-10	-221.16940378954564
1990-08-11	-245.48064325046005
1990-08-12	-277.18618538964233
1990-08-13	-255.85771644204092
1990-08-14	-269.57898823385864
1990-08-15	-262.01743014385914
1990-08-16	-252.7762631228871
1990-08-17	-265.4625230141329
1990-08-18	-231.66437292668684
1990-08-19	-208.53885957657815
1990-08-20	-257.0493760508523
1990-08-21	-249.93734529522337
1990-08-22	-239.2696173020021
1990-08-23	-218.3265569552162
1990-08-24	-230.6740829585377
1990-08-25	-237.41917959292758
1990-08-26	-229.42359432318457
1990-08-27	-239.68974960385773
1990-08-28	-238.5344297573318
1990-08-29	-270.08017518873737
1990-08-30	-277.08117510519156
1990-08-31	-240.73016829796072
1990-09-01	-231.19150541899057
1990-09-02	-208.31447261315432
1990-09-03	-250.38788482413528
1990-09-04	-260.8698026644511
1990-09-05	-269.0334412031999
1990-09-06	-230.71808108556934
1990-09-07	-241.60004341169332
1990-09-08	-213.22963091687635
1990-09-09	-221.32444893410886
1990-09-10	-212.2508698738659
1990-09-11	-250.75057925741552
1990-09-12	-238.03492404062462
1990-09-13	-243.2660942468571
1990-09-14	-280.83819378948874
1990-09-15	-246.4848267967449
1990-09-16	-242.46859650515415
1990-09-17	-218.33701281093497
1990-09-18	-219.00201355389396
1990-09-19	-250.5539229091729
1990-09-20	-224.07050843451748
1990-09-21	-288.1125151038693
1990-09-22	-255.07518274699822
1990-09-23	-238.63902098724316
1990-09-24	-242.40155688802432
1990-09-25	-256.8391774993957
1990-09-26	-199.10787500069205
1990-09-27	-264.6054271831869
1990-09-28	-223.33951893403537
1990-09-29	-250.38060011141894
1990-09-30	-230.00421557611867
1990-10-01	-272.7110954390997
1990-10-02	-248.82458716138223
1990-10-03	-270.65132439227176
1990-10-04	-268.732641549714
1990-10-05	-235.05767005249044
1990-10-06	-237.4266984858597
1990-10-07	-252.66031424050385
1990-10-08	-208.4963450596011
1990-10-09	-238.46484087580828
1990-10-10	-259.8784859576324
1990-10-11	-252.87152828011233
1990-10-12	-249.5838182212779
1990-10-13	-250.2095170290503
1990-10-14	-288.5882197937759
1990-10-15	-258.74581853172117
1990-10-16	-285.52731362427454
1990-10-17	-208.15891226104813
1990-10-18	-274.82322204741484
1990-10-19	-278.2232595066579
1990-10-20	-229.78636377258798
1990-10-21	-258.3944289946528
1990-10-22	-254.85832711025373
1990-10-23	-218.64123237379414
1990-10-24	-236.79969625319492
1990-10-25	-251.05862891431124
1990-10-26	-236.6408864210572
1990-10-27	-240.940412595075
1990-10-28	-275.69137559841874
1990-10-29	-239.17036420806693
1990-10-30	-247.40300994746104
1990-10-31	-255.083543037381
1990-11-01	-235.3236994266756
1990-11-02	-253.71546495031876
1990-11-03	-269.48453981305755
1990-11-04	-232.34480972766872
1990-11-05	-240.2422854441493
1990-11-06	-254.79282945572257
1990-11-07	-263.81175215471745
1990-11-08	-255.0226550403556
1990-11-09	-207.1948753498968
1990-11-10	-260.9078017844976
1990-11-11	-261.5024253201954
1990-11-12	-223.8394012808909
1990-11-13	-237.94114807632457
1990-11-14	-280.30364813062886
1990-11-15	-269.7629908047446
1990-11-16	-210.56195212870716
1990-11-17	-240.62993800476653
1990-11-18	-256.3257717607153
1990-11-19	-218.63747884640844
1990-11-20	-249.31364786202036
1990-11-21	-266.03782679935927
1990-11-22	-250.14149957538484
1990-11-23	-220.58395166668447
1990-11-24	-263.31929072177985
1990-11-25	-248.64742101065943
1990-11-26	-241.01338674600035
1990-11-27	-227.42632808885722
1990-11-28	-228.7685333483934
1990-11-29	-247.4889894012154
1990-11-30	-287.8309891022037
1990-12-01	-255.8253082147863
1990-12-02	-233.32883114193717
1990-12-03	-215.06110395286956
1990-12-04	-256.14899811684376
1990-12-05	-229.48937045900732
1990-12-06	-273.8120406836857
1990-12-07	-226.63247351392067
1990-12-08	-244.2205363346226
1990-12-09	-262.9142605323745
1990-12-10	-281.95246727059083
1990-12-11	-210.2403602396993
1990-12-12	-223.61293556557408
1990-12-13	-253.14797122169992
1990-12-14	-241.05337816111145
1990-12-15	-262.34454753491303
1990-12-16	-252.74525903961361
1990-12-17	-221.79249096794382
1990-12-18	-261.2007573260575
1990-12-19	-275.754958889019
1990-12-20	-245.59715163833508
1990-12-21	-249.34132140317269
1990-12-22	-232.79598772371574
1990-12-23	-243.51354383880047
1990-12-24	-226.37490410451704
1990-12-25	-247.53934809958054
1990-12-26	-284.0864191941316
1990-12-27	-217.42705218856236
1990-12-28	-249.74865524761293
1990-12-29	-259.32518304138955
1990-12-30	-255.9793002440633
1990-12-31	-235.75776768003877
1991-01-01	-254.41961607194696
1991-01-02	-221.70427450545776
1991-01-03	-231.37437229974793
1991-01-04	-246.4177160308128
1991-01-05	-230.3998350863174
1991-01-06	-272.039490404145
1991-01-07	-233.1017795825428
1991-01-08	-255.56676429901717
1991-01-09	-210.21095992228726
1991-01-10	-261.64758051655565
1991-01-11	-250.85836022252278
1991-01-12	-261.14821454632477
1991-01-13	-239.65597680058582
1991-01-14	-262.79238860244317
1991-01-15	-268.42082653916503
1991-01-16	-264.4770478383897
1991-01-17	-253.64579261437652
1991-01-18	-237.93721627291714
1991-01-19	-235.01476517567042
1991-01-20	-263.98846480937516
1991-01-21	-253.31657380527622
1991-01-22	-228.87869294937195
1991-01-23	-260.7872326457522
1991-01-24	-232.60051590655718
1991-01-25	-207.7638306333104
1991-01-26	-280.74667047242605
1991-01-27	-245.40200188819279
1991-01-28	-247.40721393951844
1991-01-29	-274.9974066392673
1991-01-30	-221.88346156301185
1991-01-31	-292.2594601891785
1991-02-01	-259.5713617471449
1991-02-02	-261.7023462876892
1991-02-03	-230.4050129104829
1991-02-04	-249.12186628355207
1991-02-05	-237.12343449108556
1991-02-06	-257.99938516108915
1991-02-07	-246.24910676539932
1991-02-08	-278.29867622240033
1991-02-09	-217.08858904535242
1991-02-10	-228.21476804996303
1991-02-11	-250.9684507302775
1991-02-12	-238.35529083556798
1991-02-13	-231.60191663031122
1991-02-14	-283.1200924211089
1991-02-15	-255.63235052649225
1991-02-16	-257.1089996190615
1991-02-17	-255.09627217558221
1991-02-18	-265.5558391629686
1991-02-19	-263.981654789908
1991-02-20	-240.67271668094958
1991-02-21	-246.14531610443018
1991-02-22	-283.2130633072759
1991-02-23	-219.85750687991595
1991-02-24	-262.5579888692805
1991-02-25	-279.5292061660705
1991-02-26	-211.29209713548175
1991-02-27	-316.1279158890515
1991-02-28	-238.90304664834937
1991-03-01	-197.7837859662642
1991-03-02	-261.3552056676146
1991-03-03	-288.7777630380532
1991-03-04	-212.42345382059383
1991-03-05	-219.43972649799176
1991-03-06	-241.36156172527956
1991-03-07	-219.27931303879
1991-03-08	-282.51343261029405
1991-03-09	-214.64464368435858
1991-03-10	-248.03485674917144
1991-03-11	-263.47086907484425
1991-03-12	-237.5627014911846
1991-03-13	-287.9709403145037
1991-03-14	-222.98861258931086
1991-03-15	-233.49631119915543
1991-03-16	-307.5974449483348
1991-03-17	-202.11421843639505
1991-03-18	-220.87085459612038
1991-03-19	-245.24074981321564
1991-03-20	-212.923850677548
1991-03-21	-254.34715171731725
1991-03-22	-239.27920566658
1991-03-23	-212.80132858262118
1991-03-24	-262.0119935978224
1991-03-25	-231.5736082882176
1991-03-26	-232.00828444592813
1991-03-27	-246.06431417765762
1991-03-28	-266.99752428127505
1991-03-29	-268.70596384751576
1991-03-30	-256.1154714933937
1991-03-31	-269.96487524332576
1991-04-01	-281.8123575110068
1991-04-02	-259.9499546143163
1991-04-03	-238.37216145285237
1991-04-04	-252.19783130677905
1991-04-05	-233.88131716374895
1991-04-06	-247.32227456883362
1991-04-07	-223.18221060352582
1991-04-08	-220.93213455569892
1991-04-09	-237.67383530615643
1991-04-10	-207.75201048735224
1991-04-11	-190.09972930887363
1991-04-12	-246.4079789369243
1991-04-13	-272.01680495119973
1991-04-14	-241.82027163452977
1991-04-15	-216.31475965917102
1991-04-16	-238.6152533947105
1991-04-17	-282.78733094673106
1991-04-18	-259.4551154670465
1991-04-19	-226.79633166174872
1991-04-20	-243.7673638261118
1991-04-21	-246.944406545903
1991-04-22	-220.44054445617172
1991-04-23	-261.68256298533487
1991-04-24	-246.8534966572217
1991-04-25	-228.86371047278547
1991-04-26	-296.83647274145477
1991-04-27	-251.1805600052907
1991-04-28	-249.4137827414947
1991-04-29	-249.086924743936
1991-04-30	-282.6500616376366
1991-05-01	-251.76892027090256
1991-05-02	-245.89510429553906
1991-05-03	-261.17206194358056
1991-05-04	-230.93215339388527
1991-05-05	-279.9246632334287
1991-05-06	-239.66592800032393
1991-05-07	-294.6754956863409
1991-05-08	-236.9708771823721
1991-05-09	-270.7152331248391
1991-05-10	-255.4765807795051
1991-05-11	-245.78567208939674
1991-05-12	-208.91883456519383
1991-05-13	-239.6943130864793
1991-05-14	-253.74480130654558
1991-05-15	-219.33995841616002
1991-05-16	-260.4880094113624
1991-05-17	-242.20974233977134
1991-05-18	-231.42117063561147
1991-05-19	-224.68209317387294
1991-05-20	-260.88511553532686
1991-05-21	-235.01134499309143
1991-05-22	-255.13302724743673
1991-05-23	-240.01696967420773
1991-05-24	-267.1741996008288
1991-05-25	-196.0453235009028
1991-05-26	-259.9935758242319
1991-05-27	-263.34983897445585
1991-05-28	-257.3431749497921
1991-05-29	-266.98738422535547
1991-05-30	-211.3777365256092
1991-05-31	-257.17950240066097
1991-06-01	-227.83900373194658
1991-06-02	-236.53432363204226
1991-06-03	-263.59954758294816
1991-06-04	-242.44067016953989
1991-06-05	-244.3583793110319
1991-06-06	-224.6275188387547
1991-06-07	-259.81434943314025
1991-06-08	-245.21766816154636
1991-06-09	-238.75754112113606
1991-06-10	-272.96701527168443
1991-06-11	-259.8497318306776
1991-06-12	-268.4452004546713
1991-06-13	-218.09446472994512
1991-06-14	-255.29110177450005
1991-06-15	-216.65006653935805
1991-06-16	-233.70616265558812
1991-06-17	-258.8360297705306
1991-06-18	-201.45121964179373
1991-06-19	-248.008415934166
1991-06-20	-221.4706964685309
1991-06-21	-247.98686640314727
1991-06-22	-212.75768583206613
1991-06-23	-214.36081059132232
1991-06-24	-234.65294265585672
1991-06-25	-225.3731679994931
1991-06-26	-256.98653002975675
1991-06-27	-249.81499518951534
1991-06-28	-270.37154590733587
1991-06-29	-247.36587299676458
1991-06-30	-230.288218770738
1991-07-01	-231.13502080092925
1991-07-02	-244.5211259658654
1991-07-03	-214.3518392747346
1991-07-04	-240.63840750646418
1991-07-05	-286.4652605422329
1991-07-06	-253.90627831610513
1991-07-07	-275.0342487653076
1991-07-08	-202.43805974662234
1991-07-09	-237.35156943221685
1991-07-10	-223.26390587205574
1991-07-11	-248.20709823666635
1991-07-12	-228.15989105743384
1991-07-13	-260.8987398386396
1991-07-14	-225.16451655390804
1991-07-15	-241.8658616053223
1991-07-16	-249.70499953181076
1991-07-17	-233.47002382914226
1991-07-18	-233.8160215154997
1991-07-19	-253.1251056676575
1991-07-20	-254.46066292814308
1991-07-21	-252.82612442750653
1991-07-22	-252.05921409634914
1991-07-23	-267.14768470105093
1991-07-24	-232.18865932692248
1991-07-25	-281.30530557607693
1991-07-26	-258.2166969951881
1991-07-27	-278.6442807419041
1991-07-28	-261.790578100465
1991-07-29	-266.87078682954643
1991-07-30	-234.5541813438288
1991-07-31	-242.21078349181315
1991-08-01	-290.7714070294417
1991-08-02	-268.433871346611
1991-08-03	-229.69592229057668
1991-08-04	-268.59475556060903
1991-08-05	-269.55816280959834
1991-08-06	-227.96897288408678
1991-08-07	-225.55710437457478
1991-08-08	-254.94829955550273
1991-08-09	-218.9827841857257
1991-08-10	-220.98934275505724
1991-08-11	-238.0111623844855
1991-08-12	-217.2241868027147
1991-08-13	-270.8126138113197
1991-08-14	-278.3261712526542
1991-08-15	-251.2304576067395
1991-08-16	-275.7485120488287
1991-08-17	-243.38057801765126
1991-08-18	-291.23805642105845
1991-08-19	-270.6887310884179
1991-08-20	-210.91933017038718
1991-08-21	-217.08605175249886
1991-08-22	-258.7803524554077
1991-08-23	-253.0858425053957
1991-08-24	-227.42033720614913
1991-08-25	-261.7297977541415
1991-08-26	-261.31717559820646
1991-08-27	-227.00400089555342
1991-08-28	-231.78988133770972
1991-08-29	-264.2332559408002
1991-08-30	-253.2802596895411
1991-08-31	-224.9759568143302
1991-09-01	-276.2733251609919
1991-09-02	-276.49365782429214
1991-09-03	-217.2544209484954
1991-09-04	-244.1015391445273
1991-09-05	-229.86797281375408
1991-09-06	-253.45274478189066
1991-09-07	-249.4597998013084
1991-09-08	-263.00476263631384
1991-09-09	-255.63684116985408
1991-09-10	-214.73339748518163
1991-09-11	-241.7881035765878
1991-09-12	-252.07185918515492
1991-09-13	-219.42465064261512
1991-09-14	-213.22193203229924
1991-09-15	-248.75737960957844
1991-09-16	-281.4473571985861
1991-09-17	-234.06300305042473
1991-09-18	-263.6536163599549
1991-09-19	-236.5798795086636
1991-09-20	-263.94038450376013
1991-09-21	-223.4795450485896
1991-09-22	-260.0190222025075
1991-09-23	-234.1456588597971
1991-09-24	-232.04777770337466
1991-09-25	-258.0415962577152
1991-09-26	-253.1121961428673
1991-09-27	-223.98334921427076
1991-09-28	-239.91872255697902
1991-09-29	-249.70697694371893
1991-09-30	-267.4005666409464
1991-10-01	-229.37369536356434
1991-10-02	-248.8034089902511
1991-10-03	-278.6353562128184
1991-10-04	-237.54507888149826
1991-10-05	-261.95158476907994
1991-10-06	-249.89028598302156
1991-10-07	-275.7459870113222
1991-10-08	-271.5496544492274
1991-10-09	-230.23411570728365
1991-10-10	-215.59020909271345
1991-10-11	-293.0313944981599
1991-10-12	-256.5285454848017
1991-10-13	-220.65057508741353
1991-10-14	-257.1422128364042
1991-10-15	-234.23932666375828
1991-10-16	-242.59225791910205
1991-10-17	-236.73629352879502
1991-10-18	-234.2568228770501
1991-10-19	-259.73584671066953
1991-10-20	-210.4311334874879
1991-10-21	-240.96293283002078
1991-10-22	-247.40487958872083
1991-10-23	-281.5579883222304
1991-10-24	-270.01595780220475
1991-10-25	-228.3358456671951
1991-10-26	-248.81087034041155
1991-10-27	-250.85107950305388
1991-10-28	-279.93741874733513
1991-10-29	-243.86425849042254
1991-10-30	-239.39443660353518
1991-10-31	-238.32023934320833
1991-11-01	-251.91843872409214
1991-11-02	-280.41670870035034
1991-11-03	-272.73909554181415
1991-11-04	-234.27912257444058
1991-11-05	-208.9064910281724
1991-11-06	-209.20961739436592
1991-11-07	-259.2069958399062
1991-11-08	-275.8609119536445
1991-11-09	-275.07217563857466
1991-11-10	-266.7814186642899
1991-11-11	-249.5682667806686
1991-11-12	-258.1880824679072
1991-11-13	-229.10121015342384
1991-11-14	-226.9876864074706
1991-11-15	-230.74448426423663
1991-11-16	-234.524443290864
1991-11-17	-266.2810181901103
1991-11-18	-211.28785884214102
1991-11-19	-258.36197994937305
1991-11-20	-261.7733636302381
1991-11-21	-292.5599811999145
1991-11-22	-267.58914592251176
1991-11-23	-258.98166432374524
1991-11-24	-259.93895074417856
1991-11-25	-249.27807757770762
1991-11-26	-215.4997357962926
1991-11-27	-265.6345445764969
1991-11-28	-246.73315589723222
1991-11-29	-217.76862367778352
1991-11-30	-260.1770419293723
1991-12-01	-221.86765057308298
1991-12-02	-209.83923261327783
1991-12-03	-257.9380242162113
1991-12-04	-275.17749630398254
1991-12-05	-259.0910487138455
1991-12-06	-233.21360849976557
1991-12-07	-276.274370305493
1991-12-08	-267.4772856213938
1991-12-09	-233.3849268871287
1991-12-10	-261.7251128324192
1991-12-11	-257.3284226360536
1991-12-12	-268.8037462470763
1991-12-13	-265.2320572821557
1991-12-14	-266.5332299565662
1991-12-15	-274.178965952479
1991-12-16	-237.0658340493157
1991-12-17	-210.01849215179968
1991-12-18	-221.0346752365728
1991-12-19	-243.5542259621405
1991-12-20	-271.27366482007386
1991-12-21	-291.41682399024563
1991-12-22	-247.54992336224635
1991-12-23	-247.89969368226505
1991-12-24	-213.82439375619919
1991-12-25	-258.661946689947
1991-12-26	-256.0770527850955
1991-12-27	-287.0615346080556
1991-12-28	-282.32068912449944
1991-12-29	-239.067112732867
1991-12-30	-191.23861371104206
1991-12-31	-262.58931083315565
1992-01-01	-246.0159309245964
1992-01-02	-237.43954741097082
1992-01-03	-215.84641261818274
1992-01-04	-202.8263448876143
1992-01-05	-256.03764743745927
1992-01-06	-229.7403109485152
1992-01-07	-245.32676299287357
1992-01-08	-235.98745743034618
1992-01-09	-231.7327986467786
1992-01-10	-249.1028003559881
1992-01-11	-242.86460483824223
1992-01-12	-274.0397991433811
1992-01-13	-272.0247505296305
1992-01-14	-241.32308206541467
1992-01-15	-236.78215015911925
1992-01-16	-237.2797041773815
1992-01-17	-209.63010060338735
1992-01-18	-240.95267321273766
1992-01-19	-262.7136026559422
1992-01-20	-246.12367703854773
1992-01-21	-257.1226597485148
1992-01-22	-297.04811202624416
1992-01-23	-189.6409962512003
1992-01-24	-244.98545545581467
1992-01-25	-264.74734609257047
1992-01-26	-239.66404129943874
1992-01-27	-270.80147471529114
1992-01-28	-219.64922040747868
1992-01-29	-246.75207590789302
1992-01-30	-222.63951818202284
1992-01-31	-196.77542899649174
1992-02-01	-266.44635850446036
1992-02-02	-259.24672902575696
1992-02-03	-242.51330150240304
1992-02-04	-241.3869436542046
1992-02-05	-282.2514030029478
1992-02-06	-217.89296294688694
1992-02-07	-218.76935829940734
1992-02-08	-244.23861762164458
1992-02-09	-271.72617397624964
1992-02-10	-257.2945470391763
1992-02-11	-262.6706129718182
1992-02-12	-209.79537017063996
1992-02-13	-254.01839883399828
1992-02-14	-213.4909682113671
1992-02-15	-243.31056893307024
1992-02-16	-224.09083719415733
1992-02-17	-220.64928397789274
1992-02-18	-288.03841446575694
1992-02-19	-250.20737042322017
1992-02-20	-258.2668571949413
1992-02-21	-199.11084104991048
1992-02-22	-237.79431972907767
1992-02-23	-270.52853173096366
1992-02-24	-243.70029147133
1992-02-25	-233.64893713856887
1992-02-26	-244.00504421770523
1992-02-27	-275.22889459925767
1992-02-28	-291.46440606373096
1992-02-29	-249.29762665173146
1992-03-01	-252.2178996791744
1992-03-02	-244.68899528298414
1992-03-03	-223.98531232403136
1992-03-04	-248.47040000577678
1992-03-05	-254.51694317302025
1992-03-06	-254.13085371069891
1992-03-07	-195.75180903080064
1992-03-08	-278.18683210025426
1992-03-09	-263.8732615770448
1992-03-10	-258.5524442318979
1992-03-11	-273.4817080314014
1992-03-12	-261.0426501717786
1992-03-13	-255.62493630341092
1992-03-14	-239.2500677581715
1992-03-15	-254.9913492661886
1992-03-16	-250.9365064614596
1992-03-17	-295.30650563200913
1992-03-18	-188.15466777605508
1992-03-19	-269.57481570403826
1992-03-20	-237.30778741887306
1992-03-21	-252.93717835130715
1992-03-22	-247.12165086756193
1992-03-23	-239.360070489303
1992-03-24	-273.5140934887368
1992-03-25	-241.42675220948843
1992-03-26	-256.69198459239897
1992-03-27	-228.27075275875563
1992-03-28	-261.1346768980146
1992-03-29	-236.36002728925573
1992-03-30	-210.60758551734205
1992-03-31	-235.55290098710822
1992-04-01	-221.82058895893167
1992-04-02	-285.54010323003564
1992-04-03	-249.95322596475086
1992-04-04	-226.69826858810876
1992-04-05	-265.6644559286437
1992-04-06	-248.15909565847107
1992-04-07	-285.9029587749245
1992-04-08	-237.17250713214005
1992-04-09	-273.9453798295013
1992-04-10	-250.53354763655273
1992-04-11	-247.51587995558378
1992-04-12	-248.6963613244838
1992-04-13	-218.31756256558015
1992-04-14	-255.50797691696673
1992-04-15	-252.19254912141793
1992-04-16	-230.38739495715194
1992-04-17	-219.71386636212588
1992-04-18	-280.0572717815365
1992-04-19	-235.18240167854682
1992-04-20	-206.35118575122726
1992-04-21	-283.64819537688754
1992-04-22	-286.3036229212744
1992-04-23	-229.20335954187027
1992-04-24	-235.8368969298474
1992-04-25	-234.86499641798457
1992-04-26	-223.03654190449532
1992-04-27	-238.46375116154036
1992-04-28	-232.50369567324975
1992-04-29	-266.6604941442177
1992-04-30	-257.94120813864185
1992-05-01	-261.9951951231021
1992-05-02	-227.09521336862795
1992-05-03	-249.164994887612
1992-05-04	-272.610110584368
1992-05-05	-242.4283618317615
1992-05-06	-207.23418819207015
1992-05-07	-240.71666432330218
1992-05-08	-206.63850999877428
1992-05-09	-228.73942989477013
1992-05-10	-237.6125153184805
1992-05-11	-227.04004003209062
1992-05-12	-236.43238235885957
1992-05-13	-258.78050304776264
1992-05-14	-218.97321954123666
1992-05-15	-252.239392032171
1992-05-16	-210.49279868792374
1992-05-17	-245.93917491591031
1992-05-18	-249.2584623405907
1992-05-19	-224.28456488774373
1992-05-20	-222.5529712648754
1992-05-21	-250.83240912103207
1992-05-22	-237.29072833463897
1992-05-23	-222.3389978160314
1992-05-24	-259.62756045321646
1992-05-25	-247.15381121237886
1992-05-26	-252.2230410366519
1992-05-27	-274.2392125376067
1992-05-28	-236.55051669849612
1992-05-29	-222.01986766312677
1992-05-30	-276.12064879148846
1992-05-31	-274.3025061756363
1992-06-01	-220.3769383919884
1992-06-02	-229.8017499841792
1992-06-03	-212.09392484678384
1992-06-04	-245.8072675929773
1992-06-05	-262.86048321645904
1992-06-06	-272.83950491358036
1992-06-07	-249.26133637357478
1992-06-08	-256.39602272126774
1992-06-09	-257.82098366438856
1992-06-10	-245.47309765950396
1992-06-11	-227.5833569785473
1992-06-12	-229.993274813836
1992-06-13	-263.1465384633427
1992-06-14	-252.5587131080429
1992-06-15	-239.3967318225956
1992-06-16	-251.17730058004207
1992-06-17	-277.04283584563643
1992-06-18	-241.23449769254375
1992-06-19	-261.8365392596426
1992-06-20	-220.7018498556414
1992-06-21	-242.63971711202524
1992-06-22	-284.76011494157274
1992-06-23	-287.2703814112525
1992-06-24	-256.5777106664647
1992-06-25	-246.92796580988573
1992-06-26	-211.23325107400728
1992-06-27	-259.2731020861496
1992-06-28	-255.6190036569865
1992-06-29	-283.86308154729306
1992-06-30	-245.90738881442326
1992-07-01	-273.62256767332764
1992-07-02	-256.8353313043133
1992-07-03	-260.70522720645295
1992-07-04	-229.87596819173285
1992-07-05	-247.7445952990706
1992-07-06	-262.44134545151445
1992-07-07	-215.7292856448361
1992-07-08	-255.40965610670818
1992-07-09	-300.4468438213214
1992-07-10	-246.96126183872138
1992-07-11	-247.5648177972185
1992-07-12	-253.39397680968364
1992-07-13	-233.49463405947037
1992-07-14	-256.4601726106197
1992-07-15	-227.37603085018063
1992-07-16	-226.61640721183412
1992-07-17	-186.2579376833582
1992-07-18	-224.91821968216922
1992-07-19	-258.808415735369
1992-07-20	-244.26044378828388
1992-07-21	-259.63958369620025
1992-07-22	-237.71188946303178
1992-07-23	-225.404258084696
1992-07-24	-250.01848962821717
1992-07-25	-254.77379123833637
1992-07-26	-232.27199513789301
1992-07-27	-232.15551798214196
1992-07-28	-251.39679063341674
1992-07-29	-229.6866483043333
1992-07-30	-264.4556425365225
1992-07-31	-221.62974904782237
1992-08-01	-224.40685642182203
1992-08-02	-230.34344076546148
1992-08-03	-264.00375563684895
1992-08-04	-264.97021951076846
1992-08-05	-267.13980433365055
1992-08-06	-262.05186555769177
1992-08-07	-256.68082216973875
1992-08-08	-260.5544819546235
1992-08-09	-250.41396732694696
1992-08-10	-197.51735648347594
1992-08-11	-278.6624023477789
1992-08-12	-226.7274498593244
1992-08-13	-229.29306372173326
1992-08-14	-251.17532112125775
1992-08-15	-278.36125453750606
1992-08-16	-232.4307153442395
1992-08-17	-232.03108621622286
1992-08-18	-237.03463327942424
1992-08-19	-268.0846438087186
1992-08-20	-242.43996816097896
1992-08-21	-224.29231692086267
1992-08-22	-230.55598705187742
1992-08-23	-290.92647923144864
1992-08-24	-261.60731389477394
1992-08-25	-237.11200521275848
1992-08-26	-257.48463591247474
1992-08-27	-262.805603709382
1992-08-28	-247.68335167246195
1992-08-29	-248.44237114103916
1992-08-30	-221.70559542597766
1992-08-31	-252.8506654602312
1992-09-01	-258.8870645124571
1992-09-02	-253.1416086019286
1992-09-03	-276.8027872356644
1992-09-04	-229.1438810667185
1992-09-05	-212.26631864027559
1992-09-06	-198.4298668022272
1992-09-07	-228.86470062127867
1992-09-08	-232.29876730128316
1992-09-09	-274.81235603176157
1992-09-10	-253.80284543938527
1992-09-11	-235.53538900109268
1992-09-12	-282.7930051261998
1992-09-13	-264.686570699914
1992-09-14	-265.43850051572423
1992-09-15	-273.2607367677577
1992-09-16	-235.96558474606337
1992-09-17	-252.43312892326531
1992-09-18	-294.3208090795087
1992-09-19	-293.595676007481
1992-09-20	-272.38692511591324
1992-09-21	-263.81138292653554
1992-09-22	-262.8940507329022
1992-09-23	-218.43429810476218
1992-09-24	-228.26944984958106
1992-09-25	-298.49582979644936
1992-09-26	-240.22279888953258
1992-09-27	-242.95559528874466
1992-09-28	-227.95054644405562
1992-09-29	-180.31428885490092
1992-09-30	-271.25089817741076
1992-10-01	-237.84230303254796
1992-10-02	-263.587700139893
1992-10-03	-211.7312144295156
1992-10-04	-227.25038012146834
1992-10-05	-231.87633115807745
1992-10-06	-203.8922994864964
1992-10-07	-256.2365463578286
1992-10-08	-249.2850118011874
1992-10-09	-264.1367465111458
1992-10-10	-247.73913382125093
1992-10-11	-233.1696249599438
1992-10-12	-276.5078819369463
1992-10-13	-269.0602386153674
1992-10-14	-283.01050221642066
1992-10-15	-237.97512431917085
1992-10-16	-281.30904513692894
1992-10-17	-278.0391839597404
1992-10-18	-214.17308482534222
1992-10-19	-245.78371503698963
1992-10-20	-266.25242610039305
1992-10-21	-280.5062809863827
1992-10-22	-251.00432448821735
1992-10-23	-249.91722454589436
1992-10-24	-269.6147994551677
1992-10-25	-247.9780220932088
1992-10-26	-231.17652986730752
1992-10-27	-257.3072700349136
1992-10-28	-243.8044881674686
1992-10-29	-258.3683320425726
1992-10-30	-208.82745705416818
1992-10-31	-240.61416891730977
1992-11-01	-251.18594047456475
1992-11-02	-208.9507149612138
1992-11-03	-265.29735292050367
1992-11-04	-257.2979094141022
1992-11-05	-256.7430519163628
1992-11-06	-247.4295312441188
1992-11-07	-281.93074038797954
1992-11-08	-258.9443748919949
1992-11-09	-220.9881271372936
1992-11-10	-276.69463096954684
1992-11-11	-239.65486650608383
1992-11-12	-218.22173947888172
1992-11-13	-226.51761757373683
1992-11-14	-236.43554238691982
1992-11-15	-218.13776054101476
1992-11-16	-202.42737798024427
1992-11-17	-268.7774303388113
1992-11-18	-251.3052041992235
1992-11-19	-244.1901014118624
1992-11-20	-238.31167674065014
1992-11-21	-266.19358670437055
1992-11-22	-258.0372781074718
1992-11-23	-227.19677558876555
1992-11-24	-234.6989176570818
1992-11-25	-254.21860010551057
1992-11-26	-259.47852971740565
1992-11-27	-253.40839961370295
1992-11-28	-260.035080448292
1992-11-29	-262.65608282988944
1992-11-30	-240.13107756008353
1992-12-01	-199.37717295428206
1992-12-02	-289.72006270280673
1992-12-03	-247.84022669524938
1992-12-04	-252.8080456263766
1992-12-05	-213.4252566449692
1992-12-06	-256.37927237401897
1992-12-07	-246.68170769181387
1992-12-08	-252.810989922658
1992-12-09	-290.28424133614607
1992-12-10	-260.78243758762807
1992-12-11	-254.97825043624167
1992-12-12	-285.30374445146674
1992-12-13	-244.7702680932223
1992-12-14	-246.61612794525038
1992-12-15	-249.47948731774707
1992-12-16	-271.5665248304827
1992-12-17	-230.205973121238
1992-12-18	-258.50655854122317
1992-12-19	-246.67652138638513
1992-12-20	-299.4845857653131
1992-12-21	-239.94154965205547
1992-12-22	-234.22331121174426
1992-12-23	-214.4193440452396
1992-12-24	-270.46700976509476
1992-12-25	-216.58472294799012
1992-12-26	-233.3546015926088
1992-12-27	-210.68723368503922
1992-12-28	-217.48089359451816
1992-12-29	-246.75958451336098
1992-12-30	-263.4763405448023
1992-12-31	-251.48696394015005
1993-01-01	-235.08512065652562
1993-01-02	-293.0864188212994
1993-01-03	-243.86097588040036
1993-01-04	-267.8878924242374
1993-01-05	-238.22316652623994
1993-01-06	-253.0970579958962
1993-01-07	-271.06960909520507
1993-01-08	-232.74619988875773
1993-01-09	-245.12879072157972
1993-01-10	-233.94359399964844
1993-01-11	-247.30131280726656
1993-01-12	-230.2329426312799
1993-01-13	-227.2394267243069
1993-01-14	-305.55640814831423
1993-01-15	-274.9488336897021
1993-01-16	-254.5906874758268
1993-01-17	-254.92803023846432
1993-01-18	-226.89077356861867
1993-01-19	-267.56345266033446
1993-01-20	-238.13767850244383
1993-01-21	-278.9453116938439
1993-01-22	-229.39534585468493
1993-01-23	-224.3720804387355
1993-01-24	-264.75179528941976
1993-01-25	-250.1521672090855
1993-01-26	-238.74456645250785
1993-01-27	-281.30341715064804
1993-01-28	-254.51515619125902
1993-01-29	-268.7069515201056
1993-01-30	-239.42615080076257
1993-01-31	-200.9318799047956
1993-02-01	-259.24171096393286
1993-02-02	-270.44257555055856
1993-02-03	-247.193904838708
1993-02-04	-251.03521068358134
1993-02-05	-269.3113475339461
1993-02-06	-242.3953865021612
1993-02-07	-249.32101273859584
1993-02-08	-225.0847111707657
1993-02-09	-248.2774530287849
1993-02-10	-237.47116910307696
1993-02-11	-274.175029555862
1993-02-12	-238.1371145633181
1993-02-13	-283.40426549649794
1993-02-14	-255.3603294581622
1993-02-15	-264.941212736688
1993-02-16	-247.158920003617
1993-02-17	-250.40808216702837
1993-02-18	-256.55187981322484
1993-02-19	-226.1418615859733
1993-02-20	-214.2997370988977
1993-02-21	-284.178790519689
1993-02-22	-251.09628185811042
1993-02-23	-238.12741421889456
1993-02-24	-262.4042332462997
1993-02-25	-275.6497113885605
1993-02-26	-234.6925931957489
1993-02-27	-264.21184797477645
1993-02-28	-254.82298454173943
1993-03-01	-227.95700626260634
1993-03-02	-254.45541831680075
1993-03-03	-247.7653677027272
1993-03-04	-227.1372553455947
1993-03-05	-279.82162374315357
1993-03-06	-263.7511531664637
1993-03-07	-237.21953105684386
1993-03-08	-244.8569247562849
1993-03-09	-258.23180239983105
1993-03-10	-251.12234748204028
1993-03-11	-194.73093592278252
1993-03-12	-244.79430772473782
1993-03-13	-231.77182488486284
1993-03-14	-251.70584365478348
1993-03-15	-235.1462798623722
1993-03-16	-256.44301747890324
1993-03-17	-239.16724657163857
1993-03-18	-275.8716811283418
1993-03-19	-241.23774373979333
1993-03-20	-274.54419534269266
1993-03-21	-254.24736938470394
1993-03-22	-252.94661665081622
1993-03-23	-218.99017818969574
1993-03-24	-265.8264733664225
1993-03-25	-276.4607798887273
1993-03-26	-192.8245514929569
1993-03-27	-207.38285019252248
1993-03-28	-254.13354005705537
1993-03-29	-226.93646450410355
1993-03-30	-235.9528462457492
1993-03-31	-237.92951170487478
1993-04-01	-242.51126730122724
1993-04-02	-275.1286874323756
1993-04-03	-260.51973124277686
1993-04-04	-223.7235216215757
1993-04-05	-261.962630989607
1993-04-06	-279.7009932823197
1993-04-07	-261.24225381072847
1993-04-08	-282.5334008357224
1993-04-09	-254.0595454715378
1993-04-10	-220.10773204675405
1993-04-11	-257.21356576200264
1993-04-12	-240.6116900779741
1993-04-13	-245.6991468230168
1993-04-14	-215.6286137923151
1993-04-15	-211.06129493236818
1993-04-16	-285.5414999647977
1993-04-17	-238.84655485543092
1993-04-18	-239.95791290710724
1993-04-19	-266.9601956131197
1993-04-20	-239.78518558649324
1993-04-21	-280.4863943052613
1993-04-22	-282.4778479627245
1993-04-23	-263.52031629308067
1993-04-24	-220.2128032859633
1993-04-25	-244.0967960249658
1993-04-26	-282.1770736544737
1993-04-27	-279.2343161108932
1993-04-28	-232.57942726407435
1993-04-29	-262.6774001300413
1993-04-30	-250.3676413884946
1993-05-01	-241.86742562656534
1993-05-02	-246.65714675448882
1993-05-03	-252.57774052179442
1993-05-04	-269.92879224646344
1993-05-05	-233.92853246475514
1993-05-06	-269.84775609863203
1993-05-07	-280.5221793105595
1993-05-08	-238.32264315594452
1993-05-09	-228.28132561792066
1993-05-10	-237.9759274033382
1993-05-11	-264.2895824675444
1993-05-12	-250.92271964425942
1993-05-13	-271.1892771402428
1993-05-14	-236.82452621578756
1993-05-15	-286.61680538168804
1993-05-16	-235.7107635717955
1993-05-17	-275.25440792766545
1993-05-18	-267.1230039244293
1993-05-19	-214.14978721819165
1993-05-20	-250.99362517444484
1993-05-21	-240.6834443137955
1993-05-22	-186.98838875675813
1993-05-23	-242.61332147813445
1993-05-24	-219.69395744766888
1993-05-25	-253.63995867450177
1993-05-26	-281.3711312561316
1993-05-27	-286.78057604321896
1993-05-28	-221.02172443073513
1993-05-29	-289.95609805565834
1993-05-30	-247.09432982653135
1993-05-31	-234.37933500483655
1993-06-01	-281.3795937601683
1993-06-02	-292.0890479442841
1993-06-03	-283.5184328328031
1993-06-04	-247.95684655865875
1993-06-05	-251.88708987553326
1993-06-06	-237.0540276464395
1993-06-07	-256.9427290307976
1993-06-08	-220.09855653330965
1993-06-09	-271.69527239549114
1993-06-10	-237.44675806776925
1993-06-11	-248.36599518441642
1993-06-12	-267.7907688269347
1993-06-13	-191.5620488310735
1993-06-14	-260.53631523612313
1993-06-15	-253.88231443752187
1993-06-16	-268.6248707875026
1993-06-17	-239.8038303646998
1993-06-18	-263.94001534817613
1993-06-19	-283.45610283450725
1993-06-20	-248.66090155310994
1993-06-21	-280.70267702941
1993-06-22	-272.5813904914005
1993-06-23	-277.997908675409
1993-06-24	-241.41791135811613
1993-06-25	-258.8258555222242
1993-06-26	-228.32089317226377
1993-06-27	-269.56159790753526
1993-06-28	-212.92262174118812
1993-06-29	-213.6692083868275
1993-06-30	-249.88779392156977
1993-07-01	-219.9285187078484
1993-07-02	-258.1568451582677
1993-07-03	-259.6565615098414
1993-07-04	-271.11461282380304
1993-07-05	-242.66182509995738
1993-07-06	-223.32905383035325
1993-07-07	-232.91840189873707
1993-07-08	-228.1223415188247
1993-07-09	-235.77863383128732
1993-07-10	-260.39330485862325
1993-07-11	-221.27613659413046
1993-07-12	-239.90635355034172
1993-07-13	-202.4576978117565
1993-07-14	-191.28502726878062
1993-07-15	-210.73898508269627
1993-07-16	-188.6205248537329
1993-07-17	-181.1969110421135
1993-07-18	-197.76055560772417
1993-07-19	-241.58948292543866
1993-07-20	-186.70873764222733
1993-07-21	-216.13450546093765
1993-07-22	-174.83124628919495
1993-07-23	-164.70972323658034
1993-07-24	-189.85053378739207
1993-07-25	-179.18017781970198
1993-07-26	-186.59966091932398
1993-07-27	-175.47563645344832
1993-07-28	-169.4834282918804
1993-07-29	-137.14291307316503
1993-07-30	-183.61209413620523
1993-07-31	-186.7169137269175
1993-08-01	-180.89421362763454
1993-08-02	-143.265594620703
1993-08-03	-123.78468660708963
1993-08-04	-160.46056019976854
1993-08-05	-179.68411713054127
1993-08-06	-179.2821410399847
1993-08-07	-183.20748195608937
1993-08-08	-128.35469237266602
1993-08-09	-143.59515022738645
1993-08-10	-67.44589591409472
1993-08-11	-123.26077709864472
1993-08-12	-111.52803360796588
1993-08-13	-156.65674956720108
1993-08-14	-115.69733189196145
1993-08-15	-112.72035147080386
1993-08-16	-132.62332438365044
1993-08-17	-127.7700646760004
1993-08-18	-122.27442505770215
1993-08-19	-151.15832637688544
1993-08-20	-109.8773990827356
1993-08-21	-96.52339894997306
1993-08-22	-107.95214599319202
1993-08-23	-97.76116515060626
1993-08-24	-122.66076288193369
1993-08-25	-89.96550052334521
1993-08-26	-119.17452234875967
1993-08-27	-88.46072852973478
1993-08-28	-85.38401943854602
1993-08-29	-111.33905509132843
1993-08-30	-100.67127775349297
1993-08-31	-76.30172026802558
1993-09-01	-106.6000009244062
1993-09-02	-97.7858798397314
1993-09-03	-82.92968965403207
1993-09-04	-70.81729162711582
1993-09-05	-59.428377597531465
1993-09-06	-92.06759102802194
1993-09-07	-64.22934913162861
1993-09-08	-99.89264147120156
1993-09-09	-83.90553824267457
1993-09-10	-100.57726990681913
1993-09-11	-62.52364988865975
1993-09-12	-79.73558962915745
1993-09-13	-67.8851018696867
1993-09-14	-61.74063970415997
1993-09-15	-90.61362359125285
1993-09-16	-62.82393349803519
1993-09-17	-83.08537914100792
1993-09-18	-87.67901685044296
1993-09-19	-63.120539699204464
1993-09-20	-49.6428696062895
1993-09-21	-47.961778408546195
1993-09-22	-65.57156568693406
1993-09-23	-33.83924994895863
1993-09-24	-83.13657731428157
1993-09-25	-62.15342062080342
1993-09-26	-93.72097149255168
1993-09-27	-56.37194066093934
1993-09-28	-87.10341617578896
1993-09-29	-64.12387377384484
1993-09-30	-67.18893964231484
1993-10-01	-32.02724209889071
1993-10-02	-56.09293074531473
1993-10-03	-24.321791371954472
1993-10-04	-56.23570575542702
1993-10-05	-27.12029190123839
1993-10-06	-84.06575083036188
1993-10-07	-66.28055454783417
1993-10-08	-87.12805234239437
1993-10-09	5.174636747011384
1993-10-10	-53.71696629255755
1993-10-11	-78.47548184688037
1993-10-12	-70.20568221038971
1993-10-13	-84.5374333479308
1993-10-14	-47.03334950807488
1993-10-15	-49.562364582526214
1993-10-16	-3.0892422689731944
1993-10-17	-20.76631535643549
1993-10-18	-10.44984349319791
1993-10-19	-35.68522774903623
1993-10-20	-42.867762064833464
1993-10-21	-42.102465568695386
1993-10-22	-61.860440111910364
1993-10-23	-3.8502594602283047
1993-10-24	-1.8431812794923523
1993-10-25	-39.733450426234555
1993-10-26	-38.53122227768052
1993-10-27	-33.2962475447242
1993-10-28	-38.87973988071129
1993-10-29	-32.222624878008936
1993-10-30	-38.237426335013446
1993-10-31	-25.641960012389344
1993-11-01	-10.475188952457863
1993-11-02	-19.89658824702903
1993-11-03	-13.568005312421642
1993-11-04	-7.637334054712905
1993-11-05	-24.18109337627577
1993-11-06	-0.5369816918732724
1993-11-07	-28.968213079938103
1993-11-08	-6.405824000927403
1993-11-09	-43.577354469251134
1993-11-10	-22.901748809290698
1993-11-11	-13.130962533241503
1993-11-12	-52.590944777329746
1993-11-13	-8.912005054204284
1993-11-14	-54.167650714161745
1993-11-15	-22.580501934396136
1993-11-16	-18.19208549139744
1993-11-17	-46.10367818049866
1993-11-18	-54.064670404006236
1993-11-19	-23.098346449813896
1993-11-20	-17.634166448109028
1993-11-21	-28.685545780582558
1993-11-22	-19.12990225469698
1993-11-23	-12.865652101613573
1993-11-24	-12.31031194974367
1993-11-25	-14.433297330556531
1993-11-26	28.01717331055028
1993-11-27	-13.259557072879995
1993-11-28	13.803864184959778
1993-11-29	-39.879203665524415
1993-11-30	-25.873343793606068
1993-12-01	-31.681214063368856
1993-12-02	-11.788457573223726
1993-12-03	-40.92622054409813
1993-12-04	-27.117208919077473
1993-12-05	-20.724779554788192
1993-12-06	-1.2538110629781016
1993-12-07	-7.500970449290245
1993-12-08	-17.403489687169447
1993-12-09	8.56533936671927
1993-12-10	27.30942471403121
1993-12-11	-27.52337238891888
1993-12-12	7.919405079238958
1993-12-13	-29.315183240907977
1993-12-14	5.693992153520993
1993-12-15	12.895175231791788
1993-12-16	-24.770681776504453
1993-12-17	-22.539506959231815
1993-12-18	6.089729068464619
1993-12-19	-39.03621372159334
1993-12-20	-3.1225833240722167
1993-12-21	-18.07318722583782
1993-12-22	16.35432657009305
1993-12-23	1.7284149248515828
1993-12-24	-39.60623034330692
1993-12-25	-15.255889383753738
1993-12-26	-25.965250173909915
1993-12-27	-40.76689731589572
1993-12-28	-6.317703960947127
1993-12-29	-8.761802036679285
1993-12-30	-14.244856422615584
1993-12-31	-25.902418890585956
1994-01-01	-13.409480707028134
1994-01-02	-16.54963260765636
1994-01-03	1.6291455998977353
1994-01-04	22.953935568212525
1994-01-05	13.873399091223455
1994-01-06	17.210705632628347
1994-01-07	-35.71521729000111
1994-01-08	-12.062596952731433
1994-01-09	7.132876453685516
1994-01-10	2.1153082060361053
1994-01-11	6.9945120412223245
1994-01-12	-11.778800931477765
1994-01-13	46.10370227203635
1994-01-14	-2.5706773484907797
1994-01-15	-39.7162819405118
1994-01-16	15.403545301975676
1994-01-17	-30.21283536587053
1994-01-18	-81.00547249230644
1994-01-19	-48.13037062250821
1994-01-20	14.943881465127813
1994-01-21	-29.99464114347235
1994-01-22	-15.227654704064427
1994-01-23	3.165545636948665
1994-01-24	-4.169808788549087
1994-01-25	-2.7847813150553917
1994-01-26	-19.15434519493662
1994-01-27	-19.399167048820168
1994-01-28	-10.338422866146118
1994-01-29	8.723840795146653
1994-01-30	12.38932818823659
1994-01-31	17.493466219851356
1994-02-01	-0.19365345802786216
1994-02-02	-21.340771105100302
1994-02-03	-11.518482529377035
1994-02-04	-9.106264740466804
1994-02-05	11.924315402299825
1994-02-06	-17.114785908014987
1994-02-07	-29.022412626164535
1994-02-08	14.018740252147243
1994-02-09	21.782824899272615
1994-02-10	7.072663564624918
1994-02-11	-8.181501716417307
1994-02-12	3.3029913292108897
1994-02-13	-15.353884131583156
1994-02-14	-16.24180911492434
1994-02-15	-1.1096534080244695
1994-02-16	-27.410946510109888
1994-02-17	2.92878338178769
1994-02-18	8.734615671477401
1994-02-19	38.26305001702586
1994-02-20	13.877482738706574
1994-02-21	9.64251162198288
1994-02-22	-19.769597602723938
1994-02-23	8.71867768480386
1994-02-24	-4.577353434733219
1994-02-25	-28.370683677661955
1994-02-26	-0.9632141306236996
1994-02-27	5.48183354708089
1994-02-28	52.99679326092202
1994-03-01	15.895062212527973
1994-03-02	-9.670590289303847
1994-03-03	26.813551408726518
1994-03-04	17.311411765729463
1994-03-05	-18.19198449773077
1994-03-06	-0.49791001532388734
1994-03-07	25.88554015923975
1994-03-08	-12.43917939587439
1994-03-09	1.9083011976410063
1994-03-10	-5.1026113910654045
1994-03-11	4.217322892386333
1994-03-12	7.738974657122004
1994-03-13	38.61107690969163
1994-03-14	-8.649804036270417
1994-03-15	27.204127029841207
1994-03-16	-10.642323984687618
1994-03-17	-8.024172007499223
1994-03-18	-2.2349718068910196
1994-03-19	-13.209414468499968
1994-03-20	9.43968539401598
1994-03-21	14.509265240302382
1994-03-22	-7.514936346670654
1994-03-23	16.606980891833945
1994-03-24	19.604632844653914
1994-03-25	-17.065244307689557
1994-03-26	15.975480792763115
1994-03-27	-37.688654024380654
1994-03-28	10.041787873989012
1994-03-29	-16.41105041145811
1994-03-30	11.174373589470676
1994-03-31	-31.455113274315824
1994-04-01	-11.116661393007643
1994-04-02	-7.162715278659119
1994-04-03	2.581315088636369
1994-04-04	-30.192020580762428
1994-04-05	-10.35527615900513
1994-04-06	26.123552442904593
1994-04-07	7.711341384141417
1994-04-08	8.390234851276915
1994-04-09	-50.87948786627025
1994-04-10	-43.61671284726252
1994-04-11	-20.880732922198067
1994-04-12	36.50929395767126
1994-04-13	29.493503668539383
1994-04-14	18.974788131865786
1994-04-15	15.746570396819136
1994-04-16	11.834755530611167
1994-04-17	-9.700858764179786
1994-04-18	21.373749863242633
1994-04-19	1.5234426279924473
1994-04-20	36.03297544667573
1994-04-21	-19.600311189548414
1994-04-22	10.745928458402593
1994-04-23	-10.067655529930144
1994-04-24	18.48996035100449
1994-04-25	-18.654805755780206
1994-04-26	0.9559495008263144
1994-04-27	-24.925522095638385
1994-04-28	-38.10158223408112
1994-04-29	4.048655450235643
1994-04-30	10.522454854607854
1994-05-01	11.27753116990746
1994-05-02	16.868821253120313
1994-05-03	9.407318331513887
1994-05-04	5.236562790604492
1994-05-05	-18.02330890258151
1994-05-06	-12.45052846741109
1994-05-07	-15.956606016359247
1994-05-08	7.981863533903457
1994-05-09	-10.662869436008352
1994-05-10	0.5685159138852149
1994-05-11	-20.962798644770764
1994-05-12	-8.924483411940695
1994-05-13	-12.924914513062332
1994-05-14	19.963758308018814
1994-05-15	1.4230990206728262
1994-05-16	17.216110721471786
1994-05-17	1.8131980075445804
1994-05-18	-18.658607022631283
1994-05-19	-17.696984896009216
1994-05-20	-2.241878222494781
1994-05-21	-14.747775343997015
1994-05-22	12.122629025535469
1994-05-23	19.75626877727261
1994-05-24	20.831778541193646
1994-05-25	10.730430130761514
1994-05-26	44.77805555611329
1994-05-27	-28.23616559981579
1994-05-28	-14.031957401425913
1994-05-29	-39.362418497962246
1994-05-30	-0.9517192484635287
1994-05-31	-12.97337343289489
1994-06-01	35.06157349461053
1994-06-02	9.02354668660488
1994-06-03	-26.904213920125667
1994-06-04	7.672844929824429
1994-06-05	-32.97841764530543
1994-06-06	-27.47272543332308
1994-06-07	-1.6294270792316738
1994-06-08	1.1266284156842767
1994-06-09	-27.92581846547828
1994-06-10	-8.041304318099153
1994-06-11	-49.76398009596727
1994-06-12	-7.541821335545488
1994-06-13	-14.545732301821914
1994-06-14	15.437981668434924
1994-06-15	2.5605745330265006
1994-06-16	17.341760558587108
1994-06-17	25.235274873826718
1994-06-18	-5.288664350055712
1994-06-19	12.275238629593067
1994-06-20	-49.1308152435522
1994-06-21	-7.541715322254766
1994-06-22	-33.862695041847736
1994-06-23	10.965053158936112
1994-06-24	-35.73661315819721
1994-06-25	-16.35754905247488
1994-06-26	-6.754285407790142
1994-06-27	-17.99797165223653
1994-06-28	24.319568675972025
1994-06-29	15.284324876313889
1994-06-30	2.583202598294918
1994-07-01	35.70956757653393
1994-07-02	3.451677330966977
1994-07-03	-1.7582478818809881
1994-07-04	16.411993499794264
1994-07-05	13.154859456894597
1994-07-06	-18.021312941042854
1994-07-07	-11.12543099741197
1994-07-08	-20.21921189140613
1994-07-09	13.199528669378727
1994-07-10	-1.6458156942183584
1994-07-11	11.210825644044444
1994-07-12	-44.39653208529304
1994-07-13	4.629102319898619
1994-07-14	1.013976987154969
1994-07-15	-9.481385526107307
1994-07-16	24.64591607208032
1994-07-17	-16.782306178122194
1994-07-18	-37.66821030152797
1994-07-19	-1.0853885169403117
1994-07-20	13.769279284282028
1994-07-21	-13.658721043650022
1994-07-22	-15.917244169228528
1994-07-23	-5.497344833889872
1994-07-24	24.8681433004387
1994-07-25	2.3439394430519194
1994-07-26	-2.708654623339431
1994-07-27	-2.3845145329489466
1994-07-28	-28.931452776243503
1994-07-29	-4.4988422514311885
1994-07-30	-32.22328544874316
1994-07-31	-1.608841972481452
1994-08-01	-2.575831119867721
1994-08-02	7.090917713704086
1994-08-03	29.349416730325803
1994-08-04	-2.6758580870305853
1994-08-05	-6.7217410987778585
1994-08-06	16.233287760598188
1994-08-07	-3.919386586599175
1994-08-08	-12.003427187899115
1994-08-09	17.46407882455958
1994-08-10	2.9570163263625804
1994-08-11	32.25348553426205
1994-08-12	6.096290169019199
1994-08-13	35.521462072852216
1994-08-14	5.210170421238699
1994-08-15	19.48444867222331
1994-08-16	-11.929176956864723
1994-08-17	-19.38962445995664
1994-08-18	-5.492445682760636
1994-08-19	-23.91390272791766
1994-08-20	50.32788189998226
1994-08-21	8.1734171446695
1994-08-22	42.74280343881703
1994-08-23	-4.610852396338107
1994-08-24	13.890140530120433
1994-08-25	29.873591905234342
1994-08-26	-22.777125920277136
1994-08-27	-0.019382566450304894
1994-08-28	6.14098187152477
1994-08-29	8.164611272829541
1994-08-30	52.506234909289134
1994-08-31	-5.349459298716168
1994-09-01	29.552178986620483
1994-09-02	23.061472220163097
1994-09-03	-19.942933169343
1994-09-04	24.70197273453205
1994-09-05	-13.225389790494244
1994-09-06	56.39818651114694
1994-09-07	9.386457463348139
1994-09-08	2.607514654543471
1994-09-09	22.670522274436554
1994-09-10	-14.652847809041953
1994-09-11	20.225246083429607
1994-09-12	-3.7584012248885665
1994-09-13	3.7737736589711455
1994-09-14	-5.821898100635849
1994-09-15	25.285506329212026
1994-09-16	14.759483725060493
1994-09-17	-6.467758664816526
1994-09-18	-25.714840958763485
1994-09-19	15.63904738599505
1994-09-20	36.67912739168073
1994-09-21	11.916573192413507
1994-09-22	30.280888986572297
1994-09-23	-21.950882190010095
1994-09-24	-35.30806025685344
1994-09-25	-5.762608122457643
1994-09-26	2.218476201036818
1994-09-27	-8.600441027476556
1994-09-28	24.146889702894548
1994-09-29	36.05713909392708
1994-09-30	13.76760636666631
1994-10-01	20.786673334467796
1994-10-02	4.378382149024791
1994-10-03	14.546378402720212
1994-10-04	-9.509961506755362
1994-10-05	16.90263401019607
1994-10-06	-40.11632620301255
1994-10-07	-3.5024919208538146
1994-10-08	15.478403398046286
1994-10-09	5.247410984118099
1994-10-10	23.36822517639627
1994-10-11	4.402267390561744
1994-10-12	-39.92191784295867
1994-10-13	13.181985119151225
1994-10-14	3.000082136209846
1994-10-15	5.559234543566235
1994-10-16	45.71776806674249
1994-10-17	-10.65557180751666
1994-10-18	14.182488191119313
1994-10-19	13.01779373960383
1994-10-20	-5.484934034268509
1994-10-21	11.066141769105815
1994-10-22	14.531120350531364
1994-10-23	13.644580750811606
1994-10-24	-13.906735109169775
1994-10-25	29.51651680426153
1994-10-26	-8.50084141149737
1994-10-27	12.83828087047956
1994-10-28	0.5707761899241484
1994-10-29	0.8006735196587191
1994-10-30	4.5391139337841055
1994-10-31	40.07757428266621
1994-11-01	32.05127847244399
1994-11-02	2.8769271778051175
1994-11-03	-37.928851410035236
1994-11-04	-27.044381267382025
1994-11-05	-24.504208143052413
1994-11-06	5.244719553084932
1994-11-07	-11.989355497640618
1994-11-08	2.057362558650385
1994-11-09	3.1130771779893687
1994-11-10	4.160435050082286
1994-11-11	3.1126851447046198
1994-11-12	-0.6017440898856341
1994-11-13	6.537993824071064
1994-11-14	10.679269019101016
1994-11-15	-7.687538279368605
1994-11-16	0.38941487451646695
1994-11-17	-38.60722641135327
1994-11-18	19.959251040382277
1994-11-19	-13.482135385073308
1994-11-20	-55.18242224726108
1994-11-21	-23.63064321363881
1994-11-22	19.966384209684414
1994-11-23	-25.716151922639853
1994-11-24	50.06417445224298
1994-11-25	32.50405853554035
1994-11-26	-19.804385536953173
1994-11-27	32.85171918248246
1994-11-28	6.825086754500371
1994-11-29	-7.699384492206256
1994-11-30	6.525785671409811
1994-12-01	29.11401358007646
1994-12-02	8.797623939488679
1994-12-03	-2.4771662705888913
1994-12-04	2.345315193887055
1994-12-05	-9.269939956279439
1994-12-06	-23.131581033069914
1994-12-07	-39.239888545291684
1994-12-08	-11.904480756546105
1994-12-09	-16.676840974313766
1994-12-10	-3.191827889132476
1994-12-11	28.518662943551444
1994-12-12	-65.92923230949499
1994-12-13	6.665949174381448
1994-12-14	-8.460458048004753
1994-12-15	3.281419025538936
1994-12-16	-3.687355965215838
1994-12-17	3.2048174343639637
1994-12-18	12.40516676038878
1994-12-19	2.828678153126483
1994-12-20	-0.3607544192501133
1994-12-21	1.0646590022592939
1994-12-22	-29.358911081561725
1994-12-23	14.061272350961616
1994-12-24	34.40212820747503
1994-12-25	-8.83255879267347
1994-12-26	4.879049601352745
1994-12-27	-3.7000205542470166
1994-12-28	-15.270408795280243
1994-12-29	20.556670254211127
1994-12-30	-26.12172325437102
1994-12-31	17.407468774661346
1995-01-01	20.388219218231647
1995-01-02	34.02534138846537
1995-01-03	41.555876589518604
1995-01-04	-5.312598074181268
1995-01-05	-3.8423230266927018
1995-01-06	-31.790683731242616
1995-01-07	-2.2469934154418016
1995-01-08	14.097330039195226
1995-01-09	26.528808413073254
1995-01-10	-19.08837178423201
1995-01-11	7.373559178340644
1995-01-12	15.842953508986852
1995-01-13	17.778552003991017
1995-01-14	0.7134197091046545
1995-01-15	32.62100783757925
1995-01-16	0.05579835989478665
1995-01-17	30.019561122131147
1995-01-18	20.429792380770397
1995-01-19	33.44617020855148
1995-01-20	3.770548917343292
1995-01-21	2.590134250181693
1995-01-22	7.820752567717449
1995-01-23	15.803076152324039
1995-01-24	12.2539899114884
1995-01-25	-3.072769501383
1995-01-26	-8.090404782816735
1995-01-27	-10.485517475291621
1995-01-28	0.8110667831818825
1995-01-29	14.901430035059409
1995-01-30	31.72296351009328
1995-01-31	-8.03610702876356
1995-02-01	-7.044066534842697
1995-02-02	24.792707598782883
1995-02-03	-11.31831107636805
1995-02-04	30.980285184248093
1995-02-05	18.105152998577395
1995-02-06	34.48282008788017
1995-02-07	36.61694797522697
1995-02-08	-62.452734033220345
1995-02-09	13.100100936855622
1995-02-10	16.151780497432913
1995-02-11	-44.44267137890999
1995-02-12	20.409243486179996
1995-02-13	-27.61287245698638
1995-02-14	-26.584397787811938
1995-02-15	24.034321861174888
1995-02-16	-24.03519769160147
1995-02-17	29.409049665227123
1995-02-18	-12.12533466017493
1995-02-19	1.5944413700065758
1995-02-20	-14.17161927893785
1995-02-21	62.608876640833984
1995-02-22	-42.220719628622135
1995-02-23	-28.5390506045479
1995-02-24	-28.53152826541019
1995-02-25	-24.13380036604013
1995-02-26	-41.06368827883784
1995-02-27	27.746660051578196
1995-02-28	-4.469914231790471
1995-03-01	-16.80319783322788
1995-03-02	39.14955236909802
1995-03-03	-4.678401573117638
1995-03-04	-35.96532634147886
1995-03-05	4.3972918550388735
1995-03-06	-13.974903979503923
1995-03-07	-58.80666321258164
1995-03-08	-3.0927385875198015
1995-03-09	45.60719370463199
1995-03-10	15.913278924594854
1995-03-11	-6.1403862704946235
1995-03-12	-21.373533186593715
1995-03-13	6.310460464444643
1995-03-14	12.500461924083318
1995-03-15	-52.19422906302844
1995-03-16	21.56752926883842
1995-03-17	7.133833630095648
1995-03-18	-22.455870780290375
1995-03-19	-33.366647678163005
1995-03-20	6.359381829147343
1995-03-21	14.995779428718183
1995-03-22	3.003535312821925
1995-03-23	3.2239082445265526
1995-03-24	-8.565006792996293
1995-03-25	35.4779798667963
1995-03-26	8.27723415297714
1995-03-27	10.620800741744997
1995-03-28	12.386903329125316
1995-03-29	-26.644060654984283
1995-03-30	-6.3854099050104915
1995-03-31	4.9968908389607565
1995-04-01	-10.141158530660734
1995-04-02	31.087381653370166
1995-04-03	-2.385835910755066
1995-04-04	-6.89536994107184
1995-04-05	-29.721158268604434
1995-04-06	28.330724349147566
1995-04-07	-24.17806515131876
1995-04-08	-21.05687637572408
1995-04-09	18.727832929131797
1995-04-10	28.15286199667912
1995-04-11	2.3985731289999412
1995-04-12	-3.247519160566317
1995-04-13	4.2745895584205735
1995-04-14	-27.683585505388482
1995-04-15	-9.065988852447717
1995-04-16	-5.640061535848321
1995-04-17	-16.118888932252176
1995-04-18	-18.685763776244638
1995-04-19	15.205087712323893
1995-04-20	31.71736127316942
1995-04-21	3.6079574287058396
1995-04-22	-44.067409684018706
1995-04-23	-25.443829936533632
1995-04-24	33.31036792333105
1995-04-25	-17.57593591344923
1995-04-26	14.489790065074766
1995-04-27	16.39836931933212
1995-04-28	13.75251434344459
1995-04-29	-38.541613303546086
1995-04-30	28.32471789409088
1995-05-01	23.43261995746526
1995-05-02	-35.06469590057805
1995-05-03	49.43519558472824
1995-05-04	-3.2814196757580767
1995-05-05	28.016431383641866
1995-05-06	-34.57766657177229
1995-05-07	23.377872084962426
1995-05-08	15.139477162394645
1995-05-09	23.26340274868477
1995-05-10	-11.727641875594918
1995-05-11	-29.368391413427737
1995-05-12	43.067980179494874
1995-05-13	9.306776615449873
1995-05-14	-19.513491414323358
1995-05-15	39.69429798812686
1995-05-16	-13.594594340401931
1995-05-17	-8.092356637998563
1995-05-18	-13.323927969214674
1995-05-19	-3.027657803060184
1995-05-20	-12.127179143212429
1995-05-21	45.18241942647187
1995-05-22	-15.83532750296116
1995-05-23	-16.289054996224657
1995-05-24	-18.871419019845998
1995-05-25	-22.988968794798108
1995-05-26	29.957873713824622
1995-05-27	12.720677042447415
1995-05-28	37.367070708999414
1995-05-29	10.434085619903271
1995-05-30	36.83651078701132
1995-05-31	-14.63866920469154
1995-06-01	16.220422241434676
1995-06-02	12.153636829974179
1995-06-03	20.01706669053668
1995-06-04	25.515846734715193
1995-06-05	16.81417603004376
1995-06-06	9.170042628492032
1995-06-07	20.25595166299476
1995-06-08	-7.509352637210998
1995-06-09	-0.3987628946093891
1995-06-10	25.228165497895915
1995-06-11	33.571379051968016
1995-06-12	-7.559817979407683
1995-06-13	0.6831455610672689
1995-06-14	24.39213120148726
1995-06-15	-18.641650940014113
1995-06-16	-1.7634253476052983
1995-06-17	-28.946082769608385
1995-06-18	29.138363359210864
1995-06-19	-24.212170206724444
1995-06-20	-3.1014720698533056
1995-06-21	-14.09335201304717
1995-06-22	16.077043893690124
1995-06-23	-18.298362567248233
1995-06-24	27.261360807748144
1995-06-25	-1.9221742400750121
1995-06-26	-1.2076414917402702
1995-06-27	17.537294406276004
1995-06-28	-5.0271900138421195
1995-06-29	-31.61967009086034
1995-06-30	35.485808132686685
1995-07-01	-19.835745403165514
1995-07-02	9.381503999183247
1995-07-03	4.647779790794774
1995-07-04	2.0150465156659747
1995-07-05	25.707343685195923
1995-07-06	14.939874949873593
1995-07-07	3.320491710628266
1995-07-08	36.6879266817826
1995-07-09	-6.101283860331813
1995-07-10	0.03294349378204953
1995-07-11	-22.976578675219972
1995-07-12	6.23829585140035
1995-07-13	-18.91816534263362
1995-07-14	12.884193602560341
1995-07-15	-3.8986643056324333
1995-07-16	-25.363267521827222
1995-07-17	28.393524458312328
1995-07-18	29.267655451046917
1995-07-19	-5.077083351476263
1995-07-20	-8.718208906260235
1995-07-21	7.357772887447132
1995-07-22	-22.259477807425817
1995-07-23	39.90941199265356
1995-07-24	8.151824871168445
1995-07-25	-25.998789809978465
1995-07-26	-31.91782842914118
1995-07-27	23.968587900620896
1995-07-28	-11.640293948974032
1995-07-29	36.53676593082426
1995-07-30	-32.970842928126075
1995-07-31	43.817232492398325
1995-08-01	-13.883046292181064
1995-08-02	10.219176380069456
1995-08-03	-41.82989922849748
1995-08-04	50.48201275344726
1995-08-05	37.318048095164066
1995-08-06	-10.854338171115351
1995-08-07	12.930064713111921
1995-08-08	-29.47201124099447
1995-08-09	27.007751685709586
1995-08-10	-6.714444083519247
1995-08-11	6.41721146530013
1995-08-12	3.6541459164969776
1995-08-13	-4.075003158396202
1995-08-14	7.01328809799795
1995-08-15	-23.49462945648157
1995-08-16	-1.435010910183961
1995-08-17	-8.709249919738
1995-08-18	22.434682442457188
1995-08-19	36.58920720776528
1995-08-20	-3.351212623029868
1995-08-21	31.466714735349413
1995-08-22	5.622425989244886
1995-08-23	-13.976978335463173
1995-08-24	-13.550301173068261
1995-08-25	-4.909247554752657
1995-08-26	6.827807095651939
1995-08-27	-6.0165912591611965
1995-08-28	31.625469043358216
1995-08-29	-3.3412262404638247
1995-08-30	-0.37990904009603854
1995-08-31	-8.95635689445381
1995-09-01	36.885120601856215
1995-09-02	-17.75181857180993
1995-09-03	-0.9149603644576509
1995-09-04	-1.3797755272485908
1995-09-05	22.308981516553736
1995-09-06	14.475902536410599
1995-09-07	30.98476217255028
1995-09-08	-8.999229365722668
1995-09-09	10.33053598968753
1995-09-10	-8.841833755421705
1995-09-11	14.293331699954129
1995-09-12	-5.596319713905347
1995-09-13	-16.475378691992688
1995-09-14	35.29399708874721
1995-09-15	17.524269022650017
1995-09-16	33.53675473309859
1995-09-17	-15.688492286928078
1995-09-18	-16.48754967777791
1995-09-19	-1.91410917270472
1995-09-20	3.734745772431528
1995-09-21	12.975448869794151
1995-09-22	7.799478573759037
1995-09-23	-18.10914557064346
1995-09-24	15.041935223417722
1995-09-25	15.123360710875549
1995-09-26	-2.9921398940713084
1995-09-27	14.002821633933015
1995-09-28	40.37584948720116
1995-09-29	5.371474709951208
1995-09-30	7.813218571966709
1995-10-01	36.658105406293
1995-10-02	10.676693421370233
1995-10-03	18.029577592500594
1995-10-04	6.019138449655668
1995-10-05	-4.87183621363526
1995-10-06	-45.68966747483389
1995-10-07	-3.758351584272452
1995-10-08	-12.183876565977982
1995-10-09	9.448526670126698
1995-10-10	-36.75903790898582
1995-10-11	39.647321825196705
1995-10-12	16.100071395631993
1995-10-13	-16.81866141625907
1995-10-14	8.36316020516431
1995-10-15	21.462634662523953
1995-10-16	-2.30622563691153
1995-10-17	14.400883389267936
1995-10-18	0.9876049299654336
1995-10-19	39.9763329317963
1995-10-20	20.400671173030755
1995-10-21	-16.31355384060897
1995-10-22	-15.556239755171958
1995-10-23	11.085471132006973
1995-10-24	-2.7264983340262745
1995-10-25	-11.499272461490568
1995-10-26	65.41218227156791
1995-10-27	41.87941792510425
1995-10-28	-10.29926045351611
1995-10-29	-22.87309982035236
1995-10-30	-14.846464069389022
1995-10-31	-0.6049144983506154
1995-11-01	22.565395907769936
1995-11-02	8.335451048554587
1995-11-03	-10.540838194443786
1995-11-04	-47.695469811046856
1995-11-05	14.828640660359598
1995-11-06	-8.805120651095251
1995-11-07	-22.15661993268476
1995-11-08	-7.377976464249846
1995-11-09	16.834022496510908
1995-11-10	2.0564823417762397
1995-11-11	29.662700740805498
1995-11-12	-18.419845683039924
1995-11-13	23.928875822758172
1995-11-14	-31.393236641872093
1995-11-15	-36.672980815282514
1995-11-16	-11.533643306982597
1995-11-17	16.729780028030444
1995-11-18	25.295363265933453
1995-11-19	25.641287720253946
1995-11-20	-12.914284647918254
1995-11-21	25.720774779816384
1995-11-22	-29.075771358978727
1995-11-23	17.339648830999582
1995-11-24	0.5404794283088787
1995-11-25	4.233564181992744
1995-11-26	-16.734287134284322
1995-11-27	13.077364140959862
1995-11-28	-7.997076340186467
1995-11-29	1.0279977416987889
1995-11-30	31.673103654279377
1995-12-01	21.656010397646796
1995-12-02	19.632562673990414
1995-12-03	18.59989133599972
1995-12-04	25.916594161857574
1995-12-05	18.199894233070072
1995-12-06	14.713592507724288
1995-12-07	-18.859013323509235
1995-12-08	24.081407988704424
1995-12-09	7.21814283770184
1995-12-10	-3.2976882319293015
1995-12-11	-24.178409097542858
1995-12-12	15.633345153435805
1995-12-13	-8.94655946953603
1995-12-14	22.747035830989663
1995-12-15	-8.29944828545149
1995-12-16	-7.702865013830873
1995-12-17	-23.43352404573931
1995-12-18	-18.87853577012692
1995-12-19	-4.411237975207781
1995-12-20	32.41338618550602
1995-12-21	-40.25583373324496
1995-12-22	28.289117246822947
1995-12-23	14.290637496175787
1995-12-24	-19.98124381555144
1995-12-25	-30.609247354613245
1995-12-26	-41.16488386678487
1995-12-27	-10.836018056308141
1995-12-28	17.058272260256594
1995-12-29	-7.154978878861478
1995-12-30	19.49444153932149
1995-12-31	-2.7847172600042294
1996-01-01	-18.300405595156352
1996-01-02	31.350483916892628
1996-01-03	33.315355996262646
1996-01-04	18.216801676318905
1996-01-05	52.34360531751869
1996-01-06	18.790066952279375
1996-01-07	27.996754787935743
1996-01-08	12.493914096646753
1996-01-09	-2.653404632833804
1996-01-10	-7.350874161235282
1996-01-11	-17.434355653045962
1996-01-12	-6.007592876504705
1996-01-13	16.994172617999066
1996-01-14	-16.296264327334278
1996-01-15	-10.080274138382904
1996-01-16	26.23918028745393
1996-01-17	9.23673954540859
1996-01-18	-7.821450764421803
1996-01-19	12.796687461550254
1996-01-20	-11.6932580563255
1996-01-21	-17.689261682598044
1996-01-22	9.067696040724833
1996-01-23	-2.5101987574879914
1996-01-24	13.520937184828806
1996-01-25	8.149750009380872
1996-01-26	26.078159671006688
1996-01-27	6.37325806968427
1996-01-28	23.101193556587045
1996-01-29	-33.859118439582915
1996-01-30	29.229555929609262
1996-01-31	17.59040081302097
1996-02-01	-19.79913766488234
1996-02-02	14.451330547438204
1996-02-03	17.811383711118733
1996-02-04	-29.47479085265043
1996-02-05	-57.00603217934025
1996-02-06	-6.140113615249096
1996-02-07	7.5322011901505626
1996-02-08	-32.578763674159866
1996-02-09	12.660216000372136
1996-02-10	-6.398681134768604
1996-02-11	81.2530726697632
1996-02-12	1.2833228885707508
1996-02-13	-36.45147901437429
1996-02-14	-8.245536250061296
1996-02-15	12.009212641889421
1996-02-16	22.87503753642165
1996-02-17	7.393670601552143
1996-02-18	-9.00456172564733
1996-02-19	6.412657331688856
1996-02-20	-12.596303621193137
1996-02-21	11.206302651684698
1996-02-22	8.386893961391866
1996-02-23	13.111269716695896
1996-02-24	27.813938189933392
1996-02-25	14.526696661247833
1996-02-26	4.695427921012658
1996-02-27	9.576275612360659
1996-02-28	45.71508412099774
1996-02-29	-13.322698352176593
1996-03-01	12.789495684735165
1996-03-02	-27.970268809222002
1996-03-03	15.840758928116628
1996-03-04	-5.746841026886493
1996-03-05	-29.586640550085544
1996-03-06	-6.267363425636287
1996-03-07	20.044090971627213
1996-03-08	-2.6086752208588937
1996-03-09	31.651509473337388
1996-03-10	17.706993743044475
1996-03-11	-27.814427347110282
1996-03-12	26.158179670819578
1996-03-13	-11.266701752692635
1996-03-14	5.458461405158542
1996-03-15	-28.201725676193803
1996-03-16	-18.212741070353363
1996-03-17	28.238917394929125
1996-03-18	18.86912689546038
1996-03-19	9.785471690206593
1996-03-20	2.1897547104140433
1996-03-21	32.77367002777274
1996-03-22	4.917197003251595
1996-03-23	44.946792869470094
1996-03-24	21.923615583748322
1996-03-25	-7.529071269609396
1996-03-26	2.6692493110749016
1996-03-27	16.574901576661688
1996-03-28	42.7824775035179
1996-03-29	-28.255073058767756
1996-03-30	32.99535779488761
1996-03-31	-22.03383758850361
1996-04-01	37.96382871558499
1996-04-02	-46.957674864463755
1996-04-03	2.7097943298014604
1996-04-04	6.856137077830481
1996-04-05	21.055430795379852
1996-04-06	-15.314830332995264
1996-04-07	-28.352491778989005
1996-04-08	-27.981397832200344
1996-04-09	-30.45647109027797
1996-04-10	-31.53324013193187
1996-04-11	1.9844303557998109
1996-04-12	11.915230875705804
1996-04-13	-8.87556151870104
1996-04-14	-31.3412102191623
1996-04-15	-15.21716406011997
1996-04-16	22.667827206627535
1996-04-17	35.449585219288515
1996-04-18	-13.180600803129023
1996-04-19	-5.085850017524318
1996-04-20	-7.747160865257152
1996-04-21	-1.0420070317605192
1996-04-22	-5.4976073905528295
1996-04-23	38.335531857159935
1996-04-24	3.1313108590543832
1996-04-25	27.826717691429703
1996-04-26	-10.523364911320757
1996-04-27	11.400927915510533
1996-04-28	32.56559262137658
1996-04-29	-12.32340384658584
1996-04-30	-34.916438623448805
1996-05-01	1.6725855206103821
1996-05-02	29.33558491012933
1996-05-03	-2.6134263012543952
1996-05-04	16.481363300553845
1996-05-05	8.31316782163117
1996-05-06	0.3668323364307553
1996-05-07	8.839873263998745
1996-05-08	-12.261341322253772
1996-05-09	1.7852165865697276
1996-05-10	-6.4879101658910745
1996-05-11	-22.085158163017095
1996-05-12	-12.627804648842854
1996-05-13	12.140972451237667
1996-05-14	0.9912358670750351
1996-05-15	-15.036211597656067
1996-05-16	-23.206533348938137
1996-05-17	19.94848293715041
1996-05-18	20.640766342135255
1996-05-19	-19.433852085047604
1996-05-20	-12.073239933501192
1996-05-21	2.7746169564012817
1996-05-22	-12.357162656198536
1996-05-23	1.92842360151993
1996-05-24	-4.84060378514388
1996-05-25	-20.169698086713655
1996-05-26	23.924682801562472
1996-05-27	54.41867420218206
1996-05-28	11.1042111492839
1996-05-29	5.32682497635815
1996-05-30	29.736371318837065
1996-05-31	-12.270314362289025
1996-06-01	7.394619709113304
1996-06-02	-18.042356444933134
1996-06-03	-18.717189116672234
1996-06-04	-3.5632977192786317
1996-06-05	36.4837116498091
1996-06-06	21.89345631667998
1996-06-07	-6.193146956125809
1996-06-08	10.053154148825174
1996-06-09	0.7560377534699916
1996-06-10	-31.57872939550424
1996-06-11	7.829393491820947
1996-06-12	24.893978942546294
1996-06-13	-38.04706699270039
1996-06-14	-16.462476000117107
1996-06-15	0.33753542732087705
1996-06-16	1.4567007165140562
1996-06-17	-27.268883111715752
1996-06-18	-24.39991801123311
1996-06-19	-5.6615487137700695
1996-06-20	-26.058480461638002
1996-06-21	18.860419405463027
1996-06-22	32.599819916721934
1996-06-23	-67.82561066178171
1996-06-24	-55.61484088001003
1996-06-25	30.07979152157783
1996-06-26	-6.369301318019116
1996-06-27	-1.4896607543322482
1996-06-28	1.6494004980762988
1996-06-29	15.670386524605401
1996-06-30	-17.935684569156997
1996-07-01	-5.939220251968109
1996-07-02	-16.320651427596896
1996-07-03	36.61895827388458
1996-07-04	-38.08123726096797
1996-07-05	44.82998069436657
1996-07-06	29.64174055721914
1996-07-07	-30.251081413215484
1996-07-08	29.543447864257814
1996-07-09	8.50231610562795
1996-07-10	19.49146585719416
1996-07-11	-8.088116185320679
1996-07-12	7.083867738564911
1996-07-13	-2.8696072598503246
1996-07-14	-32.608258207930994
1996-07-15	9.48228372382484
1996-07-16	-14.862803674140189
1996-07-17	4.852139854253504
1996-07-18	-27.382535743282364
1996-07-19	-12.554558371245125
1996-07-20	49.40840010476125
1996-07-21	-19.53848140385756
1996-07-22	20.40806618720038
1996-07-23	-26.549843343208188
1996-07-24	25.381490643047876
1996-07-25	14.735533736803688
1996-07-26	7.146905212277943
1996-07-27	-24.800573129946425
1996-07-28	-1.3620158043084907
1996-07-29	-17.101675692758572
1996-07-30	2.3688484230069244
1996-07-31	-5.685451071355458
1996-08-01	5.349170829481143
1996-08-02	-7.767833626878243
1996-08-03	-1.3013208530261966
1996-08-04	4.085082953094619
1996-08-05	10.4426023266785
1996-08-06	-9.262741123287658
1996-08-07	-39.33633430851842
1996-08-08	20.836595684777436
1996-08-09	-6.850523510067495
1996-08-10	11.204676886362176
1996-08-11	41.42290599053711
1996-08-12	6.0608416384730655
1996-08-13	3.821519796895915
1996-08-14	-28.176093814620888
1996-08-15	33.797959503082005
1996-08-16	-20.938531338006957
1996-08-17	5.396373531697846
1996-08-18	1.4407481882491755
1996-08-19	5.867781199238482
1996-08-20	-15.70368510854643
1996-08-21	-14.162094767200022
1996-08-22	46.649773181876476
1996-08-23	8.52745331674135
1996-08-24	-28.955662865337498
1996-08-25	8.467976050449417
1996-08-26	-10.470211386167621
1996-08-27	-3.5914387947590978
1996-08-28	5.2141847520685385
1996-08-29	50.07226293671321
1996-08-30	6.264217076480175
1996-08-31	10.504925759345243
1996-09-01	-4.579654333996999
1996-09-02	0.33409918321600907
1996-09-03	-25.367842803973335
1996-09-04	-18.161957465563766
1996-09-05	3.314480919176657
1996-09-06	3.527754790631726
1996-09-07	15.765409049915188
1996-09-08	49.01784525206457
1996-09-09	-18.81177410571176
1996-09-10	-2.326075716338674
1996-09-11	0.5659578755172252
1996-09-12	3.6637386265345944
1996-09-13	11.103951925453266
1996-09-14	-4.937787482545647
1996-09-15	-28.17998491824572
1996-09-16	20.669007827644354
1996-09-17	26.65002589910217
1996-09-18	-0.9724849922441465
1996-09-19	27.976939342019165
1996-09-20	-8.270075696150453
1996-09-21	-32.71872484972922
1996-09-22	15.16313723461598
1996-09-23	5.432582109752381
1996-09-24	-23.076353658332
1996-09-25	-30.19955593002657
1996-09-26	-6.19709006042597
1996-09-27	10.759992463695411
1996-09-28	-1.7612162412478802
1996-09-29	14.427243303799385
1996-09-30	-21.110445340227425
1996-10-01	7.602243449495937
1996-10-02	-30.921842945589084
1996-10-03	-30.24377707003131
1996-10-04	13.287136128906777
1996-10-05	9.272974069775325
1996-10-06	-23.732018391989
1996-10-07	19.33792985683556
1996-10-08	25.89995816572406
1996-10-09	-22.491506351398332
1996-10-10	-41.78978544086913
1996-10-11	-10.155148472807287
1996-10-12	-1.0274064028091028
1996-10-13	-33.431352184044854
1996-10-14	22.267945358124045
1996-10-15	-14.35026389571322
1996-10-16	-4.918790993555398
1996-10-17	-2.5752463521882927
1996-10-18	7.269572182706375
1996-10-19	-28.46314203120277
1996-10-20	18.674785757261027
1996-10-21	72.36102676345365
1996-10-22	-21.752007008103533
1996-10-23	0.11844634809659071
1996-10-24	-22.87357327463709
1996-10-25	-4.017581803260131
1996-10-26	13.23521935525268
1996-10-27	-20.282523383683078
1996-10-28	-34.05413776547729
1996-10-29	3.7625033165830155
1996-10-30	-5.665107351432553
1996-10-31	24.049459208455737
1996-11-01	32.68277519805778
1996-11-02	19.021425905452563
1996-11-03	7.897034696956381
1996-11-04	-11.88053040049141
1996-11-05	19.419063355130113
1996-11-06	3.5639007197272603
1996-11-07	-0.5214521471123803
1996-11-08	-24.76037148528028
1996-11-09	-16.038232230479537
1996-11-10	-6.198982219153375
1996-11-11	7.134988691220734
1996-11-12	15.95710297659689
1996-11-13	-9.097118921177032
1996-11-14	5.295117168550229
1996-11-15	2.13576918346023
1996-11-16	-26.43203193376091
1996-11-17	0.9399939915778351
1996-11-18	32.20575947390631
1996-11-19	-26.226650982286525
1996-11-20	8.527086276690913
1996-11-21	17.11071057192236
1996-11-22	14.687030063993486
1996-11-23	-22.611492335353287
1996-11-24	9.565923747478653
1996-11-25	-35.87035619646438
1996-11-26	-8.379645912431648
1996-11-27	15.749974854057381
1996-11-28	-10.036768672536121
1996-11-29	16.448067921754078
1996-11-30	-39.66543200030293
1996-12-01	-7.399325442779036
1996-12-02	6.0349814189862885
1996-12-03	3.6233703101302117
1996-12-04	7.199574924550445
1996-12-05	-8.33254657540498
1996-12-06	-4.301363755318848
1996-12-07	-30.45018127874211
1996-12-08	-2.044464039540756
1996-12-09	18.87548262083596
1996-12-10	5.485051604839347
1996-12-11	-14.063818946639808
1996-12-12	11.25310075333507
1996-12-13	-40.71031805309924
1996-12-14	-21.61806926756983
1996-12-15	22.16423083428561
1996-12-16	-10.745894303490427
1996-12-17	-27.959532275822625
1996-12-18	-30.509541896454422
1996-12-19	3.5979968029742215
1996-12-20	-26.1319106467865
1996-12-21	25.42991622617524
1996-12-22	35.11057445506011
1996-12-23	1.1645937296865667
1996-12-24	20.091452798534807
1996-12-25	2.1798876635251894
1996-12-26	-24.290268373274582
1996-12-27	-42.30811025045495
1996-12-28	17.896624495247046
1996-12-29	2.2992220971169472
1996-12-30	10.95581474929268
1996-12-31	-54.67288949888312
1997-01-01	20.988967880198143
1997-01-02	15.636362794830006
1997-01-03	-8.666712358274907
1997-01-04	8.717839989006965
1997-01-05	-48.3857615552665
1997-01-06	4.132663720977281
1997-01-07	-16.33543783846642
1997-01-08	-31.745318570812657
1997-01-09	3.205889515802726
1997-01-10	5.629423177705965
1997-01-11	15.239407084261583
1997-01-12	45.29746411614625
1997-01-13	5.030028402889644
1997-01-14	-14.099096856236589
1997-01-15	-4.1491006332065
1997-01-16	-17.893438778389566
1997-01-17	9.315857327889631
1997-01-18	-3.008575028353092
1997-01-19	11.913334574607282
1997-01-20	22.65593559454156
1997-01-21	-0.8280018522328183
1997-01-22	-22.05331921053324
1997-01-23	14.166085203728978
1997-01-24	2.6020545799105523
1997-01-25	50.750613390376614
1997-01-26	-2.188968754651838
1997-01-27	28.708157116329627
1997-01-28	0.38782409549057806
1997-01-29	1.644750117190676
1997-01-30	-6.566561626370329
1997-01-31	-10.198004811902432
1997-02-01	30.597472373690085
1997-02-02	-19.975603861128953
1997-02-03	14.184643841094184
1997-02-04	11.578856230639534
1997-02-05	43.9289204841969
1997-02-06	20.630205766315072
1997-02-07	-18.581359268825764
1997-02-08	-16.92090686746254
1997-02-09	-15.620400025018352
1997-02-10	-7.3812485777527055
1997-02-11	-8.473634627036034
1997-02-12	-10.172135405560814
1997-02-13	-15.676269412373944
1997-02-14	2.0544504653232143
1997-02-15	9.529489653274593
1997-02-16	-35.11705017442181
1997-02-17	1.9705103316276888
1997-02-18	-11.9016351527597
1997-02-19	-11.25975507392928
1997-02-20	1.0033605208177172
1997-02-21	56.10345975941891
1997-02-22	5.767531756278488
1997-02-23	-7.62948337642251
1997-02-24	2.766672294198071
1997-02-25	-27.774580358007725
1997-02-26	27.407035674711448
1997-02-27	-8.163638858708339
1997-02-28	5.0108818876330705
1997-03-01	-6.0352186391835625
1997-03-02	53.111859996255546
1997-03-03	-5.344055212465332
1997-03-04	8.171574155353863
1997-03-05	8.710984097169428
1997-03-06	-1.1777447336983828
1997-03-07	-12.673278061146268
1997-03-08	-32.15134990589442
1997-03-09	4.106776911330974
1997-03-10	-23.38490218489511
1997-03-11	9.984387536562908
1997-03-12	18.09540430043441
1997-03-13	-16.470413824464
1997-03-14	22.480401926810536
1997-03-15	27.84157295763458
1997-03-16	22.092995609230837
1997-03-17	27.246724756967748
1997-03-18	38.49179556489518
1997-03-19	5.778304957800503
1997-03-20	-32.02590465355451
1997-03-21	10.412245230275554
1997-03-22	0.43593437865332973
1997-03-23	-32.552817713469544
1997-03-24	-5.1358599094163795
1997-03-25	13.450069317871257
1997-03-26	-4.02996005538692
1997-03-27	20.721953620452574
1997-03-28	-7.594230384770663
1997-03-29	-14.966491131290661
1997-03-30	-30.205912217122997
1997-03-31	22.880296706439598
1997-04-01	-6.520076351232082
1997-04-02	8.467051191543952
1997-04-03	-1.3423956841984965
1997-04-04	22.96608095524492
1997-04-05	-5.990061701261882
1997-04-06	11.916099122530799
1997-04-07	-11.226844292282111
1997-04-08	-38.01815606445491
1997-04-09	25.174205382867015
1997-04-10	-8.791276816690678
1997-04-11	4.058145457642103
1997-04-12	33.94997116746116
1997-04-13	-45.9928990785153
1997-04-14	9.307499399897415
1997-04-15	-17.335881413461006
1997-04-16	-20.152168271221836
1997-04-17	-6.130812611655039
1997-04-18	-10.625930266489275
1997-04-19	10.419997621591442
1997-04-20	6.463567735184573
1997-04-21	-18.930441235938666
1997-04-22	-2.4275483630711525
1997-04-23	-17.65877620616082
1997-04-24	38.55310580845897
1997-04-25	6.212091180786147
1997-04-26	-11.585939919506414
1997-04-27	20.141048468057264
1997-04-28	33.00962554999317
1997-04-29	-17.424287039981653
1997-04-30	9.9259217688857
1997-05-01	-24.66479716778614
1997-05-02	13.330415167432974
1997-05-03	7.856371964749327
1997-05-04	-51.26053647820144
1997-05-05	-1.102152949329904
1997-05-06	15.12717182156405
1997-05-07	-35.38161987709275
1997-05-08	-1.7122824414753228
1997-05-09	8.833833333808913
1997-05-10	-31.030448214922245
1997-05-11	-37.49631960894223
1997-05-12	22.011231098964217
1997-05-13	5.465599240185471
1997-05-14	24.787735029734243
1997-05-15	14.755453504610667
1997-05-16	17.94874598671039
1997-05-17	23.838479468907448
1997-05-18	-2.7739317249049353
1997-05-19	-23.276105395002798
1997-05-20	-28.80498653591324
1997-05-21	-17.90406148142417
1997-05-22	-30.79307391058261
1997-05-23	-28.733473570230252
1997-05-24	-8.645357758635758
1997-05-25	-33.194164084259064
1997-05-26	-47.57984860728139
1997-05-27	15.400408171471955
1997-05-28	-34.39961727288013
1997-05-29	37.51719076525834
1997-05-30	81.0480351440857
1997-05-31	9.955613121549494
1997-06-01	41.10062718116977
1997-06-02	17.936357764473076
1997-06-03	-3.2089754594365516
1997-06-04	-16.24755313671238
1997-06-05	2.2345917036998504
1997-06-06	25.517130527999065
1997-06-07	29.24988508713337
1997-06-08	51.99304275457403
1997-06-09	-11.21082580433021
1997-06-10	-41.44091972591202
1997-06-11	19.4276633972213
1997-06-12	30.79929305819964
1997-06-13	14.907241839157404
1997-06-14	32.03500756387467
1997-06-15	-7.1061364704094245
1997-06-16	-4.284359152151256
1997-06-17	-51.982597874322245
1997-06-18	14.2814097155458
1997-06-19	-20.472082468912888
1997-06-20	-30.12422766576751
1997-06-21	30.532558356684923
1997-06-22	23.88378772879046
1997-06-23	22.49086299308081
1997-06-24	29.16758011399601
1997-06-25	-5.666379781584538
1997-06-26	20.944678565367976
1997-06-27	-11.539550651355762
1997-06-28	-21.678589860107987
1997-06-29	-26.078449078189593
1997-06-30	31.345740764637203
1997-07-01	-3.6729495556693585
1997-07-02	-9.450141068822905
1997-07-03	2.9822123091364885
1997-07-04	-36.11485967719791
1997-07-05	1.159779241001301
1997-07-06	-30.82583313406549
1997-07-07	-9.442769325689925
1997-07-08	19.026288627617188
1997-07-09	14.185757994920591
1997-07-10	3.1729862881291675
1997-07-11	14.523207569224377
1997-07-12	1.0031919483941087
1997-07-13	25.1771264422647
1997-07-14	6.856066639639349
1997-07-15	5.115234447031763
1997-07-16	0.4146201464531437
1997-07-17	-28.733679459952796
1997-07-18	35.99426698574427
1997-07-19	9.73858635346933
1997-07-20	-4.452009635527079
1997-07-21	-4.101515103963594
1997-07-22	-21.01613094161773
1997-07-23	-60.098029744787326
1997-07-24	14.432000998592432
1997-07-25	6.254954642150568
1997-07-26	3.46715953075768
1997-07-27	-18.123126613000263
1997-07-28	9.7457795611969
1997-07-29	27.67174679459079
1997-07-30	-25.622957489862326
1997-07-31	-15.03852279550646
1997-08-01	13.766908000064907
1997-08-02	26.843560324899425
1997-08-03	-11.16591335490174
1997-08-04	-39.23851687267427
1997-08-05	-9.226337704162118
1997-08-06	32.21927807985576
1997-08-07	-14.907382599105423
1997-08-08	-16.01602209491571
1997-08-09	20.846342927852998
1997-08-10	5.245653148775928
1997-08-11	41.033432920537244
1997-08-12	-6.810452033464518
1997-08-13	19.542667681118974
1997-08-14	33.919158551887215
1997-08-15	-10.026058412832164
1997-08-16	6.391273806036921
1997-08-17	-0.362316359345219
1997-08-18	-15.552499784274907
1997-08-19	-40.14797223775238
1997-08-20	36.81406302926283
1997-08-21	12.089841483360425
1997-08-22	-7.826460127750556
1997-08-23	14.130184565371467
1997-08-24	37.16401703828277
1997-08-25	2.4822522624333203
1997-08-26	6.605690625014032
1997-08-27	-0.34642470257534597
1997-08-28	-8.703073728441751
1997-08-29	-21.906349479774885
1997-08-30	-0.6615089736607163
1997-08-31	28.263612262015535
1997-09-01	-6.972536641712586
1997-09-02	20.042042747842697
1997-09-03	-2.9223028425984623
1997-09-04	20.3276516717282
1997-09-05	36.99121088182994
1997-09-06	-34.56879341454724
1997-09-07	3.0353850988260547
1997-09-08	20.809764563273625
1997-09-09	3.1079628610871044
1997-09-10	15.67942895519906
1997-09-11	-28.278976914765153
1997-09-12	38.75459820881829
1997-09-13	-4.4674337412291685
1997-09-14	2.692222243748186
1997-09-15	-11.908972877709935
1997-09-16	36.450072033903844
1997-09-17	5.563659844424467
1997-09-18	12.358091628665717
1997-09-19	5.83675181829407
1997-09-20	63.06629137844125
1997-09-21	-6.569576118247279
1997-09-22	20.73525157004242
1997-09-23	3.2919832754174614
1997-09-24	-35.03392952833881
1997-09-25	26.056657215101666
1997-09-26	4.062808696180102
1997-09-27	-19.48733433122583
1997-09-28	27.75708229649235
1997-09-29	36.293078202500354
1997-09-30	25.07956050985502
1997-10-01	28.29470135710891
1997-10-02	9.942839226331696
1997-10-03	-7.004691990816706
1997-10-04	58.323754704777215
1997-10-05	-46.0204975534001
1997-10-06	-33.86207534499765
1997-10-07	-48.927775269914754
1997-10-08	4.284463417062261
1997-10-09	4.245818452351442
1997-10-10	25.32596635229032
1997-10-11	-16.06864222177131
1997-10-12	-17.974896146016352
1997-10-13	0.2789980947009921
1997-10-14	-17.065181003690707
1997-10-15	1.0100097789921252
1997-10-16	15.196974771920033
1997-10-17	39.947839011163765
1997-10-18	2.3094703102455485
1997-10-19	12.161574413684354
1997-10-20	-18.138556567223333
1997-10-21	1.0021323971793505
1997-10-22	-14.53026602021498
1997-10-23	3.9823328927656165
1997-10-24	17.263845497608564
1997-10-25	-2.08255357040301
1997-10-26	-11.964071774964903
1997-10-27	33.51691789340835
1997-10-28	22.915808755787676
1997-10-29	-1.1453977079405682
1997-10-30	3.178797109327431
1997-10-31	-3.97973802960181
1997-11-01	3.863900060000357
1997-11-02	-3.474092254916701
1997-11-03	20.122348489804445
1997-11-04	-1.645703754755966
1997-11-05	2.324652015963669
1997-11-06	-3.863949327947738
1997-11-07	37.15407997996407
1997-11-08	15.379241534980238
1997-11-09	23.8509090976062
1997-11-10	-11.482719820362366
1997-11-11	-10.107629745184083
1997-11-12	10.437114104802685
1997-11-13	-16.064203049692306
1997-11-14	5.5787267489570525
1997-11-15	17.357576390627344
1997-11-16	22.024774321561672
1997-11-17	-27.183105109325627
1997-11-18	-7.561650025784552
1997-11-19	12.361299102769097
1997-11-20	-5.419848036298022
1997-11-21	0.012194836364993411
1997-11-22	12.331767698145983
1997-11-23	-11.845457348031498
1997-11-24	24.753456115295233
1997-11-25	7.923448467004512
1997-11-26	14.09135067615248
1997-11-27	15.37803920986017
1997-11-28	-14.612545935455875
1997-11-29	8.06906328553175
1997-11-30	-40.42832127836963
1997-12-01	-7.638901020349945
1997-12-02	2.4722929260182545
1997-12-03	11.430615805703848
1997-12-04	4.254616003353282
1997-12-05	3.9863874434521467
1997-12-06	-8.514530323273714
1997-12-07	-18.23440649808034
1997-12-08	13.376178277136654
1997-12-09	-6.35440544250449
1997-12-10	8.939737279672531
1997-12-11	8.349258053035566
1997-12-12	-10.780645038227421
1997-12-13	19.398471923910137
1997-12-14	0.6713015541766103
1997-12-15	-31.632790940620588
1997-12-16	-24.815603563521172
1997-12-17	-23.794201641990256
1997-12-18	10.815920473536158
1997-12-19	-3.9683370526380246
1997-12-20	29.108544826553498
1997-12-21	43.23855337205938
1997-12-22	17.70638943275175
1997-12-23	34.28768344833988
1997-12-24	-10.772062642989457
1997-12-25	-4.056687305420824
1997-12-26	34.76355568524725
1997-12-27	-3.547226752358661
1997-12-28	-15.003389335951944
1997-12-29	-18.52182495410322
1997-12-30	1.3088493696923478
1997-12-31	-7.83909762609489
1998-01-01	-7.712418620018841
1998-01-02	-2.401388432181336
1998-01-03	43.3573264734062
1998-01-04	-25.352385457822162
1998-01-05	3.9623216411661293
1998-01-06	-6.638389107864252
1998-01-07	3.0538258690622975
1998-01-08	3.6996744677855817
1998-01-09	-10.558491211441039
1998-01-10	3.727503251108522
1998-01-11	4.615156713519301
1998-01-12	32.482766003029596
1998-01-13	25.610102605063286
1998-01-14	-0.1934764295263789
1998-01-15	10.387458102279263
1998-01-16	2.2526106896900835
1998-01-17	14.657341030900895
1998-01-18	25.55486544622576
1998-01-19	28.58630026270676
1998-01-20	-13.576006579680376
1998-01-21	42.091660690811445
1998-01-22	-10.819369332355794
1998-01-23	-2.7935027168474154
1998-01-24	-3.5867530218947383
1998-01-25	-1.4171647914979941
1998-01-26	-11.292114364156088
1998-01-27	0.5678180433811666
1998-01-28	10.346722574890398
1998-01-29	17.69081968530845
1998-01-30	4.849655592350901
1998-01-31	-17.565420775968555
1998-02-01	-19.434372574672505
1998-02-02	-10.313414273582884
1998-02-03	-12.046106727328686
1998-02-04	11.05791653325244
1998-02-05	-40.08346850118124
1998-02-06	1.2888998922203956
1998-02-07	29.160853530446765
1998-02-08	-31.366253545775578
1998-02-09	7.433624804997945
1998-02-10	24.005099554797628
1998-02-11	-42.157190643162814
1998-02-12	-10.468711102719281
1998-02-13	20.766934716235703
1998-02-14	52.7952256778
1998-02-15	24.65895317530137
1998-02-16	33.96179259166022
1998-02-17	-38.10285868556498
1998-02-18	-13.780131922978844
1998-02-19	26.7492855172265
1998-02-20	4.901154407005375
1998-02-21	-29.82535873395429
1998-02-22	-20.018598760955285
1998-02-23	30.331186133494995
1998-02-24	8.18230199684177
1998-02-25	-12.043487646149423
1998-02-26	-29.47961981545752
1998-02-27	-4.924045004563192
1998-02-28	12.83306398596356
1998-03-01	10.17272675933592
1998-03-02	10.084421051179095
1998-03-03	36.480361972677834
1998-03-04	-8.180518886527286
1998-03-05	4.944755278150679
1998-03-06	-34.91201845011149
1998-03-07	30.15820673916949
1998-03-08	-0.4308569977818435
1998-03-09	6.60024032111722
1998-03-10	-2.18152909313908
1998-03-11	-23.345491155924634
1998-03-12	-4.853001381580139
1998-03-13	27.199383188381375
1998-03-14	45.462963430149735
1998-03-15	-30.012801956897423
1998-03-16	6.989698175149666
1998-03-17	-4.818857192569877
1998-03-18	-33.71740534846134
1998-03-19	28.36291169634808
1998-03-20	29.0287084801232
1998-03-21	3.008778731886049
1998-03-22	-1.7588961421892348
1998-03-23	-25.839411853552843
1998-03-24	18.453715284700387
1998-03-25	-11.239011699873764
1998-03-26	13.315677745152692
1998-03-27	32.97300403283503
1998-03-28	8.748736134674674
1998-03-29	-2.305022697605139
1998-03-30	-9.214609308303535
1998-03-31	19.336918942128182
1998-04-01	13.25725642405614
1998-04-02	-19.103087263181354
1998-04-03	23.082064707397933
1998-04-04	-25.705865412647633
1998-04-05	-15.592782868403702
1998-04-06	-14.772627261216021
1998-04-07	4.246889529267753
1998-04-08	-31.987336823153143
1998-04-09	44.29445321642967
1998-04-10	-15.794571040010489
1998-04-11	33.122772693702984
1998-04-12	-7.071545466275078
1998-04-13	10.65770682425463
1998-04-14	14.72947486825064
1998-04-15	56.28186557285423
1998-04-16	-40.026032782024046
1998-04-17	-8.008567041089703
1998-04-18	0.14514385627026039
1998-04-19	-10.296256826452288
1998-04-20	15.041216235412753
1998-04-21	41.52323120038346
1998-04-22	-47.67489176660014
1998-04-23	-8.218257149427892
1998-04-24	-19.121223630427806
1998-04-25	0.6503227503380373
1998-04-26	34.32855094141357
1998-04-27	33.565141425601844
1998-04-28	0.5130925773213013
1998-04-29	33.286016851359236
1998-04-30	47.517489643036825
1998-05-01	-8.45866026128574
1998-05-02	0.21785424440115342
1998-05-03	5.469623979533355
1998-05-04	-16.915881483816587
1998-05-05	9.45287782061157
1998-05-06	8.485623068924053
1998-05-07	37.30072092808949
1998-05-08	5.748180405402794
1998-05-09	6.150755488443233
1998-05-10	-13.368954168504972
1998-05-11	-38.4668022144908
1998-05-12	-11.984236632536167
1998-05-13	-0.07335931033038023
1998-05-14	8.387210478393706
1998-05-15	-18.236819177138408
1998-05-16	22.441901863600144
1998-05-17	-31.24588036826905
1998-05-18	-24.267249877212027
1998-05-19	24.279228606462556
1998-05-20	-12.67272594564935
1998-05-21	-2.151567898309769
1998-05-22	-38.56196571500922
1998-05-23	4.6518230891923595
1998-05-24	-3.089363994606714
1998-05-25	57.81092738823518
1998-05-26	7.573308659741091
1998-05-27	21.024904911735476
1998-05-28	-21.844317900637627
1998-05-29	7.850395058060758
1998-05-30	15.725055264225453
1998-05-31	26.63218310177699
1998-06-01	-13.330337436752576
1998-06-02	-4.87851110104314
1998-06-03	44.46012683008784
1998-06-04	11.846097716115764
1998-06-05	12.562080960992214
1998-06-06	-0.44792121335123314
1998-06-07	27.65957114526118
1998-06-08	-2.345437810604852
1998-06-09	-4.118222065981361
1998-06-10	-25.044047117824313
1998-06-11	25.04966078952441
1998-06-12	1.6005213987378015
1998-06-13	-19.739008180374327
1998-06-14	0.06961316260083494
1998-06-15	7.4060187923331515
1998-06-16	2.630495911640197
1998-06-17	-7.9271264673463815
1998-06-18	-15.575996452719117
1998-06-19	-10.730207574398092
1998-06-20	25.95774786546342
1998-06-21	-1.4693126453291605
1998-06-22	8.61525714275968
1998-06-23	-11.496410027985853
1998-06-24	21.53225035176693
1998-06-25	-18.769139594999956
1998-06-26	8.445360532307529
1998-06-27	-1.5169610490499135
1998-06-28	16.825375517458248
1998-06-29	-6.361314790405831
1998-06-30	31.693460794177618
1998-07-01	6.088904775387614
1998-07-02	18.08560524024427
1998-07-03	-33.40834735609767
1998-07-04	-2.9147925946051334
1998-07-05	26.034835432023158
1998-07-06	-35.755254390041415
1998-07-07	36.07193954457823
1998-07-08	23.511222734562462
1998-07-09	46.34060700209348
1998-07-10	25.155351808316407
1998-07-11	13.3062329120756
1998-07-12	-1.205532898476229
1998-07-13	17.13246563558699
1998-07-14	11.760084852934822
1998-07-15	9.226946284500377
1998-07-16	-0.5184420579407454
1998-07-17	-9.433454837489002
1998-07-18	-21.250745664378243
1998-07-19	-14.940848862145481
1998-07-20	12.974516439290722
1998-07-21	-16.29473362685512
1998-07-22	0.1113938447604712
1998-07-23	25.223395039372463
1998-07-24	15.463808981379533
1998-07-25	42.897196086256976
1998-07-26	4.690182164922387
1998-07-27	-6.772819961979664
1998-07-28	5.597065370147102
1998-07-29	24.009220231785754
1998-07-30	22.666683980687345
1998-07-31	23.30909668077388
1998-08-01	37.6071629505949
1998-08-02	30.450246174182762
1998-08-03	-32.035510612715086
1998-08-04	16.679506171718685
1998-08-05	-3.6823687804342757
1998-08-06	-48.604667247817645
1998-08-07	3.7131352821094303
1998-08-08	-5.4361365830006
1998-08-09	0.7895262375403319
1998-08-10	-15.727069663891665
1998-08-11	38.93164394952956
1998-08-12	8.078282160391064
1998-08-13	-19.023477211392187
1998-08-14	-20.46526906273163
1998-08-15	25.296224115876708
1998-08-16	2.9881705975532027
1998-08-17	-13.223956714907732
1998-08-18	-13.42100162923666
1998-08-19	-30.423142016430905
1998-08-20	-1.0307973869992135
1998-08-21	-38.58134867245345
1998-08-22	-12.568744874576314
1998-08-23	40.891869148124464
1998-08-24	-24.142261668955374
1998-08-25	-35.90007300042077
1998-08-26	20.184884528969018
1998-08-27	-21.45382367947636
1998-08-28	0.298057085277713
1998-08-29	-22.539813707237887
1998-08-30	30.218035020225404
1998-08-31	-23.737870795719168
1998-09-01	15.69356359121988
1998-09-02	15.71653311106414
1998-09-03	44.15945079195376
1998-09-04	24.119050680168986
1998-09-05	-35.50400471629507
1998-09-06	-21.628482978173402
1998-09-07	6.835054489305673
1998-09-08	-12.37227698756719
1998-09-09	32.22374836722956
1998-09-10	5.272204420546244
1998-09-11	76.53609217450293
1998-09-12	17.605699905699662
1998-09-13	20.021555271041695
1998-09-14	7.20627414380541
1998-09-15	10.734077302167655
1998-09-16	-2.0160615456146207
1998-09-17	4.165622469811725
1998-09-18	10.359895272604776
1998-09-19	0.6885285075686358
1998-09-20	24.051832531002418
1998-09-21	-8.929548574836987
1998-09-22	-5.6576253413172815
1998-09-23	-30.729068234042803
1998-09-24	-4.34279635806466
1998-09-25	1.1085155321000455
1998-09-26	-9.308755525956844
1998-09-27	0.15042103760199388
1998-09-28	6.934991746491068
1998-09-29	-15.312622766468358
1998-09-30	22.481131969786123
1998-10-01	24.607190678055442
1998-10-02	-22.630343383735774
1998-10-03	-4.424592339478809
1998-10-04	8.034753299940382
1998-10-05	21.25111800397107
1998-10-06	-15.943326737914429
1998-10-07	1.3403378191810933
1998-10-08	6.970854903936538
1998-10-09	47.390010558356686
1998-10-10	-16.090637937621935
1998-10-11	-27.916500601899934
1998-10-12	-17.848358495646828
1998-10-13	-30.5041266740243
1998-10-14	10.256504544718526
1998-10-15	-1.7786064422517491
1998-10-16	-6.77478320115625
1998-10-17	18.930426178771384
1998-10-18	-8.718858662152815
1998-10-19	4.391678640290835
1998-10-20	4.503444173320809
1998-10-21	-26.41217028367887
1998-10-22	-24.156658493591348
1998-10-23	13.707920308842887
1998-10-24	8.976236625275739
1998-10-25	15.630598071688457
1998-10-26	31.647516543843206
1998-10-27	-25.35508884616493
1998-10-28	-31.80614462431295
1998-10-29	-17.877873508070067
1998-10-30	19.08787994942291
1998-10-31	-22.409994751788666
1998-11-01	-6.683199103650392
1998-11-02	-42.510888309219425
1998-11-03	-25.1509382150064
1998-11-04	-25.702974861728876
1998-11-05	1.6159165354223348
1998-11-06	10.13593292424155
1998-11-07	24.42072108606337
1998-11-08	-13.802372678604671
1998-11-09	4.151939719307773
1998-11-10	5.93384343404663
1998-11-11	1.1837541981788957
1998-11-12	9.497039547208004
1998-11-13	16.09313824547973
1998-11-14	-24.95982144051411
1998-11-15	-15.477560226825965
1998-11-16	24.466525352346913
1998-11-17	-24.569976540699138
1998-11-18	21.347401516502643
1998-11-19	-3.333431266062016
1998-11-20	-58.305620807310525
1998-11-21	21.03410353563784
1998-11-22	12.456494585212956
1998-11-23	6.170816360139577
1998-11-24	-9.202380191718543
1998-11-25	-7.06143429273097
1998-11-26	14.240734278388679
1998-11-27	-10.513869015376484
1998-11-28	-7.792427232978053
1998-11-29	-8.86549146190594
1998-11-30	-4.674725528280306
1998-12-01	6.05440158632634
1998-12-02	4.0051741308557025
1998-12-03	47.04025113806872
1998-12-04	5.278833890491639
1998-12-05	20.679879705327256
1998-12-06	15.90497169319994
1998-12-07	-28.83646167120432
1998-12-08	-35.620333106911154
1998-12-09	-25.037707048895676
1998-12-10	-14.52721676638263
1998-12-11	-8.080469941901542
1998-12-12	-14.441612764787159
1998-12-13	18.678075317524232
1998-12-14	26.509200880369065
1998-12-15	3.7553808728558344
1998-12-16	-14.179815085898657
1998-12-17	-14.819635485006861
1998-12-18	21.16520782102429
1998-12-19	-13.003682608824349
1998-12-20	1.9329984085699294
1998-12-21	-17.81067870986661
1998-12-22	37.36629808385414
1998-12-23	-36.97280034852765
1998-12-24	-10.00713213040021
1998-12-25	-3.3388579627485697
1998-12-26	-2.1719395417303726
1998-12-27	16.559201985529263
1998-12-28	3.610480265473843
1998-12-29	-9.742604760318992
1998-12-30	13.68574912837563
1998-12-31	-30.461258622759953
1999-01-01	-20.072921016044063
1999-01-02	7.705001283223041
1999-01-03	13.533638275712583
1999-01-04	13.206228463348788
1999-01-05	-6.564912919476378
1999-01-06	29.242397332943835
1999-01-07	-12.29177153191042
1999-01-08	-49.982622331297954
1999-01-09	14.303387056219083
1999-01-10	-27.249683970844497
1999-01-11	10.940050834221257
1999-01-12	1.8908656321733042
1999-01-13	3.545799882251841
1999-01-14	-6.161825438429032
1999-01-15	-30.392425469776914
1999-01-16	-30.551805002310438
1999-01-17	-1.269358247853584
1999-01-18	12.465332512861401
1999-01-19	2.6373139055364234
1999-01-20	24.33583495636937
1999-01-21	-0.9391469613383492
1999-01-22	-56.440441695819736
1999-01-23	-10.67884497048822
1999-01-24	9.674952762195886
1999-01-25	-1.167005295254336
1999-01-26	13.06043835401077
1999-01-27	-4.082815437245574
1999-01-28	-24.41542893125193
1999-01-29	24.534943514249804
1999-01-30	38.211420537817716
1999-01-31	-5.414686195077142
1999-02-01	4.537093844700915
1999-02-02	-14.159212380419296
1999-02-03	40.25882384818757
1999-02-04	14.186980693216094
1999-02-05	1.544144420702453
1999-02-06	-17.943035521772703
1999-02-07	17.036016130212225
1999-02-08	13.555868852738831
1999-02-09	1.2215738869566333
1999-02-10	-33.91278957076557
1999-02-11	-17.549557970850326
1999-02-12	9.294555503744002
1999-02-13	16.932206131738017
1999-02-14	10.327386602500559
1999-02-15	-12.9144884754809
1999-02-16	-15.564764421608011
1999-02-17	18.0018303654535
1999-02-18	-16.519094998217597
1999-02-19	9.149564313186461
1999-02-20	0.5685843683533507
1999-02-21	-10.19341001785416
1999-02-22	32.28865726633414
1999-02-23	-10.16905826124561
1999-02-24	2.7910818671288173
1999-02-25	4.928432249047276
1999-02-26	-20.210551378380753
1999-02-27	28.905104130312523
1999-02-28	3.1743814074368952
1999-03-01	2.657837949242764
1999-03-02	-13.49605747390761
1999-03-03	5.934207928408612
1999-03-04	7.533492776530661
1999-03-05	-7.626849341627686
1999-03-06	26.44521016379891
1999-03-07	3.218060477774088
1999-03-08	3.4474455314948145
1999-03-09	1.3980847332237392
1999-03-10	8.987794903763497
1999-03-11	-35.55079417622437
1999-03-12	34.70371418839382
1999-03-13	5.24592037834218
1999-03-14	2.106527363418892
1999-03-15	49.257704636729166
1999-03-16	4.751936932888076
1999-03-17	-6.203044143884645
1999-03-18	-8.67688156964322
1999-03-19	-0.4823481458388408
1999-03-20	-22.587761674334395
1999-03-21	-11.931254898345959
1999-03-22	17.536867654163977
1999-03-23	19.134213983107312
1999-03-24	-27.439469321789886
1999-03-25	-21.387452782371483
1999-03-26	43.56735698992837
1999-03-27	-28.619773552527917
1999-03-28	-22.98114799528499
1999-03-29	-10.265160410852868
1999-03-30	9.039797233831106
1999-03-31	40.42396375165899
1999-04-01	-9.477132549739062
1999-04-02	-21.26152705812086
1999-04-03	-9.162061371055719
1999-04-04	12.66217393080178
1999-04-05	-3.7515693444105738
1999-04-06	12.607523942889479
1999-04-07	-34.170839963758965
1999-04-08	-28.02365188582449
1999-04-09	-9.183828819450033
1999-04-10	24.47813275469084
1999-04-11	-33.82663252572512
1999-04-12	37.23106111670888
1999-04-13	4.907747935330197
1999-04-14	13.212124062435112
1999-04-15	-5.379896120340118
1999-04-16	1.6135570310675078
1999-04-17	-12.562137032002171
1999-04-18	-14.65787553711482
1999-04-19	-38.23805308635025
1999-04-20	-4.847372680891987
1999-04-21	-18.527821162775943
1999-04-22	18.073321151340963
1999-04-23	-24.860331874727716
1999-04-24	16.232543908387296
1999-04-25	-56.70728014197669
1999-04-26	9.467621217918559
1999-04-27	3.2128329179422748
1999-04-28	-17.352901820066148
1999-04-29	-24.31885839484562
1999-04-30	5.18390064866959
1999-05-01	-4.725234056651374
1999-05-02	-10.204139265948674
1999-05-03	-11.235178028991013
1999-05-04	13.560665967060098
1999-05-05	-32.23815239021379
1999-05-06	-11.645443539917657
1999-05-07	23.73822428188911
1999-05-08	12.022135636785487
1999-05-09	-13.761188086105605
1999-05-10	13.311611639111918
1999-05-11	-12.96689578262342
1999-05-12	21.492078903703376
1999-05-13	26.035804064625705
1999-05-14	32.68163863581024
1999-05-15	4.19028778034576
1999-05-16	-35.923143096005596
1999-05-17	-38.76338159142764
1999-05-18	19.863244358424392
1999-05-19	-23.101828102922624
1999-05-20	31.285762365597762
1999-05-21	8.36806714877727
1999-05-22	-33.599077638282346
1999-05-23	-23.49581584163602
1999-05-24	-14.386216302066307
1999-05-25	-58.27963137432984
1999-05-26	-6.825312733540676
1999-05-27	-34.620626115801265
1999-05-28	-0.9933059216242286
1999-05-29	24.13664392492058
1999-05-30	10.263386118348775
1999-05-31	42.0775208613475
1999-06-01	19.139155423175374
1999-06-02	-14.065010430767996
1999-06-03	-36.0094400605779
1999-06-04	42.86680739695217
1999-06-05	0.8831687411043032
1999-06-06	23.34588364794973
1999-06-07	-15.136135463920958
1999-06-08	-31.945627585949822
1999-06-09	0.1951386358764874
1999-06-10	-31.783644749944266
1999-06-11	0.7798045864093015
1999-06-12	2.241234115674516
1999-06-13	6.82117719776416
1999-06-14	-4.469173651578765
1999-06-15	-20.245177092988207
1999-06-16	11.145564207232184
1999-06-17	52.53017203175246
1999-06-18	-11.87710830167523
1999-06-19	41.433027524551825
1999-06-20	29.23724265432259
1999-06-21	-22.436096471550687
1999-06-22	-15.651156029234464
1999-06-23	10.77552971866593
1999-06-24	-18.55442186679597
1999-06-25	0.7895670813560729
1999-06-26	-3.0648349351829705
1999-06-27	-4.512969482325558
1999-06-28	16.06579312834507
1999-06-29	-1.7901928916794756
1999-06-30	31.252830788606264
1999-07-01	-29.807968831521382
1999-07-02	2.259415023413643
1999-07-03	25.516442699266168
1999-07-04	14.260239226317038
1999-07-05	-25.87163352650398
1999-07-06	-10.78046415919612
1999-07-07	6.95715447889186
1999-07-08	-18.443595591228195
1999-07-09	-12.306788043290444
1999-07-10	4.587559102998495
1999-07-11	-22.075192383715095
1999-07-12	30.689413963596778
1999-07-13	27.712456775008537
1999-07-14	-3.8872732499160865
1999-07-15	-4.879417053657013
1999-07-16	24.820824607981727
1999-07-17	-7.922240356711125
1999-07-18	-3.634916039648332
1999-07-19	10.793783298037113
1999-07-20	11.186272979369829
1999-07-21	-16.100816809683142
1999-07-22	-5.021106887921771
1999-07-23	10.532087474096244
1999-07-24	14.811162962183719
1999-07-25	-2.1071338987357064
1999-07-26	28.25469132016809
1999-07-27	15.286650515337096
1999-07-28	-14.638975614292487
1999-07-29	27.52310671727838
1999-07-30	6.415205302453049
1999-07-31	25.263544517018847
1999-08-01	15.965340268290195
1999-08-02	-33.586640099148646
1999-08-03	-27.932116891283993
1999-08-04	2.1126047262234873
1999-08-05	-0.29051491565186094
1999-08-06	6.396210268969761
1999-08-07	-12.223579562419303
1999-08-08	29.081901670955205
1999-08-09	5.106395211359054
1999-08-10	-40.87576253504683
1999-08-11	16.259132357515796
1999-08-12	0.940549056393389
1999-08-13	57.9605358550265
1999-08-14	7.178442939142322
1999-08-15	14.630763860262102
1999-08-16	-9.173213278799503
1999-08-17	22.205144831302192
1999-08-18	28.859222732127193
1999-08-19	-20.0940396949866
1999-08-20	32.110630442150274
1999-08-21	13.330563845212431
1999-08-22	6.126322349650817
1999-08-23	32.996968507853495
1999-08-24	-21.922648626235517
1999-08-25	-11.69317746802034
1999-08-26	-22.25887005001702
1999-08-27	-0.032838725910715016
1999-08-28	35.65249485784814
1999-08-29	-13.149122586068136
1999-08-30	-11.702717383293074
1999-08-31	8.400325528416282
1999-09-01	-3.9485865460509277
1999-09-02	-3.92177328272585
1999-09-03	30.660929254142406
1999-09-04	14.899271795896762
1999-09-05	31.059881907305073
1999-09-06	35.48283933924936
1999-09-07	6.9304525048886205
1999-09-08	27.89773453118696
1999-09-09	-7.958782196216452
1999-09-10	-2.743876405272877
1999-09-11	-16.689624926832593
1999-09-12	-23.996326144192192
1999-09-13	-29.9119202008009
1999-09-14	-0.3114822389661003
1999-09-15	-4.769188556243679
1999-09-16	-2.2008897264325507
1999-09-17	0.8675443894413211
1999-09-18	-8.188118448038203
1999-09-19	-6.8682950670556435
1999-09-20	24.993669279545408
1999-09-21	24.69967836055955
1999-09-22	-0.2111320263217895
1999-09-23	-8.967306587378058
1999-09-24	39.89088804215722
1999-09-25	45.65662728867502
1999-09-26	-11.111275733492324
1999-09-27	-17.158769143479503
1999-09-28	8.616121522938752
1999-09-29	0.8461519975102871
1999-09-30	8.591699622637963
1999-10-01	-11.398182515968942
1999-10-02	37.026030235381185
1999-10-03	20.69314916128906
1999-10-04	1.5034690330979588
1999-10-05	-12.253427278199577
1999-10-06	17.00394728299905
1999-10-07	14.492476779005763
1999-10-08	16.353819475111766
1999-10-09	-61.208556530054004
1999-10-10	-39.088512253972226
1999-10-11	29.433852262697176
1999-10-12	28.16026341552521
1999-10-13	-20.767654485685387
1999-10-14	-3.2210321978038694
1999-10-15	-18.393619723286417
1999-10-16	-22.146635288205026
1999-10-17	-4.595436804362538
1999-10-18	-9.408190019122781
1999-10-19	27.07253705190182
1999-10-20	-28.547381520016533
1999-10-21	-9.635074841073713
1999-10-22	18.81758419417055
1999-10-23	-0.4735212844798462
1999-10-24	-13.424851702840229
1999-10-25	15.064597993083025
1999-10-26	-20.4648324596269
1999-10-27	5.657703370175805
1999-10-28	8.61535100500506
1999-10-29	-6.431129144371213
1999-10-30	-13.248239250837916
1999-10-31	9.548572546819415
1999-11-01	23.047404451149344
1999-11-02	-51.33934632127864
1999-11-03	-6.6351007417293495
1999-11-04	13.625801925434477
1999-11-05	-16.153220636782756
1999-11-06	7.0780222440846225
1999-11-07	0.004868858235663853
1999-11-08	2.807387063855356
1999-11-09	18.705123540020868
1999-11-10	0.44412453889687553
1999-11-11	0.3962508385146797
1999-11-12	23.8274474447492
1999-11-13	2.8970982111832146
1999-11-14	1.8131487729937188
1999-11-15	22.36799083741242
1999-11-16	-34.87370166060523
1999-11-17	9.881697262924272
1999-11-18	27.04697628685149
1999-11-19	6.026653009154268
1999-11-20	3.653582389284595
1999-11-21	22.94234090049643
1999-11-22	-4.552079391230203
1999-11-23	-37.09946133322265
1999-11-24	-13.130719751675182
1999-11-25	-0.07868475678192088
1999-11-26	-8.616490584971185
1999-11-27	-16.620202943720525
1999-11-28	-37.1678816060096
1999-11-29	-15.64511484882722
1999-11-30	-38.97517221391722
1999-12-01	-52.03467232327252
1999-12-02	6.6419782632481486
1999-12-03	24.036406654323155
1999-12-04	-12.70416315006637
1999-12-05	-2.6761135684373167
1999-12-06	38.558290270126506
1999-12-07	9.81902433408297
1999-12-08	-8.523108324906458
1999-12-09	-24.69133925033905
1999-12-10	9.38065399305619
1999-12-11	24.68789270170621
1999-12-12	9.214472181982265
1999-12-13	-45.31344150453051
1999-12-14	-23.329679799172393
1999-12-15	-17.11234094169641
1999-12-16	-28.525849103656792
1999-12-17	31.686578623175127
1999-12-18	1.221046967435214
1999-12-19	32.50829488527609
1999-12-20	33.36173951458601
1999-12-21	-9.504948673244758
1999-12-22	-20.430546814848086
1999-12-23	4.886905350277858
1999-12-24	-13.972807700170266
1999-12-25	4.130856577182561
1999-12-26	-7.9565108347164095
1999-12-27	-6.821912323641945
1999-12-28	21.31994529875965
1999-12-29	32.96703233551164
1999-12-30	10.205622693843083
1999-12-31	-38.64194613219931
2000-01-01	7.196687887888505
2000-01-02	-40.0570538480272
2000-01-03	-0.8471340584367417
2000-01-04	-36.669922196314786
2000-01-05	-8.061801527439235
2000-01-06	34.07740218850192
2000-01-07	2.91887240968261
2000-01-08	12.949636605538775
2000-01-09	-20.91198468116401
2000-01-10	24.95177974970441
2000-01-11	-11.39631302312576
2000-01-12	-17.674826563401457
2000-01-13	24.744975470588155
2000-01-14	15.930656022939598
2000-01-15	53.43966822543781
2000-01-16	36.524118818842865
2000-01-17	-21.101996053797173
2000-01-18	-24.966572209575087
2000-01-19	-38.67308214647948
2000-01-20	26.249143153264598
2000-01-21	-25.03638580439471
2000-01-22	-12.574569240268444
2000-01-23	-11.072579232735045
2000-01-24	36.4806180677556
2000-01-25	3.4231807831281458
2000-01-26	35.04995570770327
2000-01-27	54.49628644205179
2000-01-28	-26.274296629232094
2000-01-29	-14.855949232046543
2000-01-30	13.948469253969874
2000-01-31	31.506147182799655
2000-02-01	-24.596126218778853
2000-02-02	19.762897723995607
2000-02-03	10.579870212510404
2000-02-04	-2.340276225394903
2000-02-05	27.409530019127878
2000-02-06	1.781451006546368
2000-02-07	-2.2465274570088214
2000-02-08	-5.165902929841183
2000-02-09	11.3390848368786
2000-02-10	43.78240355142355
2000-02-11	-5.855148146066459
2000-02-12	-32.02152022102138
2000-02-13	8.079025931645198
2000-02-14	29.348257306126182
2000-02-15	32.058079593456064
2000-02-16	-45.95969740916504
2000-02-17	-6.423773000550948
2000-02-18	41.66576168887246
2000-02-19	5.353864249371411
2000-02-20	2.759384891788815
2000-02-21	-2.0696034915616064
2000-02-22	0.7549221743737566
2000-02-23	8.904303410197794
2000-02-24	-19.5891556771505
2000-02-25	26.295689986738804
2000-02-26	-38.121320768029186
2000-02-27	20.380896817012196
2000-02-28	37.813963168712206
2000-02-29	-13.7081487572122
2000-03-01	-23.056600971223833
2000-03-02	26.279741000644087
2000-03-03	24.70615662502222
2000-03-04	21.805193578199916
2000-03-05	-30.787411522744485
2000-03-06	11.628638480930215
2000-03-07	-15.970044911608237
2000-03-08	-15.05651715702902
2000-03-09	5.806446151281654
2000-03-10	1.6624046971158544
2000-03-11	-14.076174935493222
2000-03-12	-15.100625889201865
2000-03-13	30.87727743196751
2000-03-14	20.318628701481273
2000-03-15	-33.603193291896254
2000-03-16	25.72166791615336
2000-03-17	6.992626419739708
2000-03-18	14.410935965615993
2000-03-19	-20.754998764484053
2000-03-20	-8.062983494353553
2000-03-21	-6.2440777014934135
2000-03-22	18.931832641832152
2000-03-23	23.480182536520697
2000-03-24	14.008320760571747
2000-03-25	1.0321886908453861
2000-03-26	-20.067932474789487
2000-03-27	-7.74374983117862
2000-03-28	14.756375511883123
2000-03-29	-10.746333584177911
2000-03-30	24.9495893330164
2000-03-31	-53.40403320910373
2000-04-01	-2.175649474632425
2000-04-02	-32.177265460241784
2000-04-03	7.329818671630203
2000-04-04	-9.089035493770826
2000-04-05	2.1097226356731857
2000-04-06	18.103588603555714
2000-04-07	13.543794612418125
2000-04-08	-25.58075852177143
2000-04-09	7.664707669558056
2000-04-10	3.1455958329109546
2000-04-11	0.4514355791741773
2000-04-12	20.25866460803778
2000-04-13	-28.67120149290417
2000-04-14	19.51804789072925
2000-04-15	28.15803684614015
2000-04-16	22.320510416399483
2000-04-17	-17.713017240263515
2000-04-18	-18.365004253633824
2000-04-19	13.733059474204914
2000-04-20	-14.263005131666077
2000-04-21	26.15369819450088
2000-04-22	11.992949049964382
2000-04-23	-10.54605734311778
2000-04-24	-11.904935079350992
2000-04-25	-22.273069907267917
2000-04-26	-17.93169109660289
2000-04-27	0.29612543494494736
2000-04-28	-25.87167213697146
2000-04-29	-5.167384440052718
2000-04-30	51.82173443584823
2000-05-01	22.124861830790447
2000-05-02	-2.5524777302679533
2000-05-03	-0.39372752070518957
2000-05-04	8.42757596343876
2000-05-05	1.9985907660787703
2000-05-06	-28.06194450527787
2000-05-07	-23.600045111073765
2000-05-08	-8.966682613981583
2000-05-09	26.48103752374163
2000-05-10	12.516477961794074
2000-05-11	-2.818308137111446
2000-05-12	-25.76328846049674
2000-05-13	6.294944250508894
2000-05-14	3.050285612338696
2000-05-15	10.030134239322146
2000-05-16	2.27448891408734
2000-05-17	-4.490037189502498
2000-05-18	1.952001921957535
2000-05-19	14.335617514152611
2000-05-20	5.846548485574626
2000-05-21	-1.0272846787276755
2000-05-22	-0.09730262184275684
2000-05-23	3.774640462887999
2000-05-24	14.440865363779873
2000-05-25	18.686924368462446
2000-05-26	-39.786961915477676
2000-05-27	9.28818877075552
2000-05-28	35.62762047885362
2000-05-29	0.06383032426799395
2000-05-30	-34.7635729532089
2000-05-31	-6.468156806081307
2000-06-01	13.184083707511657
2000-06-02	-27.720179895954175
2000-06-03	-18.311727008700473
2000-06-04	-24.60195364508056
2000-06-05	-32.57695411027931
2000-06-06	48.106152629553534
2000-06-07	41.69457482718399
2000-06-08	-9.3020170524995
2000-06-09	-20.183369275476615
2000-06-10	-19.506991177393118
2000-06-11	6.527358589856341
2000-06-12	14.551232111158296
2000-06-13	17.180315093117756
2000-06-14	-8.220534959011234
2000-06-15	44.308528998694065
2000-06-16	-30.55256938059704
2000-06-17	0.8182841504506483
2000-06-18	42.60275020376429
2000-06-19	-20.142277618247885
2000-06-20	5.86225547830434
2000-06-21	-9.563751405659401
2000-06-22	-34.83826454909875
2000-06-23	7.703752684525295
2000-06-24	3.424369342627224
2000-06-25	22.576827151762554
2000-06-26	23.529614270371177
2000-06-27	21.000620292180937
2000-06-28	-2.9342892508094565
2000-06-29	2.934402432738592
2000-06-30	23.508425692173248
2000-07-01	18.613445936932138
2000-07-02	-15.272860264023517
2000-07-03	5.739119300047456
2000-07-04	18.3141792300957
2000-07-05	6.2712598042878405
2000-07-06	-3.773484121459558
2000-07-07	-7.509767677461696
2000-07-08	11.047964587129236
2000-07-09	-21.900851163977435
2000-07-10	17.727464362017333
2000-07-11	-23.800304273090745
2000-07-12	4.805061392945877
2000-07-13	16.590156152218047
2000-07-14	-8.697925136037798
2000-07-15	-6.5261520009805345
2000-07-16	-8.357312216059725
2000-07-17	-1.6375255343414634
2000-07-18	50.13423539304948
2000-07-19	-30.98862994222741
2000-07-20	10.529788498854721
2000-07-21	-10.12235129144322
2000-07-22	-6.5711580314522555
2000-07-23	12.587892596615
2000-07-24	49.68413374072209
2000-07-25	10.572947843961664
2000-07-26	21.393461550775424
2000-07-27	14.522016216628831
2000-07-28	-11.596664717145716
2000-07-29	18.308361930054435
2000-07-30	-22.8075827467473
2000-07-31	-4.469500741101581
2000-08-01	-10.679674101195818
2000-08-02	12.866564762623026
2000-08-03	15.426308291304387
2000-08-04	-37.85816249012056
2000-08-05	-17.832700309935056
2000-08-06	37.05064606165645
2000-08-07	34.86948049916218
2000-08-08	-25.71249657275849
2000-08-09	-34.822707572933346
2000-08-10	14.811737972052754
2000-08-11	43.326681644373714
2000-08-12	21.53530814381508
2000-08-13	-11.854772575664203
2000-08-14	24.38571828067621
2000-08-15	1.1070391911794526
2000-08-16	-51.847046552359316
2000-08-17	25.18429872530901
2000-08-18	0.0123966604030058
2000-08-19	72.09471134186718
2000-08-20	-17.273218455343162
2000-08-21	15.313207003446552
2000-08-22	35.28208000795093
2000-08-23	-14.852181332136542
2000-08-24	-7.663488888320831
2000-08-25	-9.669970866701659
2000-08-26	2.908392157083363
2000-08-27	25.586159859197682
2000-08-28	21.708144985028607
2000-08-29	0.3315440180376398
2000-08-30	-15.153396379091365
2000-08-31	4.5059506609209885
2000-09-01	10.296123976932936
2000-09-02	10.597278198480074
2000-09-03	-3.27537954011109
2000-09-04	-7.019771526100733
2000-09-05	-20.057649717387665
2000-09-06	7.334932931460411
2000-09-07	-9.563819051483588
2000-09-08	2.065003560238958
2000-09-09	-26.35642114192296
2000-09-10	23.037327825951287
2000-09-11	4.208770094214808
2000-09-12	-4.181953106228471
2000-09-13	-38.734864169729505
2000-09-14	6.907873199066353
2000-09-15	6.717271805368861
2000-09-16	-26.72554186278862
2000-09-17	12.36215484793011
2000-09-18	13.27949715681189
2000-09-19	3.155946054537484
2000-09-20	-5.884832885433625
2000-09-21	-12.130082459882498
2000-09-22	26.896594410678862
2000-09-23	-16.87833231717739
2000-09-24	-16.513526690481207
2000-09-25	-37.132375082007556
2000-09-26	13.234348741571884
2000-09-27	-2.502126177019255
2000-09-28	-35.6925176213238
2000-09-29	27.61304979516263
2000-09-30	14.580831860472408
2000-10-01	-10.860116074234902
2000-10-02	34.56232537686603
2000-10-03	31.890200879671795
2000-10-04	1.7251478506948692
2000-10-05	19.69056288894001
2000-10-06	1.9065994096975865
2000-10-07	13.633134049732186
2000-10-08	-2.1987405479448254
2000-10-09	24.798070721409257
2000-10-10	37.93826785232143
2000-10-11	12.298999217503292
2000-10-12	-2.9358246112012365
2000-10-13	4.283554735556583
2000-10-14	-16.306040198212287
2000-10-15	-15.427780806677788
2000-10-16	15.603993901724984
2000-10-17	-8.315973685086112
2000-10-18	-4.86044754509666
2000-10-19	-24.706901034641483
2000-10-20	-10.248871064758843
2000-10-21	-7.412360635224825
2000-10-22	-43.96253183577894
2000-10-23	-1.009240951782133
2000-10-24	-24.697327876234095
2000-10-25	14.39885669478363
2000-10-26	5.40539086401434
2000-10-27	34.39433876154147
2000-10-28	12.820140704214225
2000-10-29	29.941390767694514
2000-10-30	1.220266462104289
2000-10-31	15.24873725718179
2000-11-01	24.69726236659678
2000-11-02	-5.031204330641581
2000-11-03	-15.2723176559788
2000-11-04	0.37319648248560444
2000-11-05	-33.85057524084463
2000-11-06	-5.504607449582946
2000-11-07	28.944736094634198
2000-11-08	17.65121464512372
2000-11-09	10.670438489178343
2000-11-10	-14.886862895751669
2000-11-11	-52.60030215260687
2000-11-12	7.014950730122658
2000-11-13	-17.388022015674043
2000-11-14	24.297065606683674
2000-11-15	8.281335804652455
2000-11-16	23.40401036402063
2000-11-17	-15.039422562672144
2000-11-18	9.514568255269134
2000-11-19	-25.248976695241126
2000-11-20	26.11793627401535
2000-11-21	4.357018540280338
2000-11-22	-13.777175206986348
2000-11-23	24.83092077541616
2000-11-24	25.766205716546967
2000-11-25	18.36878352183281
2000-11-26	-10.721767693840471
2000-11-27	27.40515535040631
2000-11-28	-44.01620363884288
2000-11-29	34.98187431601634
2000-11-30	8.591968950679908
2000-12-01	-12.458510901558327
2000-12-02	-21.890158413497197
2000-12-03	-41.98705946026687
2000-12-04	4.44162397728196
2000-12-05	-10.123488170936216
2000-12-06	59.259207166335926
2000-12-07	-17.52872652319948
2000-12-08	-5.898868709441733
2000-12-09	-37.371384689399186
2000-12-10	8.0297363821461
2000-12-11	37.63723660863562
2000-12-12	14.246114343317632
2000-12-13	-51.85070909140939
2000-12-14	11.276734037290556
2000-12-15	17.680706210748898
2000-12-16	-9.516782528606099
2000-12-17	-19.19514780429622
2000-12-18	26.154628443070788
2000-12-19	26.68224784316064
2000-12-20	30.591961917186556
2000-12-21	-3.6183784017243195
2000-12-22	36.832608114318795
2000-12-23	4.389600570168449
2000-12-24	14.002909063065223
2000-12-25	8.172782267743766
2000-12-26	-13.97245324871981
2000-12-27	26.512308139352136
2000-12-28	7.036744975062997
2000-12-29	37.01430216158173
2000-12-30	24.975222268228677
2000-12-31	-4.672091982266366
2001-01-01	-31.963044665121053
2001-01-02	5.581029096458725
2001-01-03	-12.315124314365322
2001-01-04	-3.000445986219564
2001-01-05	11.565640771970761
2001-01-06	-11.243501926028232
2001-01-07	-38.720222710856056
2001-01-08	5.294497467015735
2001-01-09	-2.8098089914349123
2001-01-10	6.902787042483591
2001-01-11	-22.726900970706534
2001-01-12	11.97802680924406
2001-01-13	-16.39986397731578
2001-01-14	34.92809403826088
2001-01-15	3.4468876244425557
2001-01-16	-52.36959841963722
2001-01-17	2.8416016281974334
2001-01-18	26.199636538535003
2001-01-19	-15.133546080856426
2001-01-20	-47.79154306470284
2001-01-21	4.123849435372631
2001-01-22	20.675472101487426
2001-01-23	-15.562124009029013
2001-01-24	13.096004809487152
2001-01-25	28.3062146978237
2001-01-26	21.67338597620424
2001-01-27	1.0033762150415246
2001-01-28	9.943364766870783
2001-01-29	-1.284092040331622
2001-01-30	-10.680307202891282
2001-01-31	14.541901122154394
2001-02-01	1.058376579221106
2001-02-02	14.77508154967693
2001-02-03	22.487761761824576
2001-02-04	-21.47134434393511
2001-02-05	-5.821549726762167
2001-02-06	31.937925974459905
2001-02-07	-2.3966946601355312
2001-02-08	-57.403828651150526
2001-02-09	33.49743459378682
2001-02-10	6.56721046586687
2001-02-11	-24.67287923149301
2001-02-12	26.131564175931082
2001-02-13	-26.875892135171203
2001-02-14	9.651818110777615
2001-02-15	5.407803668208393
2001-02-16	13.854899779946303
2001-02-17	-39.45533718165862
2001-02-18	-20.071936054031703
2001-02-19	-13.704928757131103
2001-02-20	-23.316862820818056
2001-02-21	-18.853049579236348
2001-02-22	24.06418714783435
2001-02-23	37.158596826900336
2001-02-24	-28.54605788643245
2001-02-25	18.725212810375925
2001-02-26	-3.037718609212882
2001-02-27	18.55340464062796
2001-02-28	-7.901960739019877
2001-03-01	24.023994869773812
2001-03-02	-9.916393490406463
2001-03-03	2.5935839620705634
2001-03-04	10.191167044494142
2001-03-05	12.253635295562386
2001-03-06	8.919091032008186
2001-03-07	-34.25785141010725
2001-03-08	-17.173019788875166
2001-03-09	1.5976583920738636
2001-03-10	14.913869359363847
2001-03-11	14.431921707505735
2001-03-12	-6.738291313693954
2001-03-13	-8.386497062857696
2001-03-14	-2.3274635600561426
2001-03-15	-10.471323706469244
2001-03-16	-12.159643346165572
2001-03-17	-9.595728506650381
2001-03-18	7.600445063869263
2001-03-19	2.230418540973691
2001-03-20	9.127126918557915
2001-03-21	23.81178184650777
2001-03-22	-20.97690366587873
2001-03-23	19.89183281439442
2001-03-24	17.21761153320432
2001-03-25	-18.32725231338024
2001-03-26	8.77480439698268
2001-03-27	24.25935003779123
2001-03-28	-5.589556892240702
2001-03-29	27.58531802861573
2001-03-30	8.087199336688098
2001-03-31	-20.16118558619597
2001-04-01	14.117792965977271
2001-04-02	-30.853468205779354
2001-04-03	-22.009934699114194
2001-04-04	-8.455917047530018
2001-04-05	7.302825637242574
2001-04-06	27.317084601700113
2001-04-07	-40.87206875697676
2001-04-08	11.431229919482
2001-04-09	0.9222001637671213
2001-04-10	-13.830323265820054
2001-04-11	-8.723098078728231
2001-04-12	-6.612773697886488
2001-04-13	3.4111669262783773
2001-04-14	6.196434935849254
2001-04-15	-5.978859810450124
2001-04-16	39.12997272203578
2001-04-17	-2.840418840095893
2001-04-18	-9.983760626858635
2001-04-19	-7.533601453838594
2001-04-20	-14.891640470087252
2001-04-21	-13.708625840404476
2001-04-22	-3.9186442593995414
2001-04-23	-22.360179384877515
2001-04-24	24.96893960083896
2001-04-25	3.7162170486698276
2001-04-26	17.770462481940154
2001-04-27	-19.91621793927632
2001-04-28	-7.585495074918008
2001-04-29	-13.948579881171291
2001-04-30	-24.788970505098945
2001-05-01	-16.73235514250375
2001-05-02	13.824517478569456
2001-05-03	-3.3659307086501835
2001-05-04	1.1044509759207484
2001-05-05	-23.16905443840838
2001-05-06	1.2558769206083908
2001-05-07	-3.7262557255683415
2001-05-08	16.739115535071353
2001-05-09	10.669845356397696
2001-05-10	-18.41352447240574
2001-05-11	-31.208533297655258
2001-05-12	5.774408247158632
2001-05-13	-31.81774382589223
2001-05-14	-33.066163209024275
2001-05-15	-20.29781164083485
2001-05-16	30.42328257164201
2001-05-17	2.1428173834156556
2001-05-18	6.507160136244763
2001-05-19	15.582935214052796
2001-05-20	42.22216423726835
2001-05-21	-7.7573839704829055
2001-05-22	2.645276235675788
2001-05-23	42.68664799242247
2001-05-24	27.01080135869487
2001-05-25	-30.19416851957607
2001-05-26	-19.962806467231218
2001-05-27	-20.55608423107466
2001-05-28	53.20488385825167
2001-05-29	19.431357108741835
2001-05-30	2.5487219501140075
2001-05-31	-27.77448447716932
2001-06-01	1.4957206956729643
2001-06-02	-13.907843158000052
2001-06-03	-3.3225313106319483
2001-06-04	45.84317679093035
2001-06-05	2.8810649184267083
2001-06-06	3.176206428745795
2001-06-07	18.544905499234318
2001-06-08	-40.72230155086911
2001-06-09	2.5703890377419416
2001-06-10	3.707710256202417
2001-06-11	34.212872943796064
2001-06-12	18.49534554430982
2001-06-13	12.799171145431524
2001-06-14	3.1361108917701612
2001-06-15	-29.209404849916147
2001-06-16	-13.665840782856902
2001-06-17	3.8228144738088856
2001-06-18	11.985878594842227
2001-06-19	21.23033702654557
2001-06-20	0.04964689442454995
2001-06-21	0.13048429580463994
2001-06-22	2.58272482973893
2001-06-23	17.140096049830852
2001-06-24	-29.822225688227896
2001-06-25	-4.906876533602401
2001-06-26	-25.205729858491697
2001-06-27	-15.129761921147402
2001-06-28	17.386522454490866
2001-06-29	5.4625498474786225
2001-06-30	-10.042931511507929
2001-07-01	-2.8101704081349386
2001-07-02	-20.56158317573701
2001-07-03	-6.589944919165882
2001-07-04	5.9554675825261505
2001-07-05	30.911699257584843
2001-07-06	27.841162696098415
2001-07-07	24.7428128727105
2001-07-08	33.87205865869292
2001-07-09	-10.179051946915592
2001-07-10	-18.99916169809644
2001-07-11	-19.975850317492142
2001-07-12	12.989683453444227
2001-07-13	-36.58527251101987
2001-07-14	-25.400483916077057
2001-07-15	46.75575950352783
2001-07-16	-7.649534558883577
2001-07-17	-0.5692071534599723
2001-07-18	-29.042932826397983
2001-07-19	25.04172291043282
2001-07-20	-45.72638379465944
2001-07-21	3.132995057625095
2001-07-22	-31.268335437616194
2001-07-23	-38.70410642144478
2001-07-24	18.796238811544608
2001-07-25	-3.143802868260323
2001-07-26	43.71015755713376
2001-07-27	38.546722788571
2001-07-28	-6.652231218678773
2001-07-29	12.737157972047774
2001-07-30	1.151516023245457
2001-07-31	-9.21177474825052
2001-08-01	6.088517920815084
2001-08-02	-28.69899565731221
2001-08-03	4.414141168870349
2001-08-04	17.45787889977246
2001-08-05	-39.96485136877376
2001-08-06	-34.18844794170071
2001-08-07	-27.747922406916825
2001-08-08	32.644229520221025
2001-08-09	-2.2534290392451855
2001-08-10	15.651377582169477
2001-08-11	2.722661574075336
2001-08-12	3.2356708445948925
2001-08-13	-25.736782846028852
2001-08-14	30.421320503018254
2001-08-15	6.3201197278325925
2001-08-16	6.425637230738067
2001-08-17	-8.909576866456145
2001-08-18	7.317448594476543
2001-08-19	-24.072671506509657
2001-08-20	-13.540012851984338
2001-08-21	-13.615687298919726
2001-08-22	1.2439347683274073
2001-08-23	2.6365737060054277
2001-08-24	7.020580458980476
2001-08-25	-1.0724986932247715
2001-08-26	-42.13763572392755
2001-08-27	32.06811208742099
2001-08-28	-39.16797146175607
2001-08-29	5.678022745165929
2001-08-30	40.06810882500411
2001-08-31	-32.44905497433492
2001-09-01	-20.540513388992807
2001-09-02	-6.414808811131295
2001-09-03	0.636167321932364
2001-09-04	-5.29214069395676
2001-09-05	-24.4931735738669
2001-09-06	-5.8342581966758065
2001-09-07	-1.085573888349762
2001-09-08	-10.864707355021363
2001-09-09	-8.423423689169532
2001-09-10	40.91827829404711
2001-09-11	24.99706512459105
2001-09-12	-46.79951288453802
2001-09-13	-19.163249747982913
2001-09-14	12.850815934362817
2001-09-15	-39.14536580631649
2001-09-16	-21.355914185381664
2001-09-17	9.773079541658017
2001-09-18	-5.343415308570475
2001-09-19	18.334949613494803
2001-09-20	-28.395623338407617
2001-09-21	41.00577775250769
2001-09-22	-8.106561823342611
2001-09-23	-19.580038425791635
2001-09-24	13.182152273394856
2001-09-25	8.25417460949255
2001-09-26	52.69056360942797
2001-09-27	-6.543395549857842
2001-09-28	-25.85115311503962
2001-09-29	-3.244613902879589
2001-09-30	21.66390056168271
2001-10-01	17.338445958083504
2001-10-02	11.311340298017061
2001-10-03	30.030281503725213
2001-10-04	-12.709464198291625
2001-10-05	-4.517223294558222
2001-10-06	-11.49841387568017
2001-10-07	23.88786741927492
2001-10-08	-8.543175887812334
2001-10-09	9.605244432914388
2001-10-10	15.286859841721368
2001-10-11	-17.06767123323477
2001-10-12	24.46660045211075
2001-10-13	-15.624804238898317
2001-10-14	-32.017415607080444
2001-10-15	-23.67357709597573
2001-10-16	-14.506970019995558
2001-10-17	8.836525657193759
2001-10-18	-14.834667160043042
2001-10-19	1.9120090450121454
2001-10-20	-11.374589054318571
2001-10-21	5.555810421473424
2001-10-22	-18.77163768919033
2001-10-23	13.070006692005363
2001-10-24	-1.5758934067939971
2001-10-25	-22.71037504833988
2001-10-26	-16.18165933741092
2001-10-27	18.605664377708834
2001-10-28	-21.742759320665236
2001-10-29	-7.558869150323469
2001-10-30	13.16526405041709
2001-10-31	-35.5411130471812
2001-11-01	-4.448593380010051
2001-11-02	-2.3893804643931142
2001-11-03	-7.741338196056292
2001-11-04	-56.32576877689458
2001-11-05	32.31395531499741
2001-11-06	19.5071673306468
2001-11-07	-12.527725362599654
2001-11-08	7.254002045017281
2001-11-09	-6.8990179280134285
2001-11-10	-16.169083042461875
2001-11-11	16.11706911629542
2001-11-12	-19.99420768375429
2001-11-13	11.229411299702395
2001-11-14	34.02971637789548
2001-11-15	-9.970311697506052
2001-11-16	-2.8556212763423856
2001-11-17	25.989693255536753
2001-11-18	-31.141117465915222
2001-11-19	-9.522208222960707
2001-11-20	41.357377429289535
2001-11-21	-19.65171856587184
2001-11-22	11.595374806342782
2001-11-23	-12.132117508618693
2001-11-24	-21.903539821713252
2001-11-25	0.5700282720855824
2001-11-26	8.118936409570964
2001-11-27	-31.742063058883808
2001-11-28	35.580070254779976
2001-11-29	-23.293061773807302
2001-11-30	-17.043602582049242
2001-12-01	18.0015367308796
2001-12-02	37.998346731249484
2001-12-03	-12.739595743043587
2001-12-04	5.200836191133137
2001-12-05	-8.597931186487667
2001-12-06	12.992270058191474
2001-12-07	2.3826399605398345
2001-12-08	-26.019279109671665
2001-12-09	-49.94722390923143
2001-12-10	2.1149040288818988
2001-12-11	4.121685742554951
2001-12-12	1.7589975818436785
2001-12-13	1.2259953706050875
2001-12-14	15.420657427901572
2001-12-15	14.404373782002903
2001-12-16	12.864942171974755
2001-12-17	2.6537682485371743
2001-12-18	-10.130458920732027
2001-12-19	-29.97420637169472
2001-12-20	-10.395270223383212
2001-12-21	8.709163308973892
2001-12-22	13.377890962871405
2001-12-23	-36.658941826136314
2001-12-24	4.170084453620813
2001-12-25	-5.3311766230012685
2001-12-26	-13.398632726804667
2001-12-27	-18.2653720330822
2001-12-28	7.253542183743577
2001-12-29	10.313783908832525
2001-12-30	-11.591342796433656
2001-12-31	50.4917610970052
2002-01-01	15.07036194943369
2002-01-02	32.36758269515293
2002-01-03	-16.428975059599974
2002-01-04	-13.672569253382074
2002-01-05	16.346862268964166
2002-01-06	-3.971484913509104
2002-01-07	-0.8697180215442843
2002-01-08	52.39542464736468
2002-01-09	6.757617024981217
2002-01-10	-7.943044330381294
2002-01-11	-2.427461561786104
2002-01-12	32.09416629676473
2002-01-13	13.182901018342413
2002-01-14	-2.858904975847407
2002-01-15	-11.562029234753435
2002-01-16	-19.037578379327613
2002-01-17	-29.371226199235625
2002-01-18	-7.576519089600481
2002-01-19	2.019148960727267
2002-01-20	14.610290012523325
2002-01-21	0.9610299712053598
2002-01-22	-8.020647709473602
2002-01-23	2.9902977712619068
2002-01-24	-1.0642021769123768
2002-01-25	16.340122602042587
2002-01-26	-0.5677340322443474
2002-01-27	9.184228969658976
2002-01-28	4.298953504366008
2002-01-29	-8.207802661870936
2002-01-30	15.007647315291605
2002-01-31	-21.749684492727102
2002-02-01	32.5736700401861
2002-02-02	18.755231443985398
2002-02-03	-8.240169891508467
2002-02-04	15.62298525787804
2002-02-05	-21.664214031518018
2002-02-06	-37.04772462084108
2002-02-07	-15.533409906240408
2002-02-08	-9.624244886964092
2002-02-09	13.426986452401461
2002-02-10	-8.126763198227918
2002-02-11	17.691242732473942
2002-02-12	16.534586416572516
2002-02-13	-22.115754524581913
2002-02-14	14.300649352279095
2002-02-15	5.779014761205843
2002-02-16	-46.32833331446222
2002-02-17	-8.901485476318356
2002-02-18	-11.157525761220334
2002-02-19	-23.616352269651514
2002-02-20	4.002626083425153
2002-02-21	-11.091224498863072
2002-02-22	-29.65237933946542
2002-02-23	-1.698435357521862
2002-02-24	-26.90390875858522
2002-02-25	30.717393098491485
2002-02-26	-29.45196298085573
2002-02-27	17.103311524697858
2002-02-28	-13.562471398579852
2002-03-01	-11.435763259916294
2002-03-02	18.726238397280188
2002-03-03	5.976764983634453
2002-03-04	0.4348154871381432
2002-03-05	-11.525269045360307
2002-03-06	-12.752508503188437
2002-03-07	-30.56810265147196
2002-03-08	9.778675250604433
2002-03-09	0.22990362222497762
2002-03-10	-20.760797780998193
2002-03-11	9.921045332933174
2002-03-12	-7.866948258450856
2002-03-13	-14.185597045990475
2002-03-14	12.799310957959348
2002-03-15	2.72781991919951
2002-03-16	5.534532598051891
2002-03-17	-9.391844228112046
2002-03-18	38.91830014480299
2002-03-19	-0.1806310258167534
2002-03-20	-22.82518664484706
2002-03-21	11.368225768395282
2002-03-22	13.29018834697734
2002-03-23	-32.333822538600906
2002-03-24	-20.490941994504436
2002-03-25	-17.827359071599954
2002-03-26	36.89774065184983
2002-03-27	43.21909142014394
2002-03-28	8.709470780867886
2002-03-29	14.776234719681202
2002-03-30	-23.686874177297426
2002-03-31	7.760074909704562
2002-04-01	14.24013826714574
2002-04-02	-2.651145693261162
2002-04-03	-27.337549802067336
2002-04-04	-1.3011971507765134
2002-04-05	-14.784299668376422
2002-04-06	-25.147554794766723
2002-04-07	-12.824332132306791
2002-04-08	3.116393591878399
2002-04-09	7.249705882143167
2002-04-10	16.848187252912542
2002-04-11	-15.44967955824519
2002-04-12	1.1478131451616063
2002-04-13	1.5023925335105823
2002-04-14	13.53867206722254
2002-04-15	-3.9284864734813034
2002-04-16	-8.746869841998672
2002-04-17	46.36012363675332
2002-04-18	21.85330533373666
2002-04-19	25.99346476255194
2002-04-20	2.4758719798086064
2002-04-21	-24.145005762736112
2002-04-22	-4.867961376316132
2002-04-23	7.507061292280225
2002-04-24	-0.17089187942253292
2002-04-25	13.111149052054941
2002-04-26	4.592459041747709
2002-04-27	-4.070043345694358
2002-04-28	-20.949147890741223
2002-04-29	10.283808362910861
2002-04-30	-7.367531795070715
2002-05-01	-46.35025084524328
2002-05-02	-34.35220511424315
2002-05-03	20.435368080813415
2002-05-04	-23.535671458331258
2002-05-05	19.619175334152995
2002-05-06	13.5226186507862
2002-05-07	-34.191517242603446
2002-05-08	8.213903300636794
2002-05-09	-4.132232227949212
2002-05-10	-6.202396664974645
2002-05-11	11.02981979125749
2002-05-12	4.867567666402259
2002-05-13	7.463903699982884
2002-05-14	27.10277557707097
2002-05-15	-16.362936774815438
2002-05-16	26.380245956598447
2002-05-17	4.184832273606891
2002-05-18	-26.348490826054196
2002-05-19	-13.995766282518058
2002-05-20	-21.584236561711485
2002-05-21	44.82154988721943
2002-05-22	19.024238984624052
2002-05-23	41.69973129174591
2002-05-24	-3.6842250185261722
2002-05-25	-16.85273036026974
2002-05-26	6.173757098125706
2002-05-27	-32.880067425274895
2002-05-28	19.490563543896226
2002-05-29	-20.26438292428224
2002-05-30	6.465924659983174
2002-05-31	-16.710070517070452
2002-06-01	1.3302096539947499
2002-06-02	-17.31356170164012
2002-06-03	-16.270035354666994
2002-06-04	0.3136298721131736
2002-06-05	-15.186422785060756
2002-06-06	5.21446038061727
2002-06-07	11.61626876214345
2002-06-08	-41.10320884944445
2002-06-09	-2.1729667318977235
2002-06-10	3.4220052374285377
2002-06-11	4.794764546921278
2002-06-12	-14.139195980969326
2002-06-13	8.249071758670498
2002-06-14	19.04076157529152
2002-06-15	-60.045809236182606
2002-06-16	-30.59242510298782
2002-06-17	-19.963544174307874
2002-06-18	16.83256023624654
2002-06-19	1.797319787900404
2002-06-20	-0.24335254801591355
2002-06-21	-36.60010103348793
2002-06-22	3.6838393051556215
2002-06-23	-55.78674249028737
2002-06-24	4.706984820549424
2002-06-25	-14.049632302666057
2002-06-26	-20.104677279716178
2002-06-27	14.780599015172456
2002-06-28	-4.673782327857698
2002-06-29	-14.289120418717905
2002-06-30	-19.67523973056276
2002-07-01	12.25718427129816
2002-07-02	-12.852136308985807
2002-07-03	-19.448062296812164
2002-07-04	-24.550719281421202
2002-07-05	13.91766317844162
2002-07-06	15.024879782050716
2002-07-07	4.7411624924609885
2002-07-08	18.228316395844352
2002-07-09	-3.13799049813767
2002-07-10	10.243961439243941
2002-07-11	19.038280865216525
2002-07-12	51.41020027240689
2002-07-13	-9.439723252173021
2002-07-14	-5.403955745834641
2002-07-15	7.503245512489637
2002-07-16	-1.7180821851026387
2002-07-17	0.5572545767888614
2002-07-18	5.965233762856638
2002-07-19	16.794434018951833
2002-07-20	-4.716464246882494
2002-07-21	10.191896622301465
2002-07-22	-35.20594623420353
2002-07-23	24.97349247801891
2002-07-24	2.096261670064761
2002-07-25	-30.699118160300355
2002-07-26	0.9522568410087977
2002-07-27	-0.8189586399508533
2002-07-28	21.88076860805551
2002-07-29	-2.8921652135113085
2002-07-30	-22.927321489414794
2002-07-31	-8.691570648492116
2002-08-01	20.284803609815764
2002-08-02	-0.7404207246160421
2002-08-03	-3.3788520662382595
2002-08-04	-43.76905266338037
2002-08-05	35.45891246918222
2002-08-06	-8.382300008912745
2002-08-07	28.02506349368878
2002-08-08	46.55491619867232
2002-08-09	16.499683819179683
2002-08-10	12.43078173381659
2002-08-11	-27.493596732056627
2002-08-12	30.525983815112824
2002-08-13	-8.544185356924595
2002-08-14	14.915455851225948
2002-08-15	12.785904854696545
2002-08-16	-27.774521723170647
2002-08-17	23.91009301266244
2002-08-18	-22.698319952559544
2002-08-19	-2.2079161096327775
2002-08-20	19.667228237473125
2002-08-21	-8.291646421788768
2002-08-22	11.29470287802687
2002-08-23	7.337722754200802
2002-08-24	1.9076494026434079
2002-08-25	-12.883083050154589
2002-08-26	5.725928406672192
2002-08-27	3.26054060200532
2002-08-28	-9.43166905346527
2002-08-29	-27.003833489871436
2002-08-30	-32.69844345695628
2002-08-31	-20.46656467371063
2002-09-01	-5.683016161487771
2002-09-02	26.375313785182325
2002-09-03	-23.172099535359553
2002-09-04	-9.197460111046368
2002-09-05	-6.692549255672006
2002-09-06	15.87820545259735
2002-09-07	9.087513867101668
2002-09-08	-15.286329375912366
2002-09-09	-2.3002721547385274
2002-09-10	-1.2285974245602798
2002-09-11	-1.4049449440210424
2002-09-12	26.923111937915515
2002-09-13	-8.332760699914207
2002-09-14	7.313589389913239
2002-09-15	-36.885935002506
2002-09-16	-4.63931990164424
2002-09-17	19.979893515701008
2002-09-18	-18.933992137465125
2002-09-19	7.454265642298663
2002-09-20	-2.4709394521594925
2002-09-21	7.986378849231679
2002-09-22	-44.529454835609805
2002-09-23	-25.774677127723333
2002-09-24	2.2907383576262315
2002-09-25	8.629795024590027
2002-09-26	25.758653267600753
2002-09-27	-2.7842012052109766
2002-09-28	-28.167442689775182
2002-09-29	-6.25134989117646
2002-09-30	-11.01004986138801
2002-10-01	-37.65940049928067
2002-10-02	-8.000287292647844
2002-10-03	-3.579402871875673
2002-10-04	1.4732795295482761
2002-10-05	-19.758025584165424
2002-10-06	-27.95789433280022
2002-10-07	25.785012317767393
2002-10-08	14.338116242205166
2002-10-09	19.84224586675759
2002-10-10	-28.46624633030682
2002-10-11	27.14331726345807
2002-10-12	-26.84096055443886
2002-10-13	38.99865460709847
2002-10-14	-24.441686762545757
2002-10-15	9.075423652588656
2002-10-16	4.107067623645253
2002-10-17	-12.867920021275614
2002-10-18	-0.24980741597905864
2002-10-19	7.585985644813774
2002-10-20	6.302736153728901
2002-10-21	-16.54726596880606
2002-10-22	-6.874595264917021
2002-10-23	4.5031666424716725
2002-10-24	49.33561265164735
2002-10-25	-9.350236531371275
2002-10-26	-57.620460939188824
2002-10-27	-12.173930992491425
2002-10-28	-4.9320003142793745
2002-10-29	0.97469438320304
2002-10-30	18.00468472571572
2002-10-31	2.9177352006806894
2002-11-01	3.8386363236738266
2002-11-02	-9.771675608018851
2002-11-03	23.230425560380798
2002-11-04	-4.078190778050531
2002-11-05	-5.822030364708798
2002-11-06	21.187998474995087
2002-11-07	40.27646108935051
2002-11-08	-4.145644331451936
2002-11-09	-34.31303039462465
2002-11-10	-4.378970725192291
2002-11-11	-5.967239711263588
2002-11-12	9.72986480395865
2002-11-13	-15.548145992431941
2002-11-14	-39.65195539294528
2002-11-15	-35.09097824934878
2002-11-16	16.491859242337874
2002-11-17	52.798212425284575
2002-11-18	-47.427474571021385
2002-11-19	-11.412790833658326
2002-11-20	-5.349515671332878
2002-11-21	22.620971287428517
2002-11-22	3.0046308332317206
2002-11-23	-1.0254018351897145
2002-11-24	-49.43328682087569
2002-11-25	6.76995267663339
2002-11-26	-39.02632132645326
2002-11-27	27.284551582048223
2002-11-28	13.822558369730844
2002-11-29	1.3442789198374459
2002-11-30	3.6945088122316054
2002-12-01	-0.03708484191626238
2002-12-02	14.128861917658694
2002-12-03	1.779851786996263
2002-12-04	14.323959887661472
2002-12-05	-21.804366901735587
2002-12-06	-9.816647789920772
2002-12-07	-3.66531355428579
2002-12-08	-12.425529925961703
2002-12-09	-21.939583160792058
2002-12-10	40.368243845639135
2002-12-11	-8.84317687869966
2002-12-12	14.864271201090018
2002-12-13	-17.22074048822818
2002-12-14	1.0400828895508936
2002-12-15	8.581429369741999
2002-12-16	2.7696185697741345
2002-12-17	29.407197554197083
2002-12-18	21.724709965346666
2002-12-19	-8.699714153065797
2002-12-20	-34.16980907815434
2002-12-21	-26.952152187929926
2002-12-22	-30.094989814068484
2002-12-23	11.14248087337028
2002-12-24	-13.052100748520242
2002-12-25	-6.684698698251279
2002-12-26	41.30214964444153
2002-12-27	32.484165162826024
2002-12-28	-8.976536573458876
2002-12-29	-4.3127459684486285
2002-12-30	14.4035700355713
2002-12-31	-7.93309822187863
2003-01-01	-14.38401351295398
2003-01-02	18.961042250076677
2003-01-03	-10.378270226274928
2003-01-04	-21.92660584206695
2003-01-05	0.8816180941638843
2003-01-06	4.7439621568426
2003-01-07	12.766464386703838
2003-01-08	-0.49179365575439293
2003-01-09	27.14314975050209
2003-01-10	19.60954882166743
2003-01-11	-24.096721628014933
2003-01-12	16.371930429067042
2003-01-13	-6.077873295326481
2003-01-14	-0.30576449543891915
2003-01-15	22.47171766755412
2003-01-16	4.882792994956868
2003-01-17	31.16481696609534
2003-01-18	19.842712662541597
2003-01-19	16.212060891519556
2003-01-20	8.856611894701453
2003-01-21	-2.771111326578022
2003-01-22	-14.11418452858871
2003-01-23	-31.551791935678885
2003-01-24	-16.400992006649336
2003-01-25	15.027275846319565
2003-01-26	3.1606617158716217
2003-01-27	-13.83293498172065
2003-01-28	-8.347984089745697
2003-01-29	-21.0847411588798
2003-01-30	-24.069655734656987
2003-01-31	23.853538069569918
2003-02-01	23.049896296607567
2003-02-02	42.026147179722706
2003-02-03	-6.454408559671032
2003-02-04	-27.93574170190999
2003-02-05	-38.593614697324995
2003-02-06	14.332997229545859
2003-02-07	20.866283007198955
2003-02-08	0.4856065458960592
2003-02-09	-19.773281521380024
2003-02-10	10.461152363615513
2003-02-11	11.084729755031349
2003-02-12	-4.10320835670589
2003-02-13	-8.31420127764357
2003-02-14	18.23389191304475
2003-02-15	-1.8630631107367221
2003-02-16	13.86949547294288
2003-02-17	21.24175829092357
2003-02-18	53.19092830403279
2003-02-19	-8.001136188269939
2003-02-20	58.5204503532101
2003-02-21	9.862307043497417
2003-02-22	-32.06797855990037
2003-02-23	16.915458136680094
2003-02-24	-45.06285336747868
2003-02-25	11.008504327868229
2003-02-26	-14.433904578780865
2003-02-27	-27.969141218717464
2003-02-28	12.681818736263828
2003-03-01	28.17649897453857
2003-03-02	4.228898511981563
2003-03-03	-50.3790069737329
2003-03-04	-8.849189724049259
2003-03-05	7.19315747944148
2003-03-06	0.44708160318865653
2003-03-07	14.734591876600362
2003-03-08	33.469582433504875
2003-03-09	11.679106919947351
2003-03-10	-12.316472974257454
2003-03-11	-26.016472722777664
2003-03-12	7.268311061986234
2003-03-13	-6.073497853936677
2003-03-14	25.686952402982147
2003-03-15	-6.586180947088764
2003-03-16	18.052326403751504
2003-03-17	-8.471951964808534
2003-03-18	30.988468018319537
2003-03-19	-14.751212548169992
2003-03-20	-4.3534654538121185
2003-03-21	-3.2656810973738413
2003-03-22	-21.81503562919511
2003-03-23	13.28237899275894
2003-03-24	-3.866445113524305
2003-03-25	-2.5655573202671
2003-03-26	16.93824838082399
2003-03-27	26.58926426602127
2003-03-28	9.991323023860136
2003-03-29	-12.382521212654918
2003-03-30	25.402680822009362
2003-03-31	12.85974342002686
2003-04-01	27.392036900493263
2003-04-02	17.530583907424763
2003-04-03	-14.79051476399108
2003-04-04	29.558110949646203
2003-04-05	16.685553789164405
2003-04-06	21.209420534623472
2003-04-07	38.07145335909326
2003-04-08	-62.41132408303389
2003-04-09	-1.2941200486978393
2003-04-10	-10.798990701132306
2003-04-11	11.749917937813217
2003-04-12	-23.457996022892747
2003-04-13	28.801030616861574
2003-04-14	-11.8240028842535
2003-04-15	16.693787781358434
2003-04-16	-0.3746710514428655
2003-04-17	5.923344134659724
2003-04-18	11.057961504074456
2003-04-19	-6.913487658122867
2003-04-20	33.966951548883415
2003-04-21	-22.38503217641431
2003-04-22	18.804758029779425
2003-04-23	9.6357937415741
2003-04-24	8.408869152802692
2003-04-25	8.307632139396356
2003-04-26	15.356575616337393
2003-04-27	12.522479695379715
2003-04-28	22.071489304771195
2003-04-29	4.591467602920669
2003-04-30	31.293922992200702
2003-05-01	-3.8766112492330853
2003-05-02	-35.73835555979205
2003-05-03	0.975942801822041
2003-05-04	19.88087739376483
2003-05-05	-5.989768028219996
2003-05-06	-1.1891593836531207
2003-05-07	-12.59988795581274
2003-05-08	41.15475307170157
2003-05-09	1.1507689121058855
2003-05-10	9.380485701194717
2003-05-11	5.357523964481714
2003-05-12	5.776182084852515
2003-05-13	-0.2895264378687843
2003-05-14	9.7705994992072
2003-05-15	10.75411618094444
2003-05-16	-16.829957035978868
2003-05-17	7.822348094665866
2003-05-18	16.684094216553415
2003-05-19	-12.42802243811837
2003-05-20	2.440385535696688
2003-05-21	-34.00108933116286
2003-05-22	15.610447131122562
2003-05-23	-46.68363316163796
2003-05-24	13.689841167153244
2003-05-25	37.53660469192716
2003-05-26	26.393261270305622
2003-05-27	1.652807365046616
2003-05-28	0.23981926220014005
2003-05-29	3.734131903938123
2003-05-30	23.29342660965636
2003-05-31	32.947457251976296
2003-06-01	-3.393954550852829
2003-06-02	39.374776093833745
2003-06-03	40.789337325127114
2003-06-04	17.52815387741411
2003-06-05	12.75338326381033
2003-06-06	3.894121401516328
2003-06-07	-11.895969699234154
2003-06-08	-12.53529434443288
2003-06-09	10.966509154808255
2003-06-10	14.486669932855998
2003-06-11	-12.61340306365916
2003-06-12	33.06657364991822
2003-06-13	11.117706914083115
2003-06-14	-10.852320196344047
2003-06-15	1.199201940106317
2003-06-16	-5.524201021505703
2003-06-17	55.17652144183306
2003-06-18	-49.68552538740963
2003-06-19	-18.05627964574746
2003-06-20	42.409849867317824
2003-06-21	17.32045956796505
2003-06-22	22.105824553344245
2003-06-23	39.283926344339825
2003-06-24	-3.2343697865586964
2003-06-25	-26.785533042918047
2003-06-26	7.342484831293985
2003-06-27	-13.218048618846161
2003-06-28	-9.74412012034543
2003-06-29	-12.681611531402691
2003-06-30	-32.72642316610701
2003-07-01	39.17491810888366
2003-07-02	24.55492115359554
2003-07-03	-2.016337980571987
2003-07-04	-29.46256330137002
2003-07-05	-12.712338071432026
2003-07-06	-7.580582840678801
2003-07-07	11.205155918766229
2003-07-08	8.791144570246129
2003-07-09	-28.413988333090966
2003-07-10	-7.319406726715677
2003-07-11	-9.120700008328313
2003-07-12	-36.84540930474846
2003-07-13	10.831270880438376
2003-07-14	-11.713109330553879
2003-07-15	31.861636831904757
2003-07-16	-14.567744440056522
2003-07-17	-9.75162260729526
2003-07-18	2.89485420568072
2003-07-19	30.60551588271333
2003-07-20	23.00545106550734
2003-07-21	-15.356730945947877
2003-07-22	-19.25787390356688
2003-07-23	39.16192077491328
2003-07-24	1.865590927938921
2003-07-25	-19.665077240765363
2003-07-26	18.511338202241056
2003-07-27	0.8852344823964807
2003-07-28	0.8944903375943165
2003-07-29	-5.624247909908275
2003-07-30	-2.5707419586315208
2003-07-31	-34.755231994812895
2003-08-01	-21.872581142519998
2003-08-02	16.503799106996258
2003-08-03	-41.31582063384551
2003-08-04	23.645684962353926
2003-08-05	-15.02080943346634
2003-08-06	-26.783750952607427
2003-08-07	-7.743548354229567
2003-08-08	-6.2550880656929815
2003-08-09	-5.5002973972239415
2003-08-10	-28.13078421830602
2003-08-11	-13.845353612849232
2003-08-12	2.515889554851766
2003-08-13	27.318270642650695
2003-08-14	8.84033332215021
2003-08-15	2.0749955887608067
2003-08-16	4.1046713106512005
2003-08-17	17.1610267961039
2003-08-18	13.213180614276995
2003-08-19	18.58815383493392
2003-08-20	16.7499062778021
2003-08-21	13.675362968402693
2003-08-22	11.578127980948407
2003-08-23	-8.130764530500377
2003-08-24	10.09857552601793
2003-08-25	-32.65815950915128
2003-08-26	28.467181138646936
2003-08-27	28.96724695568928
2003-08-28	-15.488213245740354
2003-08-29	20.74577534995747
2003-08-30	-6.890297899157935
2003-08-31	-29.311620954591973
2003-09-01	12.001844758089725
2003-09-02	5.624889051122956
2003-09-03	13.342343315026138
2003-09-04	8.80388449375609
2003-09-05	-21.970089570307504
2003-09-06	-25.891438294693298
2003-09-07	-5.791153805752978
2003-09-08	-51.91915214756937
2003-09-09	-9.559258702155052
2003-09-10	12.161209333842285
2003-09-11	17.991744777271812
2003-09-12	-10.484488306045822
2003-09-13	-4.5329765112492195
2003-09-14	-13.314327994280372
2003-09-15	3.963182195476989
2003-09-16	-12.283355129440025
2003-09-17	34.54680159741817
2003-09-18	-8.644609361910627
2003-09-19	13.839644378851615
2003-09-20	-6.588926296617684
2003-09-21	21.92481875264315
2003-09-22	25.38804157123366
2003-09-23	-22.790054701670513
2003-09-24	39.737133583904004
2003-09-25	23.82606732644011
2003-09-26	-37.86374995421569
2003-09-27	-16.167663265527974
2003-09-28	15.896823254660896
2003-09-29	-20.333720001254385
2003-09-30	7.856904185153929
2003-10-01	41.513908524535765
2003-10-02	56.285039239506965
2003-10-03	21.205513140860848
2003-10-04	-16.152402159550615
2003-10-05	41.62401385783923
2003-10-06	4.394809950689961
2003-10-07	3.95445918996519
2003-10-08	4.130187161173732
2003-10-09	9.07839503794811
2003-10-10	-13.326311414723662
2003-10-11	23.753524020308063
2003-10-12	-3.5905534298162456
2003-10-13	32.33605143055532
2003-10-14	18.344862843196246
2003-10-15	-3.7006775304464767
2003-10-16	-10.749339433010276
2003-10-17	17.044728429900463
2003-10-18	-2.124747536705529
2003-10-19	-2.656935905670152
2003-10-20	14.901807554087293
2003-10-21	30.730029176093414
2003-10-22	-11.57641717009201
2003-10-23	-15.680559091882742
2003-10-24	-9.097227287292858
2003-10-25	14.228231843589544
2003-10-26	31.665244597273748
2003-10-27	-12.865765105848784
2003-10-28	-2.8872673669408098
2003-10-29	-17.136284872356274
2003-10-30	1.0195911631358945
2003-10-31	7.622803233377453
2003-11-01	9.457881479700704
2003-11-02	2.589998132006719
2003-11-03	-22.581961860987917
2003-11-04	-10.16255800062472
2003-11-05	14.780656683687894
2003-11-06	-0.6252445083877871
2003-11-07	17.047863261856577
2003-11-08	34.87815131641133
2003-11-09	10.740781406438604
2003-11-10	15.074075627085437
2003-11-11	6.158967019893465
2003-11-12	-1.3039490362127022
2003-11-13	-7.393574624426119
2003-11-14	-19.2227994416528
2003-11-15	14.59559425581976
2003-11-16	-0.636502303524823
2003-11-17	14.161068410698844
2003-11-18	-21.074301770249807
2003-11-19	-5.615485990985016
2003-11-20	13.839077232322039
2003-11-21	7.365321103676722
2003-11-22	-0.19998889492627803
2003-11-23	4.915731484856861
2003-11-24	-5.654363588381519
2003-11-25	-7.438115237154124
2003-11-26	4.983214654561056
2003-11-27	-9.44271709380307
2003-11-28	-20.128657766317676
2003-11-29	-8.885361642424064
2003-11-30	-10.862413541872243
2003-12-01	9.37910601347893
2003-12-02	-10.347163005084948
2003-12-03	12.86798820907015
2003-12-04	25.09773450946967
2003-12-05	9.396674153965295
2003-12-06	-6.898040161578087
2003-12-07	22.035956456168368
2003-12-08	20.399428957221073
2003-12-09	41.83625066016596
2003-12-10	-30.289453798176407
2003-12-11	-1.6437972276143753
2003-12-12	-12.921595908911018
2003-12-13	47.27431806219591
2003-12-14	2.63449826808921
2003-12-15	-29.367312628788593
2003-12-16	-3.5661788862406834
2003-12-17	-10.534400646924542
2003-12-18	-21.951975755850512
2003-12-19	-6.554104582568063
2003-12-20	1.5895808518056396
2003-12-21	30.476444367127392
2003-12-22	2.570773443840672
2003-12-23	-18.034061897339537
2003-12-24	-17.865263959951328
2003-12-25	22.061087992433734
2003-12-26	14.151006487644189
2003-12-27	-31.387941085897573
2003-12-28	5.999887566728519
2003-12-29	-39.330292533659296
2003-12-30	9.61967363592668
2003-12-31	16.451678316423784
2004-01-01	-40.19714907801463
2004-01-02	11.016480566906639
2004-01-03	28.444725617926068
2004-01-04	-46.358220615321606
2004-01-05	-15.845741278754009
2004-01-06	32.08824609180281
2004-01-07	-26.0032237322149
2004-01-08	14.21222119768046
2004-01-09	17.05185452083456
2004-01-10	22.188127323052505
2004-01-11	13.236197096019518
2004-01-12	19.802790148557616
2004-01-13	27.046798375040566
2004-01-14	-0.13715948774839282
2004-01-15	7.324903940076654
2004-01-16	17.64918183617319
2004-01-17	-12.939824973122432
2004-01-18	-29.13128847288576
2004-01-19	-26.340373586161494
2004-01-20	14.933723471825264
2004-01-21	34.38749096454109
2004-01-22	5.52342840031885
2004-01-23	13.60401838872668
2004-01-24	16.480863612081965
2004-01-25	-2.21448516473098
2004-01-26	5.563873417988996
2004-01-27	42.5461834534088
2004-01-28	22.795387327614893
2004-01-29	70.35101303762413
2004-01-30	-14.692209415257519
2004-01-31	17.9002738343789
2004-02-01	21.43754123470541
2004-02-02	27.1074557919733
2004-02-03	-13.267334597257435
2004-02-04	26.22662161145723
2004-02-05	-7.67672769059017
2004-02-06	-31.58455853293281
2004-02-07	-26.726409699524865
2004-02-08	-24.395986850050676
2004-02-09	52.507058806448676
2004-02-10	-7.111885331160833
2004-02-11	15.963707350440611
2004-02-12	28.594809577888586
2004-02-13	-10.331910102694572
2004-02-14	-11.339852028581905
2004-02-15	-26.666867689594838
2004-02-16	-2.8251705910205134
2004-02-17	35.70113484782635
2004-02-18	36.035322664081264
2004-02-19	-41.007252380816595
2004-02-20	15.036892341673447
2004-02-21	-14.901883797850434
2004-02-22	-6.2263954525623735
2004-02-23	15.694551789692188
2004-02-24	56.854046950694915
2004-02-25	23.35244733335732
2004-02-26	6.978840686260573
2004-02-27	17.435388269939047
2004-02-28	-13.28675895558346
2004-02-29	41.81465203020377
2004-03-01	-51.546603955670996
2004-03-02	42.47922349628639
2004-03-03	-6.926511950965901
2004-03-04	-12.716558066385241
2004-03-05	-16.16886286489566
2004-03-06	-22.965750680798347
2004-03-07	5.543837271454602
2004-03-08	8.816135092776866
2004-03-09	-16.63455220640363
2004-03-10	-23.376575168372188
2004-03-11	40.61245490164221
2004-03-12	-11.67650897619426
2004-03-13	-7.793825824660331
2004-03-14	25.858063165686104
2004-03-15	10.856231389607165
2004-03-16	10.176387201596553
2004-03-17	13.68186410138101
2004-03-18	3.1028705915326347
2004-03-19	-19.877439452648137
2004-03-20	16.43283096954596
2004-03-21	2.78462177563742
2004-03-22	-40.51335027014002
2004-03-23	34.87712237381993
2004-03-24	-3.580708165695744
2004-03-25	25.327747602146157
2004-03-26	2.6452682747691343
2004-03-27	22.316995777904374
2004-03-28	46.15651604369652
2004-03-29	-30.039373295305058
2004-03-30	4.885519893183256
2004-03-31	7.585270269256712
2004-04-01	-19.66054026497123
2004-04-02	22.622211262539654
2004-04-03	32.7481380369473
2004-04-04	26.596746674330145
2004-04-05	-25.385627839368752
2004-04-06	5.156064000595152
2004-04-07	-21.930264906413694
2004-04-08	-10.823466699338027
2004-04-09	-0.9949192877712918
2004-04-10	29.0161001579405
2004-04-11	-20.54664969419625
2004-04-12	-40.22391226732944
2004-04-13	15.15745904637907
2004-04-14	2.201354911736805
2004-04-15	-6.253833317560127
2004-04-16	-24.108863159672325
2004-04-17	46.06454431729193
2004-04-18	-16.17115316123486
2004-04-19	15.091944638546078
2004-04-20	41.69600071936787
2004-04-21	14.380308686449165
2004-04-22	50.81500139699905
2004-04-23	18.775751874944415
2004-04-24	-21.809518805799772
2004-04-25	-6.244473941550405
2004-04-26	30.56061144337079
2004-04-27	-44.45374181373225
2004-04-28	-2.2272803307301405
2004-04-29	25.436853420823127
2004-04-30	13.272038572841709
2004-05-01	-3.016812030009212
2004-05-02	-57.61583383817212
2004-05-03	-9.22164829966685
2004-05-04	-13.099700565518622
2004-05-05	-14.730679577816305
2004-05-06	6.382711624747408
2004-05-07	10.385984536983482
2004-05-08	-7.165099351375597
2004-05-09	-4.672692636044448
2004-05-10	-12.252936706416873
2004-05-11	-22.552450219246143
2004-05-12	32.458701362181785
2004-05-13	-7.101867261174149
2004-05-14	17.295584044521014
2004-05-15	-7.163170677593275
2004-05-16	-3.6951160472289137
2004-05-17	-26.95786651537016
2004-05-18	34.497979014229706
2004-05-19	46.22619367920107
2004-05-20	-11.823096556849594
2004-05-21	15.986043090469202
2004-05-22	11.691311073427098
2004-05-23	24.626568090513274
2004-05-24	4.667858181979564
2004-05-25	-10.042694228998648
2004-05-26	16.92224989216899
2004-05-27	1.1160465737306993
2004-05-28	18.889371403160546
2004-05-29	39.73899275073254
2004-05-30	22.484020161775643
2004-05-31	23.98125935414965
2004-06-01	23.519142159947407
2004-06-02	8.405348329761326
2004-06-03	4.931011568469122
2004-06-04	19.34280349989492
2004-06-05	1.5042086791679186
2004-06-06	-18.263856373932366
2004-06-07	-33.87633579852923
2004-06-08	3.1348336549320175
2004-06-09	-9.055574459405724
2004-06-10	-1.3032228178765173
2004-06-11	6.703992271830988
2004-06-12	-14.366191524742856
2004-06-13	21.98503716182167
2004-06-14	24.02911256576855
2004-06-15	10.02348211810061
2004-06-16	33.80592139477759
2004-06-17	-11.952119191579259
2004-06-18	28.988529703629535
2004-06-19	22.05191274252097
2004-06-20	-28.582262189294656
2004-06-21	-15.283379802701042
2004-06-22	6.308901000563928
2004-06-23	21.7889262706474
2004-06-24	-12.455759264683579
2004-06-25	5.666079327106097
2004-06-26	-5.967807781132788
2004-06-27	-16.019534778119475
2004-06-28	-19.883925875740157
2004-06-29	-36.991551906424796
2004-06-30	-8.105144716116435
2004-07-01	-13.595155359242797
2004-07-02	-3.516140185865491
2004-07-03	41.145594908567425
2004-07-04	20.710744622515872
2004-07-05	17.362735514828916
2004-07-06	-17.06602899611807
2004-07-07	16.956595546602546
2004-07-08	-6.327804390894589
2004-07-09	-8.424192547687632
2004-07-10	-12.984886878021047
2004-07-11	4.4362710048981535
2004-07-12	2.6456551985043766
2004-07-13	-19.991892649134428
2004-07-14	-12.95392266129981
2004-07-15	26.071181123445573
2004-07-16	-1.750438689900929
2004-07-17	19.471131075515974
2004-07-18	-4.8276148305209805
2004-07-19	-12.75746246124257
2004-07-20	-4.914511862617956
2004-07-21	18.19683502608002
2004-07-22	-9.455150309593625
2004-07-23	4.589608509452581
2004-07-24	-4.7352356011322865
2004-07-25	16.437975164740383
2004-07-26	11.037021223409
2004-07-27	-38.59161789820419
2004-07-28	32.04147072974812
2004-07-29	-37.2833097282256
2004-07-30	-5.9548341775904525
2004-07-31	-26.89692439355474
2004-08-01	17.691137707597967
2004-08-02	-22.996202215575405
2004-08-03	6.378744844260245
2004-08-04	-19.83696122823279
2004-08-05	-36.45781654739475
2004-08-06	-37.89866704271921
2004-08-07	-6.969524330103106
2004-08-08	-28.893680031273163
2004-08-09	-10.414673015963222
2004-08-10	29.98672322774172
2004-08-11	2.208601927331634
2004-08-12	23.790989665706707
2004-08-13	10.604909002000715
2004-08-14	21.259490672653282
2004-08-15	-33.15656003136988
2004-08-16	-10.144663225675984
2004-08-17	9.553004036311883
2004-08-18	34.250687598676826
2004-08-19	19.250602445001295
2004-08-20	-2.2810154243644076
2004-08-21	16.73051028467457
2004-08-22	2.2298239143133833
2004-08-23	-17.823065543887278
2004-08-24	-0.5394465264999384
2004-08-25	28.90701752620677
2004-08-26	21.797420479430183
2004-08-27	9.595512884924148
2004-08-28	9.826364455854796
2004-08-29	-9.598940483165718
2004-08-30	10.158630253613131
2004-08-31	-6.124226321883687
2004-09-01	14.820034298860472
2004-09-02	8.196624794921176
2004-09-03	-35.49198353841121
2004-09-04	24.069629730802134
2004-09-05	-11.239040990211336
2004-09-06	17.262665019300382
2004-09-07	21.640640269890696
2004-09-08	38.16750345102105
2004-09-09	12.944925815217418
2004-09-10	-10.047058083288377
2004-09-11	21.225672806632733
2004-09-12	-23.634602695159575
2004-09-13	-13.282224737077527
2004-09-14	8.779279462300982
2004-09-15	4.2894879120661376
2004-09-16	2.36116308100065
2004-09-17	16.893818997526775
2004-09-18	6.3130352738644
2004-09-19	-11.008316188550692
2004-09-20	-1.2086700382714237
2004-09-21	8.399564569774192
2004-09-22	8.732629254206973
2004-09-23	-29.795894991913794
2004-09-24	0.638463976833396
2004-09-25	41.211116678245475
2004-09-26	35.96404822097787
2004-09-27	7.409352744555361
2004-09-28	9.88100770590891
2004-09-29	-0.5937326797855911
2004-09-30	-10.092230531245944
2004-10-01	-13.58184259674674
2004-10-02	-0.5203726047326702
2004-10-03	20.767897644211857
2004-10-04	4.679348682310869
2004-10-05	17.920167727561836
2004-10-06	11.76959247430533
2004-10-07	0.02586857525575148
2004-10-08	-34.770165491439144
2004-10-09	-8.901793076402644
2004-10-10	-26.311641720105275
2004-10-11	3.830325842394438
2004-10-12	14.243224248426223
2004-10-13	-10.25991008543227
2004-10-14	-3.48651381893659
2004-10-15	-0.2526076093859171
2004-10-16	-16.98545046592674
2004-10-17	6.250070844776364
2004-10-18	-15.966617090741707
2004-10-19	18.94255909372494
2004-10-20	-18.226534361374473
2004-10-21	1.245963330719698
2004-10-22	13.226106019967103
2004-10-23	-1.737772551575165
2004-10-24	7.349408748534692
2004-10-25	24.758151935880708
2004-10-26	-4.472942788264344
2004-10-27	21.83986813092057
2004-10-28	-12.969438516658093
2004-10-29	21.199494993070086
2004-10-30	-23.500064135742754
2004-10-31	-4.1396424949845
2004-11-01	-16.01105716387079
2004-11-02	-10.022715852325769
2004-11-03	-0.9152723112353336
2004-11-04	36.56597205287971
2004-11-05	12.520659447391608
2004-11-06	-4.43621234379066
2004-11-07	-31.69217970231238
2004-11-08	-1.7830408278583871
2004-11-09	1.2000041109108954
2004-11-10	-0.6805245382821006
2004-11-11	-18.116533835389596
2004-11-12	18.156256858135503
2004-11-13	-31.50974949558551
2004-11-14	22.720446464826654
2004-11-15	4.797464233488533
2004-11-16	38.52322349736897
2004-11-17	4.027115161515998
2004-11-18	-18.50649831504845
2004-11-19	-23.34167187027336
2004-11-20	-19.157638118097665
2004-11-21	-7.430630085669405
2004-11-22	-2.714448400022629
2004-11-23	-12.689959085617808
2004-11-24	-15.34598917522921
2004-11-25	-26.378033401594436
2004-11-26	23.301718318477786
2004-11-27	9.032495715883638
2004-11-28	-39.019210173631656
2004-11-29	25.560786519864347
2004-11-30	-0.044308752739549595
2004-12-01	25.335212714165255
2004-12-02	-12.776143621510343
2004-12-03	-9.790718491440332
2004-12-04	2.956955298742937
2004-12-05	-15.237043853083254
2004-12-06	-32.917565561599844
2004-12-07	-5.909279780010491
2004-12-08	25.901340626850327
2004-12-09	-2.608330281024367
2004-12-10	-6.488610852049979
2004-12-11	-10.217295064920588
2004-12-12	-23.965748486079466
2004-12-13	3.4298291868825244
2004-12-14	31.459861284310673
2004-12-15	-55.46295898155733
2004-12-16	18.74189734243868
2004-12-17	-28.6626380139722
2004-12-18	7.406649587243835
2004-12-19	-10.449251310570736
2004-12-20	-4.310399328307938
2004-12-21	2.795401447532794
2004-12-22	17.917177168234442
2004-12-23	-24.29521419354164
2004-12-24	-29.78856440236635
2004-12-25	12.459358140140008
2004-12-26	24.477034185973952
2004-12-27	7.8139611938956035
2004-12-28	-40.34164793635516
2004-12-29	25.487925541513395
2004-12-30	-10.04523075473526
2004-12-31	26.904970881220372
2005-01-01	58.247878692987264
2005-01-02	24.281193982268643
2005-01-03	-32.161231570424995
2005-01-04	41.186703614272545
2005-01-05	-0.3452424977570865
2005-01-06	18.914653735512452
2005-01-07	-5.577298954126348
2005-01-08	-11.837005756366926
2005-01-09	30.212985573207295
2005-01-10	12.53117631010738
2005-01-11	2.4987417974852373
2005-01-12	23.63460062345599
2005-01-13	-7.162701482510281
2005-01-14	38.70626150188967
2005-01-15	-10.24329198228085
2005-01-16	-41.5620148261727
2005-01-17	-6.985158442940194
2005-01-18	2.062805474147318
2005-01-19	17.044067032429197
2005-01-20	13.253138105928944
2005-01-21	34.57368266714747
2005-01-22	4.0104513818567655
2005-01-23	-21.954839267465378
2005-01-24	-10.111084259412724
2005-01-25	0.5345464030295113
2005-01-26	20.9678609325077
2005-01-27	11.858322672551685
2005-01-28	-21.476672453533716
2005-01-29	24.428016351113317
2005-01-30	-11.66689701628199
2005-01-31	9.332775951568047
2005-02-01	39.28204446702846
2005-02-02	-24.465355934716964
2005-02-03	-1.434733441288521
2005-02-04	-1.6048897768467325
2005-02-05	33.738068305717746
2005-02-06	-1.5188628023017199
2005-02-07	8.11952073094138
2005-02-08	-20.09876472650199
2005-02-09	39.740916830039154
2005-02-10	10.06441366783706
2005-02-11	-34.210675772230495
2005-02-12	-14.951914150248609
2005-02-13	-10.260503550076795
2005-02-14	-15.54447015326771
2005-02-15	41.445444401255614
2005-02-16	17.81241707016107
2005-02-17	-21.898828250322858
2005-02-18	9.084001437453944
2005-02-19	-24.034436053448136
2005-02-20	-3.281294186810176
2005-02-21	15.731507785484458
2005-02-22	-0.6972841346281966
2005-02-23	8.240949789136822
2005-02-24	-18.922808346469317
2005-02-25	-29.30006437383032
2005-02-26	-18.204443654504807
2005-02-27	7.899327821513597
2005-02-28	-15.579434337542821
2005-03-01	-10.260682012505775
2005-03-02	19.983663310498926
2005-03-03	7.680399660893903
2005-03-04	-2.241811128529897
2005-03-05	16.729956859195745
2005-03-06	30.96749273637113
2005-03-07	14.19142557385535
2005-03-08	-7.573618525788216
2005-03-09	34.148801516024925
2005-03-10	10.071469974634125
2005-03-11	-44.198762989585475
2005-03-12	33.74741785936631
2005-03-13	4.213595357988257
2005-03-14	34.31944902123677
2005-03-15	-16.00772944032236
2005-03-16	17.685581404365504
2005-03-17	19.696244807040237
2005-03-18	-6.602440353221853
2005-03-19	15.288544963842693
2005-03-20	-1.2393322423029673
2005-03-21	8.15387961990551
2005-03-22	-6.92408960187284
2005-03-23	-13.608967891833561
2005-03-24	-15.267733156061098
2005-03-25	-22.24275674365232
2005-03-26	-40.12739174564152
2005-03-27	0.8588125805980894
2005-03-28	-21.711289298978535
2005-03-29	27.990983861383956
2005-03-30	-5.582120660038051
2005-03-31	-24.970163559717818
2005-04-01	1.3442185337416603
2005-04-02	27.898476751494613
2005-04-03	-4.95919849892993
2005-04-04	-4.616217700052734
2005-04-05	-0.42198133188345244
2005-04-06	30.63368348213231
2005-04-07	14.09405983552397
2005-04-08	14.609674089404864
2005-04-09	-14.802838449665073
2005-04-10	-38.16153694189788
2005-04-11	-25.87775853089039
2005-04-12	-13.275956839237946
2005-04-13	-13.167392568530358
2005-04-14	3.141209565365074
2005-04-15	15.38013273117657
2005-04-16	9.237257280142472
2005-04-17	-6.5276599304337655
2005-04-18	-5.7176985559358755
2005-04-19	33.40150092715213
2005-04-20	3.112302695989424
2005-04-21	-25.29460520551201
2005-04-22	-33.64378782021133
2005-04-23	-28.9994821884256
2005-04-24	11.467499899684428
2005-04-25	-17.31791009103909
2005-04-26	-2.3838636979208188
2005-04-27	-9.87270300955774
2005-04-28	-28.31979061831427
2005-04-29	-2.021246563607135
2005-04-30	0.6141551602735504
2005-05-01	-4.877534385722509
2005-05-02	8.914558364521278
2005-05-03	20.533614046169458
2005-05-04	7.1461377402703485
2005-05-05	0.7423011768548917
2005-05-06	31.00071703336159
2005-05-07	44.825374155602496
2005-05-08	2.86899351480716
2005-05-09	-22.64150898454297
2005-05-10	-12.799355159551364
2005-05-11	-1.0386095493414171
2005-05-12	-2.632895931690152
2005-05-13	-3.1505848539694794
2005-05-14	11.121803319952765
2005-05-15	25.339871754962818
2005-05-16	-3.863622812512011
2005-05-17	-16.413589392183837
2005-05-18	24.541574097063222
2005-05-19	1.9274002702823003
2005-05-20	-8.377974569902396
2005-05-21	1.2870929173267718
2005-05-22	33.60407707210039
2005-05-23	2.5264877918959225
2005-05-24	-7.733307008733311
2005-05-25	-10.081980112490793
2005-05-26	-21.390815312243628
2005-05-27	-22.154263181129785
2005-05-28	14.977459729475802
2005-05-29	7.7417464385220045
2005-05-30	-22.859956999523256
2005-05-31	3.723384095482512
2005-06-01	-9.889855101237496
2005-06-02	19.717036184176273
2005-06-03	-6.722962189153737
2005-06-04	1.3965848473980147
2005-06-05	5.283841365688188
2005-06-06	-21.867883408604985
2005-06-07	-23.424846677638822
2005-06-08	0.4589536440189177
2005-06-09	13.29359284350677
2005-06-10	-9.55452616159034
2005-06-11	-7.077717217974383
2005-06-12	12.539980689364164
2005-06-13	25.581953796942354
2005-06-14	-6.4463006406710335
2005-06-15	4.8618762972846294
2005-06-16	-3.5111436983898345
2005-06-17	-1.7930002580872582
2005-06-18	12.450068109036682
2005-06-19	0.9113085067978453
2005-06-20	0.5225571795161534
2005-06-21	13.982533921758867
2005-06-22	9.280472061416665
2005-06-23	-44.92176561951247
2005-06-24	14.572193254387031
2005-06-25	-3.2700297528124187
2005-06-26	-20.48580997670803
2005-06-27	22.942634430465183
2005-06-28	-20.375831195770118
2005-06-29	30.039540024854553
2005-06-30	34.99779260577414
2005-07-01	-28.05420823823542
2005-07-02	-34.9829949357759
2005-07-03	-13.938708375681731
2005-07-04	52.101896608573846
2005-07-05	-16.23599961587347
2005-07-06	-11.38980284194737
2005-07-07	14.37150949560954
2005-07-08	4.7023656977661155
2005-07-09	7.994690015166998
2005-07-10	3.750571681642117
2005-07-11	18.21201838841896
2005-07-12	25.873954351762332
2005-07-13	-7.310468373806966
2005-07-14	-19.703073289547362
2005-07-15	-7.3124903668476104
2005-07-16	-1.1384987275344887
2005-07-17	10.647053364112876
2005-07-18	-31.68219001060067
2005-07-19	18.73250607999051
2005-07-20	-27.819196302602293
2005-07-21	-3.350526773216327
2005-07-22	-15.746499129616826
2005-07-23	-14.563963470316018
2005-07-24	18.305957924610638
2005-07-25	5.318413608139228
2005-07-26	-3.448394318628872
2005-07-27	-4.090776281470225
2005-07-28	17.735432742786344
2005-07-29	3.8958160188316873
2005-07-30	-0.9885668627213162
2005-07-31	-28.75439756159581
2005-08-01	0.9224394304824477
2005-08-02	21.464217647786274
2005-08-03	-19.995652321434992
2005-08-04	-24.133033379226706
2005-08-05	3.7012947818903505
2005-08-06	-16.50553656727015
2005-08-07	-42.12515496470179
2005-08-08	18.58587580040928
2005-08-09	18.652443940614123
2005-08-10	33.44029683025668
2005-08-11	-2.750989515034375
2005-08-12	-14.950339102916333
2005-08-13	22.54668418103115
2005-08-14	-20.31375052758321
2005-08-15	25.165911443582445
2005-08-16	-16.67283175218829
2005-08-17	-5.673563140211884
2005-08-18	30.358158445705016
2005-08-19	-22.718386909624442
2005-08-20	17.7992859739234
2005-08-21	6.580143967706006
2005-08-22	-42.729680076674796
2005-08-23	40.4805425888623
2005-08-24	4.391705250223318
2005-08-25	13.183450408620319
2005-08-26	26.00012959455601
2005-08-27	-18.654684309511946
2005-08-28	-10.503997017694893
2005-08-29	33.52745020165593
2005-08-30	6.857327457172881
2005-08-31	-41.91793958279759
2005-09-01	29.671754035321797
2005-09-02	-35.88410790526191
2005-09-03	11.500622455021217
2005-09-04	53.957319326528015
2005-09-05	0.9848395066601933
2005-09-06	-11.41096502366689
2005-09-07	-3.107746530251358
2005-09-08	11.356943087053521
2005-09-09	28.427607931278427
2005-09-10	-19.666965811331963
2005-09-11	5.040054242923999
2005-09-12	-36.694253152921256
2005-09-13	-20.14769349640915
2005-09-14	33.59165788152678
2005-09-15	-33.4333569931071
2005-09-16	50.799356127239065
2005-09-17	-7.62833680557763
2005-09-18	2.0638485765552534
2005-09-19	-3.5955503934699182
2005-09-20	14.51009735056958
2005-09-21	-14.95819487835285
2005-09-22	-9.939161282319889
2005-09-23	15.996196663393
2005-09-24	-13.980036290095551
2005-09-25	27.700036315983528
2005-09-26	-13.898460594701913
2005-09-27	7.504030306398243
2005-09-28	26.223941485502333
2005-09-29	-36.757585931448716
2005-09-30	16.287261573057734
2005-10-01	14.476187276622227
2005-10-02	4.796195020701849
2005-10-03	20.162457677510123
2005-10-04	3.030536248113406
2005-10-05	12.734551253066787
2005-10-06	67.1213032315764
2005-10-07	10.517505006122237
2005-10-08	-4.5444109413959275
2005-10-09	-45.6291517176377
2005-10-10	38.71583465752242
2005-10-11	28.88117041783768
2005-10-12	-29.73740005213704
2005-10-13	-10.466712765780525
2005-10-14	2.800379053973506
2005-10-15	0.9856333862630556
2005-10-16	3.6953533248126442
2005-10-17	-9.45911969333903
2005-10-18	-15.71100176961987
2005-10-19	1.9826682085441387
2005-10-20	24.95067023060712
2005-10-21	1.7330394752796194
2005-10-22	10.825892357169693
2005-10-23	-8.59134169239527
2005-10-24	10.919009237747764
2005-10-25	13.627410864617708
2005-10-26	-3.424001748664171
2005-10-27	2.4961223845515677
2005-10-28	-19.14230195518814
2005-10-29	3.7988729993004684
2005-10-30	23.17883466336218
2005-10-31	-9.245156569705934
2005-11-01	14.406156752747346
2005-11-02	-11.768415063916592
2005-11-03	-16.11997824654645
2005-11-04	-1.8371221881375235
2005-11-05	6.816287325817879
2005-11-06	-44.659913036523825
2005-11-07	21.624830217947817
2005-11-08	9.422487434924626
2005-11-09	-12.89251917744399
2005-11-10	-7.300845607579674
2005-11-11	-17.08710623681955
2005-11-12	-3.823232443503872
2005-11-13	4.169864668036679
2005-11-14	5.48314082470511
2005-11-15	-44.420332981533136
2005-11-16	8.292250018240729
2005-11-17	20.573974541439046
2005-11-18	-19.493868479858058
2005-11-19	16.537303101084703
2005-11-20	28.946362299796704
2005-11-21	5.221522290369756
2005-11-22	-21.63669307228621
2005-11-23	-41.21123576994704
2005-11-24	-15.908164444145658
2005-11-25	19.787463212475966
2005-11-26	-13.45920575620125
2005-11-27	7.337786387078018
2005-11-28	-23.566412389253088
2005-11-29	18.0134364466886
2005-11-30	0.3758906694151427
2005-12-01	-20.145293652837015
2005-12-02	18.79544928769553
2005-12-03	11.94248801088986
2005-12-04	0.8337260876850964
2005-12-05	-21.46684763097805
2005-12-06	-2.480872449585445
2005-12-07	3.65155603934629
2005-12-08	5.246306748556462
2005-12-09	7.111531553504792
2005-12-10	23.281612934577147
2005-12-11	34.34886369132382
2005-12-12	-0.7847364369850329
2005-12-13	-7.473936537481473
2005-12-14	-5.677331237944976
2005-12-15	13.989812345165053
2005-12-16	-3.574226897092342
2005-12-17	34.09475521962696
2005-12-18	-18.87910740021496
2005-12-19	-19.717449096671512
2005-12-20	-13.348429263983974
2005-12-21	-22.005854197920744
2005-12-22	-13.039241257960507
2005-12-23	-4.111470947053962
2005-12-24	24.63943201761663
2005-12-25	-20.292016160214352
2005-12-26	-75.48342531500252
2005-12-27	-5.997683734124807
2005-12-28	8.853880260576569
2005-12-29	-15.06612688820821
2005-12-30	0.3505917863051934
2005-12-31	-12.189956129099704
2006-01-01	-6.785405798553339
2006-01-02	31.974879388826462
2006-01-03	-18.891523381818114
2006-01-04	52.32194772663157
2006-01-05	-20.489470115868784
2006-01-06	7.530861945725569
2006-01-07	10.368660713315741
2006-01-08	-11.657506977771396
2006-01-09	7.347083932418689
2006-01-10	-24.54478841489887
2006-01-11	-8.809258969316506
2006-01-12	-24.72502783633947
2006-01-13	10.580214850980322
2006-01-14	-7.214758914983145
2006-01-15	0.6898576591540759
2006-01-16	45.902700341263944
2006-01-17	-39.259541745078316
2006-01-18	-17.1861486352922
2006-01-19	4.985891976994054
2006-01-20	11.51236034587979
2006-01-21	6.991069424868336
2006-01-22	9.417546160511183
2006-01-23	-0.69341360929735
2006-01-24	6.81355101145001
2006-01-25	22.92765505977302
2006-01-26	29.718587295399782
2006-01-27	40.709825494732804
2006-01-28	21.19876114866042
2006-01-29	-16.343128700545673
2006-01-30	-40.34145615360146
2006-01-31	14.480018572478956
2006-02-01	-13.719547343728415
2006-02-02	6.627014051003256
2006-02-03	-13.971723556420992
2006-02-04	0.26661222298017484
2006-02-05	-22.527396823849024
2006-02-06	-16.1816951975333
2006-02-07	-18.539912096770966
2006-02-08	29.86731085509995
2006-02-09	-13.223375275270007
2006-02-10	-0.5247851210053789
2006-02-11	10.356239309573356
2006-02-12	-14.612057334630864
2006-02-13	-6.273698586142783
2006-02-14	-12.76652790748805
2006-02-15	-0.08255694601412777
2006-02-16	-9.388757109181498
2006-02-17	13.444739844588382
2006-02-18	12.606663179525336
2006-02-19	-57.25594226277945
2006-02-20	-35.19064836483455
2006-02-21	-8.60919829086739
2006-02-22	-27.421260008745865
2006-02-23	-5.4900270135451725
2006-02-24	-17.156021946742236
2006-02-25	-1.808801552163268
2006-02-26	-23.004129844328254
2006-02-27	-6.724562649626076
2006-02-28	-1.4778055263297667
2006-03-01	-8.276084785975524
2006-03-02	-1.3412942918891708
2006-03-03	-40.46506844053678
2006-03-04	1.349708278035531
2006-03-05	14.87108408479627
2006-03-06	-30.555393583444605
2006-03-07	0.9216848944186655
2006-03-08	9.481107045303123
2006-03-09	-36.266740561611385
2006-03-10	19.666466670725452
2006-03-11	-13.933540335965501
2006-03-12	-26.870885698083747
2006-03-13	40.7386260716533
2006-03-14	-30.83140180817835
2006-03-15	27.61217346342948
2006-03-16	5.127360229127078
2006-03-17	0.2554969514738177
2006-03-18	17.693590808870905
2006-03-19	-22.538643984832436
2006-03-20	-39.4125008355532
2006-03-21	15.067297618673381
2006-03-22	-25.610142859926714
2006-03-23	-16.442705067229866
2006-03-24	0.8506370868110417
2006-03-25	21.365963318110605
2006-03-26	12.922603818335846
2006-03-27	53.76901520503667
2006-03-28	-19.30517450855918
2006-03-29	-3.493365350899145
2006-03-30	1.9120369110762083
2006-03-31	-23.110626828788323
2006-04-01	-15.787375525420895
2006-04-02	-29.52875203247994
2006-04-03	-30.15023733241082
2006-04-04	-8.409485254143366
2006-04-05	3.4995393300927136
2006-04-06	3.0595144620750947
2006-04-07	31.152833237252104
2006-04-08	7.941671365689009
2006-04-09	-18.155274102001048
2006-04-10	0.41314169360576425
2006-04-11	-16.451828718800233
2006-04-12	-3.8762150106533992
2006-04-13	-8.41422254272751
2006-04-14	8.53192424395825
2006-04-15	52.13163951177001
2006-04-16	36.22266840834979
2006-04-17	6.031336217441966
2006-04-18	29.03564116216106
2006-04-19	13.281667959504679
2006-04-20	18.874253551398642
2006-04-21	16.797230887894408
2006-04-22	9.87973315649628
2006-04-23	-21.165613851955527
2006-04-24	-41.28047031976395
2006-04-25	6.169528699386894
2006-04-26	1.703549921210008
2006-04-27	-14.497983288081189
2006-04-28	0.024550403628439188
2006-04-29	10.417727796517113
2006-04-30	3.142767054732266
2006-05-01	24.693342897467492
2006-05-02	-6.335989488757775
2006-05-03	2.689062321881702
2006-05-04	9.289707414798752
2006-05-05	6.894314012805531
2006-05-06	1.9802701202407613
2006-05-07	-0.2560206247531409
2006-05-08	-16.40430735704532
2006-05-09	-20.081116282161908
2006-05-10	30.188833085028318
2006-05-11	-1.6359496870282169
2006-05-12	-17.603893460981705
2006-05-13	-14.473053876992278
2006-05-14	15.301022672114524
2006-05-15	-5.49591699274772
2006-05-16	20.198588281735628
2006-05-17	-7.532295555509631
2006-05-18	-26.541220487902994
2006-05-19	21.623667712812797
2006-05-20	16.659669983986326
2006-05-21	-17.610921423384408
2006-05-22	4.286207391241513
2006-05-23	35.33103756967152
2006-05-24	-14.603713220327418
2006-05-25	-7.602773804743222
2006-05-26	10.935689192988276
2006-05-27	33.064030349181266
2006-05-28	-18.175267044476314
2006-05-29	13.83291688696367
2006-05-30	26.874500922940754
2006-05-31	23.748144342090253
2006-06-01	-3.0918866500654802
2006-06-02	-15.578495752257005
2006-06-03	-23.8503579910777
2006-06-04	-10.795670042176292
2006-06-05	-19.28609197957171
2006-06-06	-25.312160758635777
2006-06-07	20.341858291686957
2006-06-08	15.706412068657668
2006-06-09	-9.268420246244272
2006-06-10	22.954813009000468
2006-06-11	-9.802499107824685
2006-06-12	12.020258955254285
2006-06-13	-6.232257674248361
2006-06-14	7.263025195433927
2006-06-15	25.930829308485137
2006-06-16	13.064145018092722
2006-06-17	-23.859842759822797
2006-06-18	-13.66208039816229
2006-06-19	7.8029119409023195
2006-06-20	-10.757159202673172
2006-06-21	17.83367991206885
2006-06-22	-0.428949170398256
2006-06-23	5.9464388906217645
2006-06-24	-30.28132573451746
2006-06-25	-26.911695578405162
2006-06-26	-6.511682855955367
2006-06-27	14.60126092086422
2006-06-28	9.425507743888499
2006-06-29	-3.4534276159720703
2006-06-30	-5.092975168156617
2006-07-01	16.066433577389017
2006-07-02	-33.91976520398949
2006-07-03	15.786915800464135
2006-07-04	-34.938185136849995
2006-07-05	-7.760202991745526
2006-07-06	-19.824653817814035
2006-07-07	-11.96424707537711
2006-07-08	0.12268785590991005
2006-07-09	-2.409726455399082
2006-07-10	22.7257182348008
2006-07-11	-37.922068565696044
2006-07-12	-9.74245561415367
2006-07-13	18.211640962875343
2006-07-14	-4.439156224636881
2006-07-15	-7.662135579047682
2006-07-16	-22.244765131433542
2006-07-17	19.192973321021107
2006-07-18	33.03621402733239
2006-07-19	11.931485372595853
2006-07-20	1.1309505761378098
2006-07-21	18.240879963730173
2006-07-22	-10.762931039815356
2006-07-23	-41.126151440083795
2006-07-24	-9.589220419087823
2006-07-25	26.327649528602205
2006-07-26	8.489449119448711
2006-07-27	-21.39133638441002
2006-07-28	-20.274988792790612
2006-07-29	8.54461928274308
2006-07-30	-10.50083239699959
2006-07-31	-2.7637848588985046
2006-08-01	11.217453973276623
2006-08-02	-2.3437834433340283
2006-08-03	-8.272524594216636
2006-08-04	15.14977757024993
2006-08-05	-18.085557767831634
2006-08-06	-19.82925898134434
2006-08-07	-35.79494044755585
2006-08-08	4.1172831052968215
2006-08-09	30.31772849564368
2006-08-10	-25.97783341750062
2006-08-11	-33.00775250540171
2006-08-12	19.86413863360102
2006-08-13	-42.44418343931433
2006-08-14	-43.139746175673146
2006-08-15	34.813248824767555
2006-08-16	-39.09440109689546
2006-08-17	8.634827353197316
2006-08-18	17.57211840121457
2006-08-19	9.367721343854067
2006-08-20	-14.491918330450384
2006-08-21	4.604471333061562
2006-08-22	11.150240144928912
2006-08-23	-51.98969190271714
2006-08-24	12.214073433826155
2006-08-25	28.606623176313203
2006-08-26	10.691617968350263
2006-08-27	24.56059923667981
2006-08-28	-41.910976400880436
2006-08-29	-26.76963311083047
2006-08-30	3.62512018874372
2006-08-31	-26.482704756603518
2006-09-01	-36.97207090054491
2006-09-02	-41.57900117516343
2006-09-03	-10.786644968840493
2006-09-04	-1.154225074807895
2006-09-05	24.873465672913795
2006-09-06	2.9295440976802274
2006-09-07	-28.816248120521237
2006-09-08	9.117501249315838
2006-09-09	-7.585906751476717
2006-09-10	-5.835847176088232
2006-09-11	16.69570177567207
2006-09-12	-28.326168095658108
2006-09-13	-26.36418374008074
2006-09-14	-41.821000490017994
2006-09-15	-4.032789781941883
2006-09-16	-12.128046542986121
2006-09-17	-3.130740716128873
2006-09-18	17.34366057167614
2006-09-19	12.764861753809157
2006-09-20	-13.079293219490843
2006-09-21	22.325736039315704
2006-09-22	4.650727874381512
2006-09-23	15.684229361678304
2006-09-24	17.239655532357787
2006-09-25	14.00290975364204
2006-09-26	-15.277487417102776
2006-09-27	-9.352691009222827
2006-09-28	-26.680180261476753
2006-09-29	-6.871770216830491
2006-09-30	-0.30500285060367616
2006-10-01	9.024595136887703
2006-10-02	16.723488615427808
2006-10-03	-28.784846797486907
2006-10-04	-14.074177890142161
2006-10-05	-12.395572152752594
2006-10-06	-11.523817651492426
2006-10-07	-10.47499920816765
2006-10-08	-0.9822482422453083
2006-10-09	-8.390395304693959
2006-10-10	42.69356144384228
2006-10-11	8.557838035570407
2006-10-12	44.054309687029345
2006-10-13	23.226428681311877
2006-10-14	12.223499231680748
2006-10-15	-1.4517180397326184
2006-10-16	15.255037688264196
2006-10-17	-3.2064357948388134
2006-10-18	33.647112138310845
2006-10-19	11.74659564411128
2006-10-20	-9.370122153143612
2006-10-21	-14.51421662947096
2006-10-22	6.288902289513044
2006-10-23	9.919010428821876
2006-10-24	9.651241928960081
2006-10-25	-8.871567971383595
2006-10-26	-24.77410056676111
2006-10-27	2.6379912502741947
2006-10-28	-18.89821246231898
2006-10-29	-18.233960742849924
2006-10-30	-10.237703233835894
2006-10-31	-18.64440945807131
2006-11-01	-19.22120411492798
2006-11-02	1.360424779298847
2006-11-03	27.00304759519581
2006-11-04	38.54877465090481
2006-11-05	-33.05059370313795
2006-11-06	-23.11222601117193
2006-11-07	6.213110606231516
2006-11-08	-48.23650292377188
2006-11-09	-32.79799071331576
2006-11-10	30.1398278346306
2006-11-11	42.276798427897084
2006-11-12	6.5220051795380005
2006-11-13	13.494584054013211
2006-11-14	8.9413139638841
2006-11-15	-37.06788157676276
2006-11-16	27.527893972600708
2006-11-17	-21.1324983726824
2006-11-18	-20.13019163945389
2006-11-19	-3.016833119135158
2006-11-20	36.51106757939493
2006-11-21	32.53727724270072
2006-11-22	-14.454201476705169
2006-11-23	26.295881905229017
2006-11-24	-14.31852432748045
2006-11-25	-10.165669424518509
2006-11-26	19.337460824074217
2006-11-27	24.189139282296356
2006-11-28	-16.31047330401167
2006-11-29	0.3389216352609301
2006-11-30	-15.106340304582588
2006-12-01	-18.43103932636121
2006-12-02	15.019662038601918
2006-12-03	28.590901696172484
2006-12-04	14.252248513912456
2006-12-05	16.144767779880496
2006-12-06	-10.351448970623863
2006-12-07	38.152486363342895
2006-12-08	16.050581435069805
2006-12-09	36.49765983500613
2006-12-10	13.351354971832153
2006-12-11	-11.530592453607257
2006-12-12	-4.074046217300699
2006-12-13	-23.55100424764623
2006-12-14	-7.757812424318395
2006-12-15	-13.822773618170427
2006-12-16	2.478376832029296
2006-12-17	-1.9537459795507954
2006-12-18	25.8622262277841
2006-12-19	6.699183146851617
2006-12-20	23.65496543583625
2006-12-21	-32.199064774547765
2006-12-22	-14.869053466364221
2006-12-23	-11.53211102979241
2006-12-24	37.71252728256646
2006-12-25	-5.541675487267311
2006-12-26	-9.87569529128208
2006-12-27	2.4959778378468425
2006-12-28	-8.148920727594254
2006-12-29	3.5643998463514883
2006-12-30	2.2299175694719597
2006-12-31	-49.174586405133425
2007-01-01	-16.501110395930016
2007-01-02	-6.418799843605122
2007-01-03	7.970752215433739
2007-01-04	13.697877562538281
2007-01-05	-13.941129068705344
2007-01-06	-30.721624022038153
2007-01-07	-25.20389856722471
2007-01-08	-4.412465356925826
2007-01-09	3.492473175397051
2007-01-10	11.901768361591785
2007-01-11	-25.301386557212552
2007-01-12	7.150733163043356
2007-01-13	-13.59316918664249
2007-01-14	-2.975904356429883
2007-01-15	-14.269285974251321
2007-01-16	-25.94450124740204
2007-01-17	-12.860164246929948
2007-01-18	-8.002170720543578
2007-01-19	-49.29992287013996
2007-01-20	-1.4829500651975562
2007-01-21	8.212398205049512
2007-01-22	-11.213410215541217
2007-01-23	23.28671112185615
2007-01-24	-9.525746858974278
2007-01-25	-34.42027410206807
2007-01-26	-14.777118028833426
2007-01-27	-26.57887376556438
2007-01-28	-37.16441283710486
2007-01-29	37.72771711599085
2007-01-30	-22.742027191312662
2007-01-31	-39.60637049705826
2007-02-01	43.856756551010236
2007-02-02	-12.531263376355138
2007-02-03	37.791504731221565
2007-02-04	-1.4672815374531878
2007-02-05	-3.5533697653279273
2007-02-06	44.03265977552907
2007-02-07	-40.74134773526226
2007-02-08	-16.929847466288415
2007-02-09	26.218346074732644
2007-02-10	35.45568700720369
2007-02-11	-27.504411381783168
2007-02-12	24.417860578642863
2007-02-13	4.472578388625638
2007-02-14	-21.696852541681203
2007-02-15	29.80014430465106
2007-02-16	3.645475733576199
2007-02-17	-33.11876678063821
2007-02-18	28.58927824555731
2007-02-19	-53.5306981811151
2007-02-20	23.49092353815259
2007-02-21	-3.008426954043891
2007-02-22	-15.390714418477781
2007-02-23	-46.899303829531654
2007-02-24	33.58899261967379
2007-02-25	-3.885545538930348
2007-02-26	14.74715586466467
2007-02-27	27.330664770623837
2007-02-28	26.631832081141177
2007-03-01	5.942520331839124
2007-03-02	8.578983595361155
2007-03-03	-39.99855377069472
2007-03-04	-2.8371055626549833
2007-03-05	16.361115879053088
2007-03-06	6.4026364157947535
2007-03-07	16.616494715883046
2007-03-08	25.01394803698861
2007-03-09	14.744591848264985
2007-03-10	22.63150301496117
2007-03-11	-30.18368476278957
2007-03-12	29.51586686072618
2007-03-13	56.42891479056473
2007-03-14	-9.357206057911366
2007-03-15	-25.109127737071184
2007-03-16	22.158843238493976
2007-03-17	-15.534070000099643
2007-03-18	-16.18492478421544
2007-03-19	-9.009160405441394
2007-03-20	-24.92526913832822
2007-03-21	17.64117657033201
2007-03-22	-10.814132298660528
2007-03-23	-27.620680914147965
2007-03-24	-49.890578075963184
2007-03-25	-3.287474498415847
2007-03-26	-23.23333380094548
2007-03-27	-20.94172177668655
2007-03-28	-2.024049404170581
2007-03-29	17.932236744648115
2007-03-30	-4.57649793270418
2007-03-31	30.70827656775179
2007-04-01	57.90799394444758
2007-04-02	-13.509122441191076
2007-04-03	-24.43858650984891
2007-04-04	65.67520652524374
2007-04-05	7.734524561169503
2007-04-06	13.20282715633736
2007-04-07	-19.98735511291764
2007-04-08	2.134308887412045
2007-04-09	-5.179178295458446
2007-04-10	25.302251052402656
2007-04-11	-11.766241343296635
2007-04-12	14.744422475602521
2007-04-13	-34.5043312998131
2007-04-14	-21.257113691822607
2007-04-15	-19.257230128581064
2007-04-16	25.795625355164603
2007-04-17	4.579446147084281
2007-04-18	34.684505754094005
2007-04-19	2.178897828536331
2007-04-20	-14.939728192964456
2007-04-21	-7.893546706774874
2007-04-22	-22.16278463541418
2007-04-23	42.30368732871636
2007-04-24	55.622963755636846
2007-04-25	-22.60558658530875
2007-04-26	-0.6379101940662864
2007-04-27	-10.79696442819195
2007-04-28	4.725632303274376
2007-04-29	-24.71816088127849
2007-04-30	8.805110554652195
2007-05-01	23.587579772863428
2007-05-02	-4.525790979581585
2007-05-03	20.700436827113123
2007-05-04	-27.26404599402562
2007-05-05	19.243049332651612
2007-05-06	3.7308381672053743
2007-05-07	-7.058167938827557
2007-05-08	-2.8351849227363415
2007-05-09	40.67394698556402
2007-05-10	-48.639868966029866
2007-05-11	29.593913226558303
2007-05-12	-41.12740536187146
2007-05-13	-26.39710022762201
2007-05-14	-29.355965144266722
2007-05-15	28.723166599028925
2007-05-16	13.499991100929035
2007-05-17	13.890820934070256
2007-05-18	9.875293721611802
2007-05-19	-18.906075033761567
2007-05-20	27.571581426611264
2007-05-21	-20.785183020216703
2007-05-22	-7.145298651247073
2007-05-23	-48.17383221139569
2007-05-24	17.70546168066376
2007-05-25	14.067302602155097
2007-05-26	7.591727189362341
2007-05-27	-3.976805230463407
2007-05-28	-20.543713283345493
2007-05-29	-50.78469920553132
2007-05-30	-2.1916003279303338
2007-05-31	32.0467675034828
2007-06-01	-15.167765709053409
2007-06-02	-20.574054362096504
2007-06-03	4.668284962594736
2007-06-04	6.392892399990844
2007-06-05	-12.938173711854093
2007-06-06	0.3382467414509136
2007-06-07	10.702632163051794
2007-06-08	-36.55720557360401
2007-06-09	0.5791537325454357
2007-06-10	31.282180345098503
2007-06-11	22.907127160568994
2007-06-12	-9.315907367831175
2007-06-13	32.75959282361687
2007-06-14	11.955986707018816
2007-06-15	-17.709374473025612
2007-06-16	-19.136488092035904
2007-06-17	-16.309581391855545
2007-06-18	-19.668383653020367
2007-06-19	9.420941706747204
2007-06-20	0.9646892929326438
2007-06-21	-9.28225530036083
2007-06-22	40.487586616668366
2007-06-23	10.822692372176189
2007-06-24	25.75782720401811
2007-06-25	-3.536705093959883
2007-06-26	0.03272521742729506
2007-06-27	-2.681984770557488
2007-06-28	-16.567921343511838
2007-06-29	-16.624931818339157
2007-06-30	22.745290908545623
2007-07-01	1.0267460862069557
2007-07-02	-19.611828266428663
2007-07-03	14.672917567404536
2007-07-04	45.506457160015245
2007-07-05	-5.2521062160259895
2007-07-06	1.1401675655193273
2007-07-07	-30.36194413622674
2007-07-08	28.6971738121761
2007-07-09	10.160766179557774
2007-07-10	1.4960517170397845
2007-07-11	2.2357798709361094
2007-07-12	-27.102475011205758
2007-07-13	-2.0924181579771455
2007-07-14	25.74706020185719
2007-07-15	-21.578818011456484
2007-07-16	-24.27474735924475
2007-07-17	-2.7224502053769877
2007-07-18	10.442780534536686
2007-07-19	-10.547196456664715
2007-07-20	27.854440371428687
2007-07-21	2.9718963363603708
2007-07-22	5.548360663433506
2007-07-23	2.0901987404186717
2007-07-24	28.656580087891303
2007-07-25	-5.1160014225666375
2007-07-26	-0.9983878977329443
2007-07-27	4.723217505029852
2007-07-28	-11.21394657400497
2007-07-29	32.721127681149206
2007-07-30	-9.63719236523205
2007-07-31	16.117835033165523
2007-08-01	-46.22761659870106
2007-08-02	-7.366333747261233
2007-08-03	-26.11594699586692
2007-08-04	15.88442080607828
2007-08-05	18.57832407858581
2007-08-06	19.72143887430719
2007-08-07	21.831589530313845
2007-08-08	24.002942087041607
2007-08-09	37.11211025483608
2007-08-10	-42.28362668472079
2007-08-11	-13.46983547124888
2007-08-12	18.979679953111425
2007-08-13	8.245912828981517
2007-08-14	-27.21539037940255
2007-08-15	13.870656453167173
2007-08-16	14.743128742120195
2007-08-17	4.533277509586981
2007-08-18	12.078442432769034
2007-08-19	-2.048046658255892
2007-08-20	7.532093101171307
2007-08-21	-15.998767299458144
2007-08-22	-17.54141041748518
2007-08-23	-32.13397956814823
2007-08-24	48.82296737579562
2007-08-25	-17.14426631088239
2007-08-26	-19.641891009793564
2007-08-27	44.98131572707684
2007-08-28	10.721294001621676
2007-08-29	-14.809859182102494
2007-08-30	2.3812500794827303
2007-08-31	10.307234111665007
2007-09-01	-25.993869011471208
2007-09-02	-20.95275334950674
2007-09-03	-1.0016086935105084
2007-09-04	38.840250762366686
2007-09-05	37.97171469366081
2007-09-06	-20.136788952412328
2007-09-07	5.201361897611633
2007-09-08	-5.535522881295501
2007-09-09	-21.092877332974307
2007-09-10	28.928711600095273
2007-09-11	-14.42884551343239
2007-09-12	21.741456842541655
2007-09-13	-31.66765006120371
2007-09-14	21.170339456271982
2007-09-15	-3.173135282477955
2007-09-16	-2.5093334909035274
2007-09-17	-13.846712562494147
2007-09-18	-6.580708196181123
2007-09-19	15.468688116147511
2007-09-20	-2.98706483051763
2007-09-21	-13.331455992908884
2007-09-22	-19.75094974327189
2007-09-23	5.974036215054624
2007-09-24	25.43139931690513
2007-09-25	16.12310484481375
2007-09-26	-10.66304794448787
2007-09-27	30.938597464687636
2007-09-28	-2.0068177478531
2007-09-29	-31.63922840069194
2007-09-30	33.65170571311551
2007-10-01	5.347350389238746
2007-10-02	8.039173850677654
2007-10-03	-18.257326786404285
2007-10-04	-18.72649135644158
2007-10-05	-25.008801216222093
2007-10-06	-1.1897534035682995
2007-10-07	-3.2857586069471187
2007-10-08	-10.1880910420942
2007-10-09	11.56904869880595
2007-10-10	-3.5610596233498537
2007-10-11	14.48069773846963
2007-10-12	-21.76682586655386
2007-10-13	-33.68357866481213
2007-10-14	-15.694208441192817
2007-10-15	15.959905614117414
2007-10-16	-2.6844117087953343
2007-10-17	0.9548230057453542
2007-10-18	18.59833624183083
2007-10-19	50.028223664506434
2007-10-20	6.048331834788542
2007-10-21	22.472128537955353
2007-10-22	-20.003539220954163
2007-10-23	-24.76501294259668
2007-10-24	16.977659183997666
2007-10-25	5.412871001065614
2007-10-26	5.701858410411753
2007-10-27	27.261757937740096
2007-10-28	-15.822879182396104
2007-10-29	3.5472716100134996
2007-10-30	-23.94545720416742
2007-10-31	-15.423988708316738
2007-11-01	-20.779353868299932
2007-11-02	0.8865153688195712
2007-11-03	-27.698502843861725
2007-11-04	-35.20830187181974
2007-11-05	-1.5554676292769554
2007-11-06	12.891708637004632
2007-11-07	-10.174431609855922
2007-11-08	-0.9829523059222627
2007-11-09	-17.68298415495001
2007-11-10	-22.233508721326146
2007-11-11	-12.080006009070535
2007-11-12	1.1083978238562169
2007-11-13	2.1330608425935584
2007-11-14	23.570751584743732
2007-11-15	3.9312591463833932
2007-11-16	-14.579662440788594
2007-11-17	0.8566112537836675
2007-11-18	-10.314477751892333
2007-11-19	-13.303390248345226
2007-11-20	-18.949332950836602
2007-11-21	0.44142732785105754
2007-11-22	-49.058505980399836
2007-11-23	2.9391448940854747
2007-11-24	19.48343974026274
2007-11-25	12.928778242015962
2007-11-26	8.250172309915877
2007-11-27	39.03529292372704
2007-11-28	4.848796246571559
2007-11-29	17.757002027772597
2007-11-30	-10.255778811371995
2007-12-01	-20.335360915014952
2007-12-02	-9.340934758971903
2007-12-03	0.6588838241236299
2007-12-04	31.59415956756589
2007-12-05	13.241062091320796
2007-12-06	-7.650267856268194
2007-12-07	14.774050856393242
2007-12-08	22.080478360530073
2007-12-09	32.86463082070869
2007-12-10	-17.262708144557287
2007-12-11	-7.806774018909918
2007-12-12	6.4937728304053435
2007-12-13	-1.0577939184327783
2007-12-14	0.8109719194566092
2007-12-15	43.84199790418944
2007-12-16	-3.0272858929994415
2007-12-17	6.430830377032869
2007-12-18	7.389108165053524
2007-12-19	-5.959693623251595
2007-12-20	49.36751152504798
2007-12-21	-32.504322751773195
2007-12-22	-22.163319467330982
2007-12-23	-47.349282763212166
2007-12-24	-19.02993747965377
2007-12-25	5.4463548488088325
2007-12-26	5.020321997977374
2007-12-27	-31.12145449765015
2007-12-28	-26.476155444720856
2007-12-29	0.933506337547856
2007-12-30	33.15109433415167
2007-12-31	20.277858520839665
2008-01-01	5.804130814059637
2008-01-02	-12.868912200063772
2008-01-03	-8.748186623631664
2008-01-04	12.340738473653577
2008-01-05	-58.28477484604778
2008-01-06	-3.252955093903905
2008-01-07	17.53985500970854
2008-01-08	-10.994192734159482
2008-01-09	-10.69834177831508
2008-01-10	11.984853785456163
2008-01-11	-24.542328584609756
2008-01-12	4.708006424722354
2008-01-13	-19.509216374484023
2008-01-14	5.818414870423121
2008-01-15	16.745392441893642
2008-01-16	4.238035808354618
2008-01-17	-13.536064827135489
2008-01-18	24.627923531215906
2008-01-19	-52.736236889448676
2008-01-20	13.329235476426367
2008-01-21	-8.854960702734013
2008-01-22	21.700242401405966
2008-01-23	27.012759044844945
2008-01-24	15.993627201263724
2008-01-25	-6.821789227656885
2008-01-26	24.99871209168216
2008-01-27	-18.936265818565747
2008-01-28	8.1263207363047
2008-01-29	-2.57664592601769
2008-01-30	36.22843302021808
2008-01-31	-14.974907527719765
2008-02-01	-12.101387825207516
2008-02-02	-26.756580701534663
2008-02-03	28.382930364142084
2008-02-04	20.402283579616967
2008-02-05	-29.692976844705083
2008-02-06	3.9956244905655947
2008-02-07	15.6499771490381
2008-02-08	22.06129461582586
2008-02-09	-29.514288269558644
2008-02-10	-7.459129430515668
2008-02-11	-28.319325241916832
2008-02-12	17.560983254323435
2008-02-13	35.37962600020559
2008-02-14	-48.50090922416011
2008-02-15	35.08666195384483
2008-02-16	21.718142851861682
2008-02-17	-19.704942014466116
2008-02-18	11.877867653568284
2008-02-19	-32.90896610609719
2008-02-20	-25.13714709835551
2008-02-21	-2.527586490350993
2008-02-22	-9.324525398396057
2008-02-23	-15.279104891520372
2008-02-24	11.927728039306283
2008-02-25	-14.212348083729005
2008-02-26	-5.992249830036971
2008-02-27	15.325974611395113
2008-02-28	6.876431752259388
2008-02-29	14.903484197802367
2008-03-01	0.7777628006718361
2008-03-02	53.34006515429956
2008-03-03	-37.781879930298444
2008-03-04	6.762107900240921
2008-03-05	7.121779115885446
2008-03-06	-22.12627289938199
2008-03-07	-14.39462773001425
2008-03-08	-2.760197908379218
2008-03-09	-29.124577880026035
2008-03-10	9.131839670343192
2008-03-11	26.590254634713286
2008-03-12	-33.605148736228365
2008-03-13	11.414987349387173
2008-03-14	10.553265565307116
2008-03-15	-0.35447919646373305
2008-03-16	3.948034603389023
2008-03-17	8.485407514426427
2008-03-18	-15.570540379847436
2008-03-19	12.06841513987009
2008-03-20	-11.66947615451987
2008-03-21	3.0045232225158927
2008-03-22	7.088599878136069
2008-03-23	18.833926734998034
2008-03-24	-31.051455767645415
2008-03-25	33.917948490892066
2008-03-26	-3.958763371260684
2008-03-27	-38.848710116069455
2008-03-28	13.90591591382751
2008-03-29	20.482037474141016
2008-03-30	-3.101610205064876
2008-03-31	17.383612629732436
2008-04-01	1.0980945649504306
2008-04-02	-10.50081392781995
2008-04-03	18.38612143795648
2008-04-04	-24.184147233893512
2008-04-05	9.803579183315033
2008-04-06	-6.458803505012473
2008-04-07	-23.870888223045803
2008-04-08	-38.724266980954305
2008-04-09	21.961356501178567
2008-04-10	-5.501683432043062
2008-04-11	-12.46037640436
2008-04-12	23.329035503888672
2008-04-13	-28.586400926378236
2008-04-14	-27.239343451185327
2008-04-15	-5.554815166409099
2008-04-16	16.395764530988103
2008-04-17	30.133512033422534
2008-04-18	44.42898412036104
2008-04-19	29.530428646092016
2008-04-20	-49.68388120332977
2008-04-21	5.696775751679015
2008-04-22	8.526237902482956
2008-04-23	1.3057447793770436
2008-04-24	30.063478101254553
2008-04-25	-16.589720066730777
2008-04-26	3.6828917144781466
2008-04-27	-6.427596566775522
2008-04-28	21.250900729014376
2008-04-29	0.818413784187577
2008-04-30	-13.366440881954944
2008-05-01	26.640237389524994
2008-05-02	14.57816033768509
2008-05-03	-10.961639892392682
2008-05-04	8.018730169723588
2008-05-05	-20.152585688413197
2008-05-06	6.9165280328962595
2008-05-07	-38.15759126653827
2008-05-08	13.712269102755137
2008-05-09	-12.199511265351854
2008-05-10	11.260101672795404
2008-05-11	-10.863460575387027
2008-05-12	3.119297060684903
2008-05-13	-8.570949994122417
2008-05-14	4.837744025501529
2008-05-15	34.368444770555115
2008-05-16	27.73922631345031
2008-05-17	-25.108143744585025
2008-05-18	31.867051133621118
2008-05-19	-37.617417581462966
2008-05-20	-13.205628540667611
2008-05-21	13.794293502812167
2008-05-22	-3.2406685643203588
2008-05-23	-29.659684690186157
2008-05-24	1.2094964035923945
2008-05-25	-64.30654946341701
2008-05-26	-24.37135200774423
2008-05-27	-11.68033012251769
2008-05-28	-2.3945191418254215
2008-05-29	22.27345613378564
2008-05-30	2.3371497714201865
2008-05-31	21.030655390260463
2008-06-01	8.379549612747814
2008-06-02	11.3196133316093
2008-06-03	3.569533721749753
2008-06-04	24.458295362727053
2008-06-05	0.615408097457673
2008-06-06	2.927320544602531
2008-06-07	-1.3547018540681768
2008-06-08	20.664390211617068
2008-06-09	12.770222751627891
2008-06-10	23.242696127180857
2008-06-11	-7.251232636878811
2008-06-12	9.679432474852328
2008-06-13	-13.765454205513937
2008-06-14	-8.185508153065241
2008-06-15	0.1414816516301226
2008-06-16	23.11962278165295
2008-06-17	15.563900167242357
2008-06-18	-24.103243402883972
2008-06-19	1.8276602512342164
2008-06-20	20.861329593093227
2008-06-21	5.102270926814648
2008-06-22	30.164871931851476
2008-06-23	-8.764478653095189
2008-06-24	0.1499501001850665
2008-06-25	12.936353050962834
2008-06-26	-2.070928233742926
2008-06-27	-22.228632966029167
2008-06-28	-8.652709393069149
2008-06-29	18.32068070441401
2008-06-30	14.38594261528252
2008-07-01	48.20009661642724
2008-07-02	15.834827348478871
2008-07-03	-5.203219590862775
2008-07-04	-2.6254937304499437
2008-07-05	9.736240882695284
2008-07-06	-3.3863830226931624
2008-07-07	11.918799175105192
2008-07-08	8.506294347375169
2008-07-09	3.3386545690710117
2008-07-10	9.911083813066993
2008-07-11	-18.66684960805896
2008-07-12	2.738803467212411
2008-07-13	28.065039954520937
2008-07-14	6.491881521740036
2008-07-15	9.213321600430541
2008-07-16	-36.13692859328037
2008-07-17	38.29740682128691
2008-07-18	-26.512536456113573
2008-07-19	13.511208247322866
2008-07-20	-22.242706511628835
2008-07-21	10.141334910030388
2008-07-22	21.261192411045048
2008-07-23	9.601105433903161
2008-07-24	-32.52089894575598
2008-07-25	13.184688287902013
2008-07-26	-15.16404130109428
2008-07-27	4.538243455127896
2008-07-28	18.07767533440847
2008-07-29	-34.41791760425801
2008-07-30	-0.2792009588972406
2008-07-31	3.947171310827634
2008-08-01	17.228728751308537
2008-08-02	-3.2838453807679784
2008-08-03	-0.43363320831501184
2008-08-04	-4.943716824542192
2008-08-05	4.308862300557406
2008-08-06	2.4360657241011334
2008-08-07	-1.314911086386559
2008-08-08	1.6835866960176258
2008-08-09	-6.966256813037752
2008-08-10	35.16586206441051
2008-08-11	-7.556831469041418
2008-08-12	15.78056959406526
2008-08-13	-21.96647730559025
2008-08-14	11.96664436537455
2008-08-15	-19.476624663941912
2008-08-16	-0.4998817851891064
2008-08-17	-41.3833797467392
2008-08-18	-6.382985393240137
2008-08-19	6.511909580879606
2008-08-20	38.15319794978873
2008-08-21	15.61489431852325
2008-08-22	31.616040341703503
2008-08-23	7.10292542952567
2008-08-24	-50.49218567906414
2008-08-25	11.95207547575767
2008-08-26	25.159923233171725
2008-08-27	-7.630199030648701
2008-08-28	16.989563240601942
2008-08-29	8.147733509908448
2008-08-30	5.336126131315353
2008-08-31	-25.244628945998564
2008-09-01	2.2065957507043277
2008-09-02	13.58090340637013
2008-09-03	3.795436523846691
2008-09-04	15.489259767088091
2008-09-05	-2.245420991238186
2008-09-06	21.560177667641323
2008-09-07	15.67379801610797
2008-09-08	6.355358010285184
2008-09-09	-0.5526245319344874
2008-09-10	41.58378440328517
2008-09-11	-5.384169981278203
2008-09-12	23.951281854197056
2008-09-13	10.66946319922746
2008-09-14	10.459761954850435
2008-09-15	8.387527424887747
2008-09-16	-55.21123879178904
2008-09-17	13.796608397863439
2008-09-18	-28.053852355378552
2008-09-19	20.464864460596925
2008-09-20	-20.793244280505036
2008-09-21	5.278276894504979
2008-09-22	13.12898001190834
2008-09-23	-7.7712221243951625
2008-09-24	45.33315371070556
2008-09-25	22.32821661243601
2008-09-26	27.635855910486562
2008-09-27	13.837231116428518
2008-09-28	24.77985138209625
2008-09-29	34.09051384916742
2008-09-30	5.973935256761388
2008-10-01	52.446815154032194
2008-10-02	-10.013010834249753
2008-10-03	-26.643701471835712
2008-10-04	22.361615255844207
2008-10-05	-9.70310577471203
2008-10-06	-11.59549851476
2008-10-07	7.071383157363047
2008-10-08	14.661764457334204
2008-10-09	-6.865422732985009
2008-10-10	14.912983614275948
2008-10-11	4.292859494418082
2008-10-12	-16.524098117087508
2008-10-13	17.82282668459742
2008-10-14	-1.806133727866109
2008-10-15	21.336592408362055
2008-10-16	-16.069638978450755
2008-10-17	3.3155586295966755
2008-10-18	5.196499287677115
2008-10-19	-18.018667717757573
2008-10-20	-23.051842314633486
2008-10-21	-22.035120253622168
2008-10-22	-20.338313856246653
2008-10-23	-0.8229671477665188
2008-10-24	36.41609998465867
2008-10-25	7.7357199647427635
2008-10-26	1.8071799861761093
2008-10-27	25.965570816395736
2008-10-28	10.752771352203542
2008-10-29	-14.866069848872904
2008-10-30	20.745960916994438
2008-10-31	14.081172577749406
2008-11-01	12.698705087689987
2008-11-02	-19.612381845351106
2008-11-03	44.86912888871011
2008-11-04	-43.578740632062534
2008-11-05	-3.8280439964727053
2008-11-06	10.503905262991786
2008-11-07	-20.04479632015143
2008-11-08	-29.488372444098434
2008-11-09	12.742854594134663
2008-11-10	-30.611308323712223
2008-11-11	38.98342602357604
2008-11-12	0.8771252321091032
2008-11-13	-2.6024213811594716
2008-11-14	-37.45128739831724
2008-11-15	-13.206663186105597
2008-11-16	33.664015755961465
2008-11-17	-15.996003410872639
2008-11-18	-7.811866270363835
2008-11-19	37.12570300953256
2008-11-20	-24.966569705816873
2008-11-21	1.9218423125510067
2008-11-22	29.159996208568828
2008-11-23	7.50351334034868
2008-11-24	23.834102869899223
2008-11-25	-31.796735063797293
2008-11-26	-35.3940813763771
2008-11-27	-17.013701304690787
2008-11-28	4.1200881438551304
2008-11-29	28.632791843528473
2008-11-30	-11.554055997051757
2008-12-01	3.6477977962352526
2008-12-02	-6.85485090127375
2008-12-03	10.11930441114386
2008-12-04	13.048047188447196
2008-12-05	58.99436256568899
2008-12-06	-24.427727948117084
2008-12-07	42.55512913953159
2008-12-08	37.98845329351447
2008-12-09	2.8478541253507403
2008-12-10	35.94575666573617
2008-12-11	-1.9527291820801127
2008-12-12	17.831221367234633
2008-12-13	36.54310646678678
2008-12-14	-47.885674370966434
2008-12-15	-5.596535420119951
2008-12-16	-17.27352522823055
2008-12-17	8.859994964080355
2008-12-18	4.074418327746041
2008-12-19	67.14854943451493
2008-12-20	26.754160089672766
2008-12-21	-3.5171867494551945
2008-12-22	-0.4081151769783342
2008-12-23	-22.857784944811765
2008-12-24	-8.65380405708951
2008-12-25	20.791604262740435
2008-12-26	53.04447789383642
2008-12-27	3.5275966692329375
2008-12-28	37.19790149214119
2008-12-29	-33.799010842762996
2008-12-30	31.4364422570067
2008-12-31	10.696793381990911
2009-01-01	0.4452667302132527
2009-01-02	10.252957341881592
2009-01-03	-7.882925889294974
2009-01-04	-6.431487547307423
2009-01-05	-27.566831724014456
2009-01-06	-18.1003216695753
2009-01-07	-9.38618314699941
2009-01-08	-4.676980021972236
2009-01-09	-10.198963695092607
2009-01-10	-0.4336182242990818
2009-01-11	6.724513322260717
2009-01-12	0.5833384020012673
2009-01-13	13.58549208525321
2009-01-14	42.25186335323936
2009-01-15	13.063309949798553
2009-01-16	-31.225780798622452
2009-01-17	-19.938916127966323
2009-01-18	-9.631604769890275
2009-01-19	12.264963585511902
2009-01-20	-34.559248483338216
2009-01-21	-44.954506449726765
2009-01-22	4.680361009429108
2009-01-23	8.853764222401528
2009-01-24	30.046796840673768
2009-01-25	46.10568963193152
2009-01-26	15.003570144751334
2009-01-27	-36.40678785140627
2009-01-28	2.043126994514466
2009-01-29	25.145561962925257
2009-01-30	-32.0033666391096
2009-01-31	0.007912335560038009
2009-02-01	-10.043265996186442
2009-02-02	4.7329368758296155
2009-02-03	0.5998226435433899
2009-02-04	-2.7956864668064316
2009-02-05	-3.466169303042494
2009-02-06	-15.260612961236248
2009-02-07	-44.1836201406131
2009-02-08	16.41694278956025
2009-02-09	18.217073179105068
2009-02-10	-0.2980736490932012
2009-02-11	10.68532020730409
2009-02-12	-15.211422247323146
2009-02-13	19.25675001244366
2009-02-14	49.55622864202883
2009-02-15	-35.36669705920517
2009-02-16	-14.572837796219975
2009-02-17	-15.438727187559717
2009-02-18	32.216407721947824
2009-02-19	-7.190367859460048
2009-02-20	-24.146680984563307
2009-02-21	-20.556785501563645
2009-02-22	12.831090286359546
2009-02-23	-5.512111517208885
2009-02-24	48.223204978097904
2009-02-25	19.962029362306914
2009-02-26	-21.900852270226583
2009-02-27	-5.4756682088294495
2009-02-28	23.90700185080429
2009-03-01	44.75893680480304
2009-03-02	-5.312064994902029
2009-03-03	20.96482141226675
2009-03-04	-27.25320403771708
2009-03-05	48.3831673875512
2009-03-06	25.761925680365984
2009-03-07	18.609982593191354
2009-03-08	13.707878080298746
2009-03-09	-6.322681009440342
2009-03-10	-2.440886233134467
2009-03-11	10.967316719401833
2009-03-12	7.4888287970207985
2009-03-13	-20.240731439859612
2009-03-14	31.994054429323967
2009-03-15	-5.927316787957339
2009-03-16	5.081680464557878
2009-03-17	-5.7112743812612745
2009-03-18	-1.5528467876437249
2009-03-19	-8.6326278208442
2009-03-20	-28.79337816103473
2009-03-21	-27.32137614619099
2009-03-22	-15.076515060937748
2009-03-23	-2.8137147562457328
2009-03-24	-0.033277939678613366
2009-03-25	-45.40890217982583
2009-03-26	-29.96596784229321
2009-03-27	-26.184926549288726
2009-03-28	-8.651851005749807
2009-03-29	1.3817629148325268
2009-03-30	-15.075861123253453
2009-03-31	21.217521970999456
2009-04-01	-0.19003878074867453
2009-04-02	-39.88588478695027
2009-04-03	-14.370874569581083
2009-04-04	35.60671608981721
2009-04-05	15.04234488535272
2009-04-06	5.372326787371189
2009-04-07	0.7065915828541718
2009-04-08	6.068758880657269
2009-04-09	22.247284529528926
2009-04-10	-26.321752297763403
2009-04-11	8.19927484839748
2009-04-12	8.70318300543527
2009-04-13	6.659135984594888
2009-04-14	-5.488883681556327
2009-04-15	-38.07718585728357
2009-04-16	-0.7618367597218902
2009-04-17	14.230193573141015
2009-04-18	0.5290023421711709
2009-04-19	-11.63709576892736
2009-04-20	-41.87418164572273
2009-04-21	19.801685140744176
2009-04-22	-1.027946093656977
2009-04-23	-5.759278964304164
2009-04-24	-3.9779209048522306
2009-04-25	23.21675458496841
2009-04-26	-23.86243236159277
2009-04-27	41.69399604896148
2009-04-28	-4.037107484577205
2009-04-29	-21.632517768020755
2009-04-30	-0.6483762480339357
2009-05-01	28.95686838036857
2009-05-02	-1.6844392554505847
2009-05-03	25.22118142825391
2009-05-04	-6.020640814540685
2009-05-05	10.28063309073738
2009-05-06	-16.43736412740314
2009-05-07	-15.018684855078494
2009-05-08	8.847141903346545
2009-05-09	25.48493052087174
2009-05-10	-12.805133907532257
2009-05-11	23.536212411183413
2009-05-12	-10.51028414115532
2009-05-13	13.502964696419276
2009-05-14	-2.7938528689483695
2009-05-15	-6.858839650493009
2009-05-16	1.2893446513545932
2009-05-17	-30.064918420189134
2009-05-18	-2.299958640289395
2009-05-19	19.2301762017681
2009-05-20	40.46713877812727
2009-05-21	14.536277765661595
2009-05-22	12.558842208696458
2009-05-23	12.566451099849862
2009-05-24	13.857888302206883
2009-05-25	1.6115996374086121
2009-05-26	4.725123143905515
2009-05-27	-28.05194439673931
2009-05-28	-8.284905758147616
2009-05-29	30.824884034876
2009-05-30	-11.93948795773114
2009-05-31	25.097817663930652
2009-06-01	9.2504090693664
2009-06-02	-13.503129412985137
2009-06-03	-32.6845947722475
2009-06-04	30.07171893056828
2009-06-05	26.219858206641007
2009-06-06	-7.956575335241398
2009-06-07	27.09317340574297
2009-06-08	-2.878295681228942
2009-06-09	7.848080269119679
2009-06-10	-20.144026327679274
2009-06-11	21.4303998403744
2009-06-12	20.020153671395423
2009-06-13	-1.341370005074783
2009-06-14	-27.92123230636944
2009-06-15	8.81748094882495
2009-06-16	13.371641819725918
2009-06-17	31.581883892987687
2009-06-18	10.099682216820748
2009-06-19	-7.860508960198295
2009-06-20	26.406144381581953
2009-06-21	47.734041271673874
2009-06-22	9.822622120371557
2009-06-23	-3.7555839935017286
2009-06-24	-5.838269766601602
2009-06-25	1.2235153141757387
2009-06-26	-15.414328333381437
2009-06-27	5.92647466340621
2009-06-28	16.310902558407562
2009-06-29	-25.247306975035603
2009-06-30	28.391669519579278
2009-07-01	24.322673302898526
2009-07-02	-32.521942442065765
2009-07-03	20.539446140476247
2009-07-04	10.209521636704364
2009-07-05	5.7940912248830445
2009-07-06	6.149729526162414
2009-07-07	32.73757441715126
2009-07-08	22.53005879442418
2009-07-09	4.782991825798615
2009-07-10	6.044039124593669
2009-07-11	-1.0264240039365669
2009-07-12	-32.099304953451885
2009-07-13	25.420039411209878
2009-07-14	30.918577186169294
2009-07-15	-13.696363105454614
2009-07-16	-23.454857315911234
2009-07-17	21.114071290438332
2009-07-18	-21.072801700429196
2009-07-19	44.75337966418607
2009-07-20	-38.525285716547785
2009-07-21	26.711414056282916
2009-07-22	11.764819718718256
2009-07-23	0.7124254831891379
2009-07-24	23.47120681886443
2009-07-25	30.45727572591164
2009-07-26	-10.59661940725102
2009-07-27	13.953958811656557
2009-07-28	-31.989217678227547
2009-07-29	51.72456457667825
2009-07-30	11.0287014122328
2009-07-31	4.71513504712848
2009-08-01	0.9050143100173476
2009-08-02	0.13737825463413966
2009-08-03	-19.991193546232477
2009-08-04	3.7530747712258314
2009-08-05	13.181377210010456
2009-08-06	1.4639166203453775
2009-08-07	26.727331347033843
2009-08-08	-18.082889830804113
2009-08-09	-24.173176853247103
2009-08-10	9.204344907899921
2009-08-11	-7.940076165703536
2009-08-12	-7.717771335421119
2009-08-13	-5.325475810973864
2009-08-14	21.03303791637201
2009-08-15	-18.557986787529043
2009-08-16	-38.052914633369824
2009-08-17	-8.594115405713977
2009-08-18	21.19740639556973
2009-08-19	-0.7338683224538014
2009-08-20	4.0863279675347055
2009-08-21	-5.941502195352699
2009-08-22	-12.907075873538297
2009-08-23	-16.705210382282687
2009-08-24	40.75838280254995
2009-08-25	8.165823600641033
2009-08-26	30.87886755574775
2009-08-27	-8.187308963504279
2009-08-28	-20.057074173638473
2009-08-29	-3.5325140492917546
2009-08-30	25.76139765087395
2009-08-31	-19.25809867777787
2009-09-01	9.100585826902558
2009-09-02	-14.100896101325178
2009-09-03	8.036666572185242
2009-09-04	28.030091912879325
2009-09-05	14.092638289128075
2009-09-06	7.856400874793913
2009-09-07	36.094062847248296
2009-09-08	-15.966869437373138
2009-09-09	-2.933826480488377
2009-09-10	-3.024701819659114
2009-09-11	-21.30794418694324
2009-09-12	-17.558152617123806
2009-09-13	14.190743189830867
2009-09-14	-6.897305543407266
2009-09-15	-0.5239577102003485
2009-09-16	-5.155802727280825
2009-09-17	46.60811967989896
2009-09-18	18.944054036222504
2009-09-19	-0.7201543653944764
2009-09-20	7.5795589619283
2009-09-21	-7.47311548803682
2009-09-22	11.561278210011945
2009-09-23	-3.2427012343824355
2009-09-24	-3.162587961961048
2009-09-25	9.466746362077117
2009-09-26	5.690718729076118
2009-09-27	-4.549338157748567
2009-09-28	-21.5467957204588
2009-09-29	-0.16022272455161435
2009-09-30	24.886850692643822
2009-10-01	-8.916273367558087
2009-10-02	55.09541077342397
2009-10-03	41.495465060131004
2009-10-04	-11.820382782316196
2009-10-05	5.873374862474462
2009-10-06	-1.0060028379219734
2009-10-07	-34.04440736231801
2009-10-08	-2.251633902191208
2009-10-09	8.219736615135202
2009-10-10	32.10874876724446
2009-10-11	16.029967953810562
2009-10-12	4.512588961815061
2009-10-13	-25.352612101191728
2009-10-14	-24.89250632307509
2009-10-15	-12.415057888987295
2009-10-16	-26.876241840170902
2009-10-17	3.8910427451889813
2009-10-18	-1.6097073285045573
2009-10-19	21.36674655146191
2009-10-20	10.098397405250186
2009-10-21	1.8734761540397336
2009-10-22	6.954621993470443
2009-10-23	-10.85102950407203
2009-10-24	0.251506203763318
2009-10-25	11.956312281469078
2009-10-26	17.64447404095957
2009-10-27	16.634395381501246
2009-10-28	29.09820162744668
2009-10-29	5.655442663189178
2009-10-30	29.699490556610343
2009-10-31	23.891042823489364
2009-11-01	-7.23109373919972
2009-11-02	12.86151209292621
2009-11-03	36.324309631364166
2009-11-04	13.795515395982816
2009-11-05	-12.649025750899233
2009-11-06	19.647735384593073
2009-11-07	-18.371700407891
2009-11-08	25.196336803731292
2009-11-09	24.337572298748167
2009-11-10	-10.255499786290192
2009-11-11	11.374697364550832
2009-11-12	54.36207596957136
2009-11-13	25.913438471933656
2009-11-14	28.680353733465118
2009-11-15	-4.40207767456257
2009-11-16	-68.44822195056442
2009-11-17	9.100448853546581
2009-11-18	-0.5605497343096113
2009-11-19	-3.8695645120641258
2009-11-20	1.5530494731950455
2009-11-21	24.014189617472955
2009-11-22	7.183618084935269
2009-11-23	6.128526029101982
2009-11-24	12.90202943354164
2009-11-25	-9.070223838044182
2009-11-26	-49.61539548378829
2009-11-27	-32.413808964993926
2009-11-28	-11.362084275913219
2009-11-29	-20.42818898913744
2009-11-30	8.651005228200393
2009-12-01	25.69586010928659
2009-12-02	3.1258375385226023
2009-12-03	12.584066321061588
2009-12-04	-9.464617083606674
2009-12-05	-7.170021261362736
2009-12-06	-0.07353944051753358
2009-12-07	-14.968126583340274
2009-12-08	34.10571974284783
2009-12-09	0.5690016968263857
2009-12-10	19.726534818597734
2009-12-11	-3.268243154361385
2009-12-12	16.9010504711629
2009-12-13	-19.8307315066824
2009-12-14	-18.106121964505405
2009-12-15	-48.08301411650629
2009-12-16	-19.206830231600144
2009-12-17	8.126296323928269
2009-12-18	-5.122315636132078
2009-12-19	15.188429148260088
2009-12-20	-41.638005856477996
2009-12-21	-16.161841384483377
2009-12-22	13.953087942301847
2009-12-23	-1.1502440202472635
2009-12-24	4.717143685002268
2009-12-25	-9.784694728143656
2009-12-26	18.359121431440176
2009-12-27	16.24505793888919
2009-12-28	-46.00548209122063
2009-12-29	-11.770502721864672
2009-12-30	10.713518206544771
2009-12-31	-21.37478320005866
2010-01-01	6.668641428138157
2010-01-02	9.49345895388343
2010-01-03	-42.59352172053927
2010-01-04	14.046547859693385
2010-01-05	13.0163068129602
2010-01-06	-7.1832264437590485
2010-01-07	5.691609129427368
2010-01-08	5.932909175818065
2010-01-09	19.15151688117221
2010-01-10	18.03651400310274
2010-01-11	-10.664204577547443
2010-01-12	45.930738899362204
2010-01-13	-26.949699244382316
2010-01-14	-20.960532586466677
2010-01-15	26.25741740597437
2010-01-16	14.953369646275215
2010-01-17	27.78804180980214
2010-01-18	-8.480070409553814
2010-01-19	30.79111015327002
2010-01-20	-11.653275030524597
2010-01-21	-2.7660123016790736
2010-01-22	20.93964590782099
2010-01-23	-16.257713714323884
2010-01-24	-18.402478240115144
2010-01-25	-45.84376536445491
2010-01-26	32.622368578919364
2010-01-27	-27.676185631644397
2010-01-28	-10.752667367261482
2010-01-29	-1.6919040601001962
2010-01-30	32.45717500719979
2010-01-31	-37.598876025453954
2010-02-01	16.010858826605446
2010-02-02	15.201971306989657
2010-02-03	-32.59825259164915
2010-02-04	8.268739966123217
2010-02-05	-12.354033484828168
2010-02-06	35.86477660664521
2010-02-07	7.185720394257582
2010-02-08	19.23245999287865
2010-02-09	13.78097737865525
2010-02-10	-48.064540584471025
2010-02-11	-13.328623953887622
2010-02-12	-14.101122938183847
2010-02-13	2.0969239703182474
2010-02-14	8.733892429731236
2010-02-15	-23.89232737492297
2010-02-16	-38.81607770541584
2010-02-17	-0.1836264711988267
2010-02-18	-17.62965923535921
2010-02-19	17.059205342498355
2010-02-20	3.349938132717152
2010-02-21	2.2178229221065573
2010-02-22	-8.259794242136644
2010-02-23	-4.207397804041203
2010-02-24	-12.073180685869076
2010-02-25	1.8436445915587498
2010-02-26	20.86091399208939
2010-02-27	7.703102965925051
2010-02-28	-9.31722535403552
2010-03-01	16.747712329845417
2010-03-02	-43.68987224506999
2010-03-03	29.760709184261472
2010-03-04	-45.17035749221124
2010-03-05	-18.668127326576958
2010-03-06	-20.795277798156725
2010-03-07	-3.039535913624709
2010-03-08	3.586955623337336
2010-03-09	41.28899402344497
2010-03-10	-11.203278663444367
2010-03-11	12.234595088609206
2010-03-12	29.81210663164402
2010-03-13	9.774939057974755
2010-03-14	19.515467213605458
2010-03-15	-35.0383183503083
2010-03-16	19.245164325499466
2010-03-17	-12.002120037964465
2010-03-18	14.423479010155551
2010-03-19	15.737205313343965
2010-03-20	18.499391162666942
2010-03-21	45.017710522737566
2010-03-22	-2.3803881603725294
2010-03-23	-15.082503666069176
2010-03-24	0.2382117502402915
2010-03-25	29.368539694287385
2010-03-26	-0.34868272152488977
2010-03-27	16.003727260310217
2010-03-28	13.634853546925884
2010-03-29	-14.222512130300618
2010-03-30	4.219904266852033
2010-03-31	-12.847492860598127
2010-04-01	2.5783603898866323
2010-04-02	2.6191664029517883
2010-04-03	-3.7730973110024966
2010-04-04	3.2785139667669227
2010-04-05	7.096682934374175
2010-04-06	-19.25893471503029
2010-04-07	4.183518152427866
2010-04-08	-12.128990049631875
2010-04-09	23.68992103346845
2010-04-10	18.432697061623198
2010-04-11	-13.022901667964442
2010-04-12	-16.120363183791447
2010-04-13	-34.68981542540074
2010-04-14	35.515255393424866
2010-04-15	53.513091215823906
2010-04-16	-21.07434260417083
2010-04-17	1.1904512508848981
2010-04-18	34.67809988953223
2010-04-19	26.97009632171548
2010-04-20	36.2354284506652
2010-04-21	0.613560771788326
2010-04-22	-10.19470057464546
2010-04-23	17.93793592091937
2010-04-24	-15.738658981545807
2010-04-25	5.921990688275643
2010-04-26	18.880613020685193
2010-04-27	2.4329357630981674
2010-04-28	-2.054183632810438
2010-04-29	-57.533241889563
2010-04-30	-30.30989730065498
2010-05-01	17.43208408438614
2010-05-02	3.88518996948714
2010-05-03	-6.989857016034837
2010-05-04	1.6268520104015693
2010-05-05	21.65295921098545
2010-05-06	4.809549770266943
2010-05-07	-11.747845087138725
2010-05-08	8.079208444682777
2010-05-09	51.55596861066986
2010-05-10	4.394294203309001
2010-05-11	-4.415833381533005
2010-05-12	10.340105083819129
2010-05-13	1.24754505742882
2010-05-14	2.883707885403494
2010-05-15	17.931780169586126
2010-05-16	-2.6507480984571368
2010-05-17	-21.87754985576268
2010-05-18	36.810068987925895
2010-05-19	-4.428005324924512
2010-05-20	-9.525807462479424
2010-05-21	0.6426559553197699
2010-05-22	-0.5757326317869216
2010-05-23	19.832601697745314
2010-05-24	8.944775544733664
2010-05-25	21.843890277103963
2010-05-26	-27.722484947946207
2010-05-27	-13.78561701437449
2010-05-28	-10.673779349133534
2010-05-29	26.14213307993564
2010-05-30	-4.237097891450191
2010-05-31	-5.082589583945324
2010-06-01	-5.366750092316521
2010-06-02	-13.888034303847109
2010-06-03	9.895709271372203
2010-06-04	-10.933020178703769
2010-06-05	-37.563453538537146
2010-06-06	-55.69351329998052
2010-06-07	-32.119985577039664
2010-06-08	-30.861212610314823
2010-06-09	-19.76129216214427
2010-06-10	8.89014912194501
2010-06-11	16.979188191881242
2010-06-12	16.66551800337338
2010-06-13	7.332530404320029
2010-06-14	27.42831152551
2010-06-15	5.790643695138905
2010-06-16	-18.178905211278025
2010-06-17	-12.691540740433696
2010-06-18	11.723150653083668
2010-06-19	-3.2361159856821775
2010-06-20	-29.334177315740035
2010-06-21	-17.612554278502373
2010-06-22	-14.03423824018648
2010-06-23	16.474332227057417
2010-06-24	2.7576083596463548
2010-06-25	-2.792327419160305
2010-06-26	-21.366675473682516
2010-06-27	-10.530153771497574
2010-06-28	20.515126773256053
2010-06-29	-14.752912325279715
2010-06-30	-2.718616048147557
2010-07-01	10.03260848525345
2010-07-02	0.8267715377995741
2010-07-03	-1.3851441249338123
2010-07-04	-15.687319465567697
2010-07-05	-37.605596166708104
2010-07-06	48.63286557757799
2010-07-07	-16.605445347310113
2010-07-08	-22.367232364557967
2010-07-09	25.491567099049618
2010-07-10	3.6195880215091014
2010-07-11	28.894280304262974
2010-07-12	5.8536232396331425
2010-07-13	15.346108518175491
2010-07-14	15.205356269140767
2010-07-15	-9.178738743628703
2010-07-16	2.5731749140161417
2010-07-17	-1.9686452649978115
2010-07-18	-9.740450546391441
2010-07-19	-26.274494770586035
2010-07-20	18.389953131679547
2010-07-21	3.469982901617464
2010-07-22	-23.190204064675303
2010-07-23	-3.7492228713923614
2010-07-24	-4.998871031407938
2010-07-25	19.887132668705487
2010-07-26	23.545979681862438
2010-07-27	36.34212155637124
2010-07-28	-2.0626041249651426
2010-07-29	37.41131623974223
2010-07-30	-24.55158259029357
2010-07-31	-39.814701875293935
2010-08-01	3.103370220877803
2010-08-02	-13.199550466662938
2010-08-03	19.865220037858496
2010-08-04	12.456602089942262
2010-08-05	-4.131135339839069
2010-08-06	2.8904423057517006
2010-08-07	17.05614213293744
2010-08-08	1.7394746089876052
2010-08-09	9.12785422728687
2010-08-10	-6.336205450451074
2010-08-11	-15.198912292482401
2010-08-12	23.555314673408617
2010-08-13	-0.7183533128191033
2010-08-14	6.9955482043896815
2010-08-15	17.33925060578675
2010-08-16	34.89714135668764
2010-08-17	-13.762678455938838
2010-08-18	-20.135311759228404
2010-08-19	0.2467845482412817
2010-08-20	-6.602471247914062
2010-08-21	42.27928200148873
2010-08-22	4.816378237293706
2010-08-23	-22.247830300446395
2010-08-24	-25.43406525537043
2010-08-25	2.1113804442362993
2010-08-26	45.808094510337455
2010-08-27	-4.598824396855237
2010-08-28	34.094666943470386
2010-08-29	3.11185180998557
2010-08-30	6.679055174188012
2010-08-31	10.64429672411842
2010-09-01	-44.01426287281561
2010-09-02	-4.73018047080902
2010-09-03	8.544375627383491
2010-09-04	25.244501607074408
2010-09-05	-3.810098649886198
2010-09-06	-13.336332059008429
2010-09-07	-1.591422847543836
2010-09-08	30.278046144308682
2010-09-09	-50.69076211670177
2010-09-10	10.145340865877543
2010-09-11	-13.046118587723871
2010-09-12	34.98375825627557
2010-09-13	18.536527632449154
2010-09-14	50.901345200910214
2010-09-15	19.21466756755212
2010-09-16	28.635176463354096
2010-09-17	-23.37495930080059
2010-09-18	-42.74214207666497
2010-09-19	10.704872801360533
2010-09-20	24.754791580860434
2010-09-21	22.379480636573852
2010-09-22	19.33535060462498
2010-09-23	25.60133175034987
2010-09-24	11.512310048311694
2010-09-25	22.18184114938268
2010-09-26	-4.232609722741948
2010-09-27	25.535186431285346
2010-09-28	18.818383250807337
2010-09-29	-17.22557003781551
2010-09-30	31.681608012497037
2010-10-01	0.09886242189175265
2010-10-02	-15.481459350655502
2010-10-03	-6.106506124701373
2010-10-04	1.611964808571301
2010-10-05	-8.450362972999184
2010-10-06	11.357364938006388
2010-10-07	-48.100735740158356
2010-10-08	18.94075689360556
2010-10-09	-21.592204743548585
2010-10-10	1.516541404220928
2010-10-11	3.925656352851563
2010-10-12	6.997784163977662
2010-10-13	21.15684252022952
2010-10-14	-21.502079651940406
2010-10-15	-31.517238748300244
2010-10-16	-14.987042691416795
2010-10-17	30.015235509068223
2010-10-18	-17.227766377259126
2010-10-19	-15.741440375212871
2010-10-20	-12.792151927988371
2010-10-21	4.824947677948447
2010-10-22	-23.804247627599196
2010-10-23	6.016484659261101
2010-10-24	-50.315782590686034
2010-10-25	31.302671654647536
2010-10-26	-18.300702047105357
2010-10-27	-20.89686505768695
2010-10-28	-30.851910892116916
2010-10-29	-12.871939337911037
2010-10-30	25.72456390679513
2010-10-31	11.311576569950262
2010-11-01	-16.571127861592636
2010-11-02	-10.843437547779137
2010-11-03	9.118853248804262
2010-11-04	41.99430304636371
2010-11-05	-14.49214056918642
2010-11-06	-9.687702817773387
2010-11-07	-47.18403406927396
2010-11-08	5.477958817924597
2010-11-09	41.34569455131193
2010-11-10	-16.640301254530566
2010-11-11	-31.275514235710844
2010-11-12	-25.04351784719629
2010-11-13	10.204497575119037
2010-11-14	-15.171861034335425
2010-11-15	-1.1530231203355334
2010-11-16	3.127162515271719
2010-11-17	39.859747662916305
2010-11-18	-37.129025219152375
2010-11-19	25.843682301575477
2010-11-20	-11.305264585141613
2010-11-21	-34.97512524693478
2010-11-22	25.92562793820316
2010-11-23	-41.26471954496412
2010-11-24	-23.56885784576557
2010-11-25	6.9876103903447015
2010-11-26	10.095483330807902
2010-11-27	-6.7871390004782945
2010-11-28	25.03161774631096
2010-11-29	52.29037323246342
2010-11-30	-33.781060057488794
2010-12-01	-14.27324321762001
2010-12-02	9.06460786680705
2010-12-03	-48.20507601456853
2010-12-04	62.79985515565471
2010-12-05	-27.518525828665563
2010-12-06	28.33256351897902
2010-12-07	-4.47317028734869
2010-12-08	12.653252723507237
2010-12-09	3.07479360264277
2010-12-10	6.229061150172764
2010-12-11	8.36040143358786
2010-12-12	52.72944211621284
2010-12-13	-3.7570050534202757
2010-12-14	18.651106755229772
2010-12-15	-0.47228657962149057
2010-12-16	-10.777889609236038
2010-12-17	41.76717869056685
2010-12-18	-0.8734499710610308
2010-12-19	-5.3799948956478865
2010-12-20	20.672444838730062
2010-12-21	13.2484045569144
2010-12-22	26.173375378953672
2010-12-23	14.829319864581695
2010-12-24	-6.029529344591652
2010-12-25	-30.550643536092835
2010-12-26	-7.226593609171717
2010-12-27	8.57860302107335
2010-12-28	-31.457479154907475
2010-12-29	-13.136761032487406
2010-12-30	-32.82893832803596
2010-12-31	16.802746435066993
2011-01-01	26.009149227542864
2011-01-02	26.054770974415195
2011-01-03	-44.55208785492256
2011-01-04	35.45374615827432
2011-01-05	2.949889428821061
2011-01-06	12.643078833360535
2011-01-07	6.532182868226987
2011-01-08	-21.703505610903655
2011-01-09	11.72161402453484
2011-01-10	10.191146444989329
2011-01-11	3.5160115494064677
2011-01-12	16.277397797018594
2011-01-13	-5.149383742191431
2011-01-14	2.05798027585391
2011-01-15	28.931025359176047
2011-01-16	-10.638120951794281
2011-01-17	-27.09923759080938
2011-01-18	-8.147620212340277
2011-01-19	29.03961127711496
2011-01-20	-25.86744350000448
2011-01-21	-32.61752913476249
2011-01-22	23.817603543706966
2011-01-23	25.215639803069617
2011-01-24	-8.509938564176268
2011-01-25	17.263680970966284
2011-01-26	25.976459097368068
2011-01-27	-9.183798790831707
2011-01-28	-51.945990351947835
2011-01-29	30.83308272235555
2011-01-30	0.5432457289881453
2011-01-31	-13.599938202826015
2011-02-01	30.86006721633828
2011-02-02	0.6188388073147031
2011-02-03	63.95868173742002
2011-02-04	27.23093521308662
2011-02-05	8.166839618364095
2011-02-06	-10.889539756135859
2011-02-07	-17.511835624898698
2011-02-08	-14.419101400277764
2011-02-09	37.077770783017165
2011-02-10	30.034682102804712
2011-02-11	1.544739969537984
2011-02-12	-9.451142867278863
2011-02-13	4.266481099968439
2011-02-14	-27.170462326429753
2011-02-15	12.528088668026799
2011-02-16	24.836748867386202
2011-02-17	24.608454733380615
2011-02-18	7.269681473788182
2011-02-19	14.606627447743575
2011-02-20	-7.678654574583758
2011-02-21	-4.39634121919611
2011-02-22	26.309213483296926
2011-02-23	8.145798232140274
2011-02-24	37.33762583833282
2011-02-25	15.270409616787399
2011-02-26	-1.4101408067012413
2011-02-27	1.5358889112455256
2011-02-28	43.24666225768117
2011-03-01	37.66403254218138
2011-03-02	15.249271270068169
2011-03-03	-18.947694707284285
2011-03-04	-3.7286978290755544
2011-03-05	-13.61208766990304
2011-03-06	-2.1246593529039224
2011-03-07	-11.133543326339405
2011-03-08	-45.11565350465326
2011-03-09	-21.878218838740633
2011-03-10	48.02827630409936
2011-03-11	0.9090656204628631
2011-03-12	-3.753567429980407
2011-03-13	11.86679239333148
2011-03-14	-21.431828064949524
2011-03-15	-18.28576073021625
2011-03-16	29.99511723287202
2011-03-17	15.234605260831456
2011-03-18	43.39413691030359
2011-03-19	30.60794071595686
2011-03-20	-11.281717296405212
2011-03-21	20.69141296003266
2011-03-22	47.37912048907117
2011-03-23	9.371512565358845
2011-03-24	-34.56052151221862
2011-03-25	-37.29133739011423
2011-03-26	7.1445791268863665
2011-03-27	-27.7113922744925
2011-03-28	38.88304174929686
2011-03-29	24.90515959163208
2011-03-30	-12.917223856982744
2011-03-31	-10.211231378997118
2011-04-01	2.695625881147971
2011-04-02	16.638189212592312
2011-04-03	25.024272684225934
2011-04-04	-43.670636305194456
2011-04-05	40.678737868688685
2011-04-06	-16.526344406266
2011-04-07	-8.885718735155036
2011-04-08	49.565626924058805
2011-04-09	21.07823419233231
2011-04-10	28.994148896219706
2011-04-11	30.897651906388088
2011-04-12	12.304404691882894
2011-04-13	6.352688618723534
2011-04-14	-22.624417293198672
2011-04-15	4.949192321697222
2011-04-16	41.755533972351586
2011-04-17	65.48059419725509
2011-04-18	-17.957870670211637
2011-04-19	38.83321692127504
2011-04-20	-1.230825873657875
2011-04-21	23.880450269321056
2011-04-22	11.72735956777864
2011-04-23	37.5474708834947
2011-04-24	-26.014693305895047
2011-04-25	-5.908743518519359
2011-04-26	-23.770757842645526
2011-04-27	21.457558567598767
2011-04-28	-31.867457142121253
2011-04-29	5.736603797625655
2011-04-30	-17.789095879204854
2011-05-01	-13.421147746197104
2011-05-02	18.109115596509923
2011-05-03	13.146401110137793
2011-05-04	-27.553770775787513
2011-05-05	-7.555171286729893
2011-05-06	-13.087352653207146
2011-05-07	2.1939369311255916
2011-05-08	22.60761823639292
2011-05-09	-8.976711049021182
2011-05-10	-4.661430954951737
2011-05-11	-5.259377895813616
2011-05-12	-19.078430187919814
2011-05-13	5.716005942742216
2011-05-14	32.93468857615965
2011-05-15	-7.05801661713949
2011-05-16	-11.87224426954547
2011-05-17	-32.42271421110421
2011-05-18	-14.517918412914034
2011-05-19	-3.0492239809965733
2011-05-20	-3.0748887402131713
2011-05-21	-32.24803166239455
2011-05-22	-24.04682323484467
2011-05-23	37.73130792209808
2011-05-24	17.575425493824117
2011-05-25	-43.781757232642455
2011-05-26	-23.553742000128352
2011-05-27	8.899506312087391
2011-05-28	-9.285177312671747
2011-05-29	8.430871884363722
2011-05-30	-12.020698844900846
2011-05-31	-8.743256328815315
2011-06-01	9.604306179907523
2011-06-02	15.593648674360425
2011-06-03	5.806170265496299
2011-06-04	1.9080239033144895
2011-06-05	16.50031357435175
2011-06-06	-3.5136637767268333
2011-06-07	-27.742717128696224
2011-06-08	25.609680196787675
2011-06-09	-34.335254988082845
2011-06-10	13.924729384107547
2011-06-11	1.1654603845152163
2011-06-12	19.760535583250846
2011-06-13	10.311609752821187
2011-06-14	3.36592082869958
2011-06-15	-14.556576119175137
2011-06-16	23.111493180789147
2011-06-17	7.283170774925016
2011-06-18	-15.889250619551067
2011-06-19	-0.3640309109430504
2011-06-20	36.46554740274214
2011-06-21	29.85062291425375
2011-06-22	16.727165254439402
2011-06-23	-55.31864304347785
2011-06-24	-50.98995185381266
2011-06-25	3.2488743746156583
2011-06-26	-2.3132444992617875
2011-06-27	-15.30201882237041
2011-06-28	-0.7083316491384779
2011-06-29	0.5661973044492645
2011-06-30	-61.109998358083146
2011-07-01	1.4932662595013364
2011-07-02	-26.25846953886391
2011-07-03	-32.99278874417789
2011-07-04	30.80295988400679
2011-07-05	6.253919919745122
2011-07-06	-23.187605944059005
2011-07-07	7.87752875096275
2011-07-08	16.772087178410338
2011-07-09	-18.545225569775933
2011-07-10	6.45967051285924
2011-07-11	-3.4298596469310585
2011-07-12	16.760440725659983
2011-07-13	2.414053831144215
2011-07-14	7.261821137447119
2011-07-15	-26.31351822209501
2011-07-16	0.9625583078438329
2011-07-17	-19.83727640998931
2011-07-18	-3.453081604279838
2011-07-19	5.12743249187889
2011-07-20	3.4086605775384555
2011-07-21	-16.47731207016964
2011-07-22	-11.488113157493432
2011-07-23	26.62118209222033
2011-07-24	15.711853594980738
2011-07-25	-23.79227055574106
2011-07-26	-8.061026988135529
2011-07-27	-30.82999522051403
2011-07-28	60.60400246003403
2011-07-29	-34.20624405129215
2011-07-30	-12.390267397890927
2011-07-31	-19.976603654223457
2011-08-01	19.029993849874877
2011-08-02	-10.388540191846875
2011-08-03	37.006378671376396
2011-08-04	1.1702154409765795
2011-08-05	-21.9378400080853
2011-08-06	-35.757841291158535
2011-08-07	-36.745605639093085
2011-08-08	-4.398313224916841
2011-08-09	-0.4634845535332761
2011-08-10	-28.07582703199112
2011-08-11	-23.22245075300497
2011-08-12	-0.6579799663396415
2011-08-13	7.548305846015187
2011-08-14	27.3668623734007
2011-08-15	-3.806765236884811
2011-08-16	-64.26103891256291
2011-08-17	-27.306534780901796
2011-08-18	21.444719201210997
2011-08-19	-18.485002864659165
2011-08-20	5.735762180950652
2011-08-21	14.90336800006543
2011-08-22	17.328629183378084
2011-08-23	6.746075094556502
2011-08-24	-18.925951704187092
2011-08-25	29.462938925629274
2011-08-26	14.488139498259597
2011-08-27	23.790256149773
2011-08-28	-11.47530767534104
2011-08-29	3.7938508676158413
2011-08-30	-2.1814586270792544
2011-08-31	-19.49093164763029
2011-09-01	-9.356047870084982
2011-09-02	-11.789237257626942
2011-09-03	14.196768437871805
2011-09-04	18.62770051379147
2011-09-05	-44.29300850026163
2011-09-06	59.4615197228073
2011-09-07	-14.655829180823078
2011-09-08	38.27609602387792
2011-09-09	15.365735831989166
2011-09-10	33.059358419195476
2011-09-11	-0.9764411587012565
2011-09-12	11.601605376076979
2011-09-13	24.728219471720816
2011-09-14	25.383552486322902
2011-09-15	20.872319700719046
2011-09-16	-3.2120556456850373
2011-09-17	16.623072146012206
2011-09-18	-45.4102087894248
2011-09-19	13.522806923005174
2011-09-20	-5.073904266027186
2011-09-21	13.2644189874822
2011-09-22	-49.33018146075917
2011-09-23	-21.468748480710588
2011-09-24	-18.503380368943645
2011-09-25	-7.6594261805639565
2011-09-26	3.394084359888546
2011-09-27	18.06870979653809
2011-09-28	-28.766501639612358
2011-09-29	-28.95946422337627
2011-09-30	18.165388501757334
2011-10-01	-6.296571977629944
2011-10-02	8.01695419729539
2011-10-03	11.08790060026471
2011-10-04	14.279235028543134
2011-10-05	-1.9098096336891974
2011-10-06	4.0552066457391005
2011-10-07	24.94211210836053
2011-10-08	-5.423324905918439
2011-10-09	18.933112080620027
2011-10-10	-45.94023849968853
2011-10-11	-57.21755688980126
2011-10-12	-14.794642397336489
2011-10-13	5.045747943496251
2011-10-14	-16.952665704002108
2011-10-15	-27.15692736971514
2011-10-16	45.480562878591584
2011-10-17	7.8554064321304145
2011-10-18	-1.3232034107083777
2011-10-19	14.132975542996356
2011-10-20	42.47005199926203
2011-10-21	-7.470165426114498
2011-10-22	36.80523505255133
2011-10-23	-26.72638778506968
2011-10-24	-9.340770791863934
2011-10-25	22.240436160015577
2011-10-26	42.48864289861387
2011-10-27	6.347684382857025
2011-10-28	4.821708154614586
2011-10-29	-5.723755536498759
2011-10-30	4.970866373818327
2011-10-31	28.912637772145644
2011-11-01	3.740730073912516
2011-11-02	38.27235043917895
2011-11-03	25.740991016026026
2011-11-04	1.3880010656095811
2011-11-05	-31.865786321891342
2011-11-06	-29.85862106539481
2011-11-07	43.738542805085615
2011-11-08	0.8562546770012821
2011-11-09	-14.177398872549954
2011-11-10	11.638694704870348
2011-11-11	-6.606429762112205
2011-11-12	-20.072628342070026
2011-11-13	-12.280281972110258
2011-11-14	41.469752608602434
2011-11-15	-0.09890197551942514
2011-11-16	2.870326430713259
2011-11-17	16.164364491617278
2011-11-18	-13.188851355787738
2011-11-19	17.20294669261878
2011-11-20	-15.789618504381888
2011-11-21	29.67993442375957
2011-11-22	-11.835090586978508
2011-11-23	18.240502071188462
2011-11-24	-24.827703726844735
2011-11-25	-27.91605072272568
2011-11-26	-2.1027545178831515
2011-11-27	-19.26508694660658
2011-11-28	-11.898088091578387
2011-11-29	-15.328464858671104
2011-11-30	-13.791975731453164
2011-12-01	-20.333268846019234
2011-12-02	12.408053107044646
2011-12-03	31.027887646533397
2011-12-04	-1.6442804912355011
2011-12-05	-3.005354758133107
2011-12-06	34.52805887417427
2011-12-07	35.500892852271676
2011-12-08	-21.088750759672884
2011-12-09	-15.943973872758875
2011-12-10	-0.12670210768651202
2011-12-11	-1.1751487511040912
2011-12-12	19.041722410293403
2011-12-13	9.0453459164809
2011-12-14	25.642857048370512
2011-12-15	25.671881075828
2011-12-16	20.56034984355881
2011-12-17	33.3780227048422
2011-12-18	1.836445528986367
2011-12-19	27.455631691235897
2011-12-20	-32.77514426146304
2011-12-21	47.67568643509522
2011-12-22	-22.36373106114042
2011-12-23	18.60587408451746
2011-12-24	-18.281682713525658
2011-12-25	61.47357406126207
2011-12-26	-21.443343590709045
2011-12-27	-9.294354221914874
2011-12-28	-1.3973684671115032
2011-12-29	-1.223564081251326
2011-12-30	4.689125462165655
2011-12-31	45.76347675409068
2012-01-01	22.253333658705557
2012-01-02	16.205854417382177
2012-01-03	37.45873140734618
2012-01-04	14.11751778514382
2012-01-05	-6.9593291045740635
2012-01-06	44.11617396371288
2012-01-07	26.50496879064987
2012-01-08	-24.27415326495773
2012-01-09	8.246372357938663
2012-01-10	17.73543021433288
2012-01-11	-6.935199957805882
2012-01-12	29.379572639862587
2012-01-13	33.52291288912817
2012-01-14	-25.335693446628333
2012-01-15	9.058138832187849
2012-01-16	-23.85174757479497
2012-01-17	7.287159431227912
2012-01-18	-14.298486864430284
2012-01-19	16.95776978522082
2012-01-20	32.591019102419914
2012-01-21	-11.496324189667744
2012-01-22	7.475716145471761
2012-01-23	-4.098868423765479
2012-01-24	4.548300152771914
2012-01-25	-19.816364750333857
2012-01-26	8.289711251643249
2012-01-27	-15.87105057794825
2012-01-28	5.4108978125240155
2012-01-29	-21.97138136215403
2012-01-30	-15.219561967426955
2012-01-31	24.899441375914183
2012-02-01	7.71198589524484
2012-02-02	-3.111815699994482
2012-02-03	1.9507308992014778
2012-02-04	-63.1654220107115
2012-02-05	29.055207700419746
2012-02-06	-36.21509039186726
2012-02-07	-7.477803668259803
2012-02-08	1.7651267686551864
2012-02-09	17.071835294302552
2012-02-10	1.4243835726277752
2012-02-11	-14.275861598908342
2012-02-12	12.379514423339756
2012-02-13	14.922471639467371
2012-02-14	16.423122737245816
2012-02-15	1.318026491594373
2012-02-16	15.288327030633083
2012-02-17	11.755623012196086
2012-02-18	18.288267233014974
2012-02-19	-40.508193148168445
2012-02-20	-17.306232275170593
2012-02-21	-19.744992922489963
2012-02-22	-0.14126796048208146
2012-02-23	-4.779736660708163
2012-02-24	7.549293772626684
2012-02-25	-4.271739204683524
2012-02-26	17.783196890233675
2012-02-27	26.238224031538774
2012-02-28	30.470168533824513
2012-02-29	-24.315957280154805
2012-03-01	-8.598386311040477
2012-03-02	-23.178999255010588
2012-03-03	35.80958949156748
2012-03-04	19.840214663596914
2012-03-05	28.09471996328625
2012-03-06	-25.23904853546912
2012-03-07	-23.505190704735828
2012-03-08	2.7786131786133463
2012-03-09	3.2164982853538326
2012-03-10	-38.60101490091803
2012-03-11	13.662390425549802
2012-03-12	30.92980697997822
2012-03-13	-22.853876374876542
2012-03-14	-9.704420452811508
2012-03-15	-48.42611338146016
2012-03-16	17.90489063902603
2012-03-17	29.53979372439423
2012-03-18	1.9590953508578322
2012-03-19	75.94983551920595
2012-03-20	-7.425341298082021
2012-03-21	-5.903334663543029
2012-03-22	-24.752836449780144
2012-03-23	9.143966951521577
2012-03-24	13.539409295347866
2012-03-25	43.93812718848656
2012-03-26	0.05271027100315229
2012-03-27	15.319267101857424
2012-03-28	36.9193947576614
2012-03-29	-6.403553571719755
2012-03-30	-20.49107290430161
2012-03-31	-33.054993652049895
2012-04-01	6.841267414662618
2012-04-02	24.20566378112727
2012-04-03	-8.993311549804654
2012-04-04	-3.363513385490493
2012-04-05	11.6939754725058
2012-04-06	-17.35172782522659
2012-04-07	-26.104674382855055
2012-04-08	-9.606111626881521
2012-04-09	-22.640973478262783
2012-04-10	-3.153085268927825
2012-04-11	2.8721650447600187
2012-04-12	-18.75764858933721
2012-04-13	-23.688983728877457
2012-04-14	-5.113946908868341
2012-04-15	-13.071895110818174
2012-04-16	0.734506805798167
2012-04-17	28.32709251428209
2012-04-18	27.483200547073928
2012-04-19	31.199121236145675
2012-04-20	-2.216197719642447
2012-04-21	-12.41961167021278
2012-04-22	-18.281527779249185
2012-04-23	19.245721626249654
2012-04-24	21.761918778751873
2012-04-25	-11.533122582983305
2012-04-26	7.875621263152231
2012-04-27	26.45763195192265
2012-04-28	16.17672661482311
2012-04-29	13.410175613521327
2012-04-30	-22.313943309576576
2012-05-01	-16.742094222277018
2012-05-02	45.85771366634841
2012-05-03	-15.940294682604417
2012-05-04	-52.89778336532278
2012-05-05	5.016115206047708
2012-05-06	32.90103794493107
2012-05-07	31.1164469855337
2012-05-08	9.115719797917432
2012-05-09	-16.34487455032209
2012-05-10	18.14513303648633
2012-05-11	26.276849649530146
2012-05-12	-17.64714840348693
2012-05-13	34.372599734479444
2012-05-14	-7.699909887856604
2012-05-15	-6.523097248442754
2012-05-16	-16.301473430183474
2012-05-17	-6.521525282545035
2012-05-18	31.168395458009385
2012-05-19	25.55573292900136
2012-05-20	11.861865796753072
2012-05-21	5.58805162676359
2012-05-22	-15.33779523873746
2012-05-23	21.319530803333464
2012-05-24	-18.501393507384726
2012-05-25	0.3812059489234435
2012-05-26	-0.4490539728171954
2012-05-27	0.15382627458497433
2012-05-28	8.247357435484792
2012-05-29	-40.06218471990519
2012-05-30	-4.663052861050046
2012-05-31	26.873368827493607
2012-06-01	-26.61007911665134
2012-06-02	-2.854656704328928
2012-06-03	-34.62903563508232
2012-06-04	-22.80569234228624
2012-06-05	41.01949550633952
2012-06-06	22.690328472316015
2012-06-07	3.366656471836773
2012-06-08	21.032700609463813
2012-06-09	-17.52232101716303
2012-06-10	18.085828532613
2012-06-11	11.251390669522188
2012-06-12	6.2126697993397295
2012-06-13	-4.697971983159932
2012-06-14	23.611223744159687
2012-06-15	-9.97168362476098
2012-06-16	3.565833012385826
2012-06-17	-29.402087127161543
2012-06-18	11.970453382260494
2012-06-19	-6.165380873070164
2012-06-20	0.15680489164114275
2012-06-21	1.8545706061561469
2012-06-22	15.903014961521139
2012-06-23	8.474813570625779
2012-06-24	28.1826985285888
2012-06-25	14.070984671257726
2012-06-26	20.141821077718348
2012-06-27	23.229575958117305
2012-06-28	-11.218804378771335
2012-06-29	29.470311999210153
2012-06-30	-23.893372662419203
2012-07-01	18.55725529578336
2012-07-02	-4.279820488425647
2012-07-03	-23.44143463278968
2012-07-04	6.300092023364745
2012-07-05	-16.29713274684836
2012-07-06	-18.822039493564006
2012-07-07	-13.74902054838357
2012-07-08	-30.46494085715666
2012-07-09	32.71404879209085
2012-07-10	-5.273886138857753
2012-07-11	-28.457581115426446
2012-07-12	-6.651843784109589
2012-07-13	11.518300867668852
2012-07-14	30.47193324614183
2012-07-15	3.8958947659505565
2012-07-16	-28.95234668429422
2012-07-17	-9.952310735408147
2012-07-18	-0.00024375387755837252
2012-07-19	8.176054851393461
2012-07-20	28.16806602124567
2012-07-21	2.01805895391382
2012-07-22	38.6600677132575
2012-07-23	15.151169852575629
2012-07-24	-15.389504333071102
2012-07-25	-3.5489344372524148
2012-07-26	-32.77959640888812
2012-07-27	7.736191215516999
2012-07-28	42.86612278703293
2012-07-29	-0.19570098770165267
2012-07-30	-23.972852223423036
2012-07-31	10.499135859015137
2012-08-01	-15.705511591360153
2012-08-02	4.891151321241684
2012-08-03	25.123216382896047
2012-08-04	1.3180013275770825
2012-08-05	16.488836658419757
2012-08-06	-3.7507976539263073
2012-08-07	2.43717856521683
2012-08-08	-2.7379166044409473
2012-08-09	27.6044127747896
2012-08-10	-4.640159285612906
2012-08-11	-8.671319564186827
2012-08-12	-5.7772991346357045
2012-08-13	-20.141624888003115
2012-08-14	9.49510087034466
2012-08-15	-19.288440882788134
2012-08-16	8.987450691165765
2012-08-17	9.105486859954967
2012-08-18	0.4744793510705072
2012-08-19	14.31876715042985
2012-08-20	-16.289253875718323
2012-08-21	-41.91965083580092
2012-08-22	-35.83500965427337
2012-08-23	14.894441162842705
2012-08-24	-39.53087953257939
2012-08-25	17.278134831068652
2012-08-26	15.415616864793654
2012-08-27	-26.841278767107045
2012-08-28	19.05338811208191
2012-08-29	-7.499423938115564
2012-08-30	-16.497881366952573
2012-08-31	22.581180351570076
2012-09-01	-13.234515990531229
2012-09-02	7.588386284514363
2012-09-03	19.724120039036954
2012-09-04	-7.267528458262358
2012-09-05	-33.95609792053983
2012-09-06	-7.127658057157834
2012-09-07	37.968223084791745
2012-09-08	-9.665160476775773
2012-09-09	42.97907865943287
2012-09-10	-25.065481631427456
2012-09-11	4.7114856404739465
2012-09-12	9.383017153706257
2012-09-13	-62.28469881638293
2012-09-14	-7.720791388512254
2012-09-15	-11.550157450682297
2012-09-16	45.2435723810731
2012-09-17	-21.598130653671504
2012-09-18	-20.621464165713803
2012-09-19	55.26990181077021
2012-09-20	-21.74173918370244
2012-09-21	29.587507205330738
2012-09-22	-6.835959512655336
2012-09-23	19.76961244112143
2012-09-24	28.85326808907955
2012-09-25	11.161678291420328
2012-09-26	-8.212529249970695
2012-09-27	27.624767848902472
2012-09-28	-6.610461332616168
2012-09-29	-24.489602598417576
2012-09-30	7.92781940993303
2012-10-01	-20.242087910638247
2012-10-02	-2.319954655632575
2012-10-03	-33.3588132246763
2012-10-04	11.782163478574933
2012-10-05	3.132822797440067
2012-10-06	14.286592191378709
2012-10-07	6.403085988752274
2012-10-08	2.2926237265821587
2012-10-09	-20.71885768587237
2012-10-10	-11.468963696924362
2012-10-11	12.78562622026297
2012-10-12	-11.8779202143465
2012-10-13	-5.099820048393475
2012-10-14	38.83976165873084
2012-10-15	-4.377614028418753
2012-10-16	17.854005810934076
2012-10-17	-17.316816669043792
2012-10-18	17.703301927858277
2012-10-19	22.127046408304246
2012-10-20	-9.444207015703524
2012-10-21	-18.053241370934565
2012-10-22	39.16129882286839
2012-10-23	-26.41703205780678
2012-10-24	18.666152560299395
2012-10-25	4.238315876245375
2012-10-26	23.827378306056747
2012-10-27	-6.675814348850963
2012-10-28	37.088314925653755
2012-10-29	-33.45895109286529
2012-10-30	-22.150467910991622
2012-10-31	13.346137819051386
2012-11-01	-15.322385201536587
2012-11-02	-24.21244172056938
2012-11-03	7.589350774708852
2012-11-04	-21.443556478188615
2012-11-05	-26.558010639146254
2012-11-06	1.0900568294842654
2012-11-07	-10.472512734207506
2012-11-08	8.867727622771705
2012-11-09	34.78083724063305
2012-11-10	-24.786357371909702
2012-11-11	0.24145003359009154
2012-11-12	-18.316024264783874
2012-11-13	-3.9853660499958297
2012-11-14	-11.675231436125216
2012-11-15	18.54204866661351
2012-11-16	-18.81055139695767
2012-11-17	-10.665271172421903
2012-11-18	-23.936274215523955
2012-11-19	0.9640912046473826
2012-11-20	66.73751788101838
2012-11-21	23.064581732594537
2012-11-22	-6.534276266164038
2012-11-23	-33.597568231071286
2012-11-24	-33.11308920036062
2012-11-25	-34.52724357369318
2012-11-26	27.92018805432701
2012-11-27	26.45940816200093
2012-11-28	11.341677813471351
2012-11-29	12.971893362967164
2012-11-30	37.39813543452755
2012-12-01	11.397552033099554
2012-12-02	-7.808213048974048
2012-12-03	26.385557793753208
2012-12-04	49.75001781146621
2012-12-05	27.961807798664406
2012-12-06	-24.017525353067896
2012-12-07	2.479545729181039
2012-12-08	14.40635159930778
2012-12-09	6.579445487991558
2012-12-10	-10.712732818565186
2012-12-11	5.857134741499458
2012-12-12	-20.018078720526297
2012-12-13	-16.97501338386011
2012-12-14	13.338099739769218
2012-12-15	15.583566732659248
2012-12-16	-42.59825426041211
2012-12-17	11.751042166757943
2012-12-18	4.821096936643955
2012-12-19	28.384227300009215
2012-12-20	7.227543906063387
2012-12-21	-11.992820117681458
2012-12-22	-10.225598462409176
2012-12-23	-5.7779512156484705
2012-12-24	28.48142607841147
2012-12-25	19.307747675858927
2012-12-26	17.61855397251433
2012-12-27	-23.613790637096436
2012-12-28	-2.2369271535945137
2012-12-29	-14.523069300290553
2012-12-30	-16.068315236674312
2012-12-31	22.34751423915935
2013-01-01	-4.511646794130395
2013-01-02	6.3503536196568495
2013-01-03	-1.2386880161583764
2013-01-04	18.636601831083965
2013-01-05	-0.6592919318699586
2013-01-06	20.28255966954981
2013-01-07	-16.251596576926655
2013-01-08	7.120182896665898
2013-01-09	-11.993111993718886
2013-01-10	-4.7351657299686
2013-01-11	-6.558302226447013
2013-01-12	2.7238127224885864
2013-01-13	5.666048370833828
2013-01-14	-31.326276399287245
2013-01-15	21.65416221601144
2013-01-16	-31.756556660156186
2013-01-17	51.788593716206734
2013-01-18	-0.1971798268886289
2013-01-19	-27.73487703170421
2013-01-20	-17.387207797574355
2013-01-21	32.39762463248859
2013-01-22	17.14561339193771
2013-01-23	-11.980022509633011
2013-01-24	-1.5138428250468323
2013-01-25	-10.387187326385174
2013-01-26	-9.553753156825564
2013-01-27	-2.113132792214585
2013-01-28	-5.553303093470307
2013-01-29	-19.17417618248935
2013-01-30	-11.593904195376089
2013-01-31	39.13228623182958
2013-02-01	-5.403055407889012
2013-02-02	25.099781859711282
2013-02-03	12.186562628517919
2013-02-04	8.887333381221447
2013-02-05	-40.72279998186761
2013-02-06	23.69950800034771
2013-02-07	-2.81812305546047
2013-02-08	25.548747605705948
2013-02-09	17.81063688939353
2013-02-10	-4.368573071917433
2013-02-11	-15.69699720705755
2013-02-12	30.825341575342037
2013-02-13	-5.659108860629096
2013-02-14	16.421808003104513
2013-02-15	-0.17647850213602867
2013-02-16	3.92509716477881
2013-02-17	10.568293534634952
2013-02-18	-41.165756583189975
2013-02-19	-17.2301757230226
2013-02-20	16.983618473802355
2013-02-21	7.985640012888301
2013-02-22	-9.284142506966287
2013-02-23	12.551778718281454
2013-02-24	-12.918664333250772
2013-02-25	1.9254051340080651
2013-02-26	4.880274793018479
2013-02-27	22.752227794832542
2013-02-28	-12.88307494356758
2013-03-01	-8.275545013602704
2013-03-02	-15.480831111538109
2013-03-03	25.71638986194764
2013-03-04	5.9804378695518565
2013-03-05	18.924244509860802
2013-03-06	2.971766887261775
2013-03-07	50.90015257230398
2013-03-08	-12.834888992670233
2013-03-09	-29.595468422625057
2013-03-10	-21.171562215818252
2013-03-11	23.327185090996913
2013-03-12	28.95617249229139
2013-03-13	4.731134831763566
2013-03-14	-7.190916101443763
2013-03-15	6.7879129533006255
2013-03-16	5.4090797936084085
2013-03-17	-23.8888951415696
2013-03-18	-23.144967571014643
2013-03-19	-22.51352008009346
2013-03-20	41.172851039945144
2013-03-21	26.078410699191632
2013-03-22	-5.82245564711229
2013-03-23	2.9169633001189785
2013-03-24	3.6191733441699165
2013-03-25	19.980527504647647
2013-03-26	-4.5551463083908725
2013-03-27	-15.313854970437074
2013-03-28	2.865354484249254
2013-03-29	-38.89595691139424
2013-03-30	8.895481566738905
2013-03-31	28.490901996439675
2013-04-01	4.001234730445939
2013-04-02	21.92642435393034
2013-04-03	-15.278496061597885
2013-04-04	19.507262812088193
2013-04-05	12.67385703072797
2013-04-06	11.362880500237475
2013-04-07	-33.224367885422716
2013-04-08	-21.426342249620188
2013-04-09	-10.324429163892612
2013-04-10	-22.559821254788005
2013-04-11	-6.546884387002947
2013-04-12	-19.22350442312527
2013-04-13	-7.619348250201359
2013-04-14	43.28019394675736
2013-04-15	-10.251186797881
2013-04-16	-6.032326761510155
2013-04-17	13.81795191476976
2013-04-18	-0.5233445498529548
2013-04-19	-24.305233349359607
2013-04-20	20.481923586400278
2013-04-21	5.566953148643041
2013-04-22	0.09692002789378451
2013-04-23	-41.65157272169436
2013-04-24	9.748875492038882
2013-04-25	0.6662410719640987
2013-04-26	5.372416458102765
2013-04-27	31.385458917423477
2013-04-28	2.2473608430033503
2013-04-29	19.7942136799799
2013-04-30	17.491183168093574
2013-05-01	-16.85598731492708
2013-05-02	-24.039178335502104
2013-05-03	40.2295306402481
2013-05-04	7.429036485279646
2013-05-05	36.88282959097317
2013-05-06	-15.099033461527455
2013-05-07	16.625654703207974
2013-05-08	-15.841606234493664
2013-05-09	-5.798671658153701
2013-05-10	31.73283296094733
2013-05-11	-20.573606372752646
2013-05-12	-14.498096417565353
2013-05-13	16.157285298373036
2013-05-14	29.650657929378465
2013-05-15	6.789986834349034
2013-05-16	-9.690729823458174
2013-05-17	-12.9435068856632
2013-05-18	-9.170242960152125
2013-05-19	4.022019693410869
2013-05-20	5.963906733783023
2013-05-21	23.225418302521142
2013-05-22	26.20679354670345
2013-05-23	-4.589935660553655
2013-05-24	-23.13234255342761
2013-05-25	-17.17403814516392
2013-05-26	-13.751927561493028
2013-05-27	29.28510315883971
2013-05-28	-1.4399972631935476
2013-05-29	16.85864748320463
2013-05-30	-14.92823500318865
2013-05-31	-5.062127402344966
2013-06-01	-51.42266485655433
2013-06-02	41.11943405142112
2013-06-03	-13.260395514944678
2013-06-04	19.159951478536406
2013-06-05	-4.1591188029813635
2013-06-06	5.131190609381488
2013-06-07	-20.15247272889439
2013-06-08	16.568782028495242
2013-06-09	-28.009142200188084
2013-06-10	34.5935986392128
2013-06-11	11.292245304239191
2013-06-12	-22.875590659586216
2013-06-13	-33.54332212629437
2013-06-14	-36.00650187554224
2013-06-15	-28.313655594304095
2013-06-16	-38.91856390150887
2013-06-17	-26.41429891045021
2013-06-18	8.040108280714543
2013-06-19	-15.187698967992688
2013-06-20	-17.877529223026453
2013-06-21	34.21748675090136
2013-06-22	15.682339713343106
2013-06-23	-28.8351139052374
2013-06-24	-16.047348119485406
2013-06-25	16.996766298819534
2013-06-26	4.044186040497871
2013-06-27	2.044094085535459
2013-06-28	-6.760285850976272
2013-06-29	30.895540455645023
2013-06-30	27.707371073996125
2013-07-01	-14.10502018023655
2013-07-02	12.424995590222155
2013-07-03	-8.55034162934926
2013-07-04	-25.148268269796453
2013-07-05	-6.2555312923044095
2013-07-06	6.703798133859678
2013-07-07	30.188433778893117
2013-07-08	-14.659025348626177
2013-07-09	-7.499231894636059
2013-07-10	9.954335337193246
2013-07-11	9.660700856976424
2013-07-12	24.80190535385829
2013-07-13	-0.30452534672638687
2013-07-14	11.752147265155834
2013-07-15	-15.599893264399647
2013-07-16	-9.144916097129837
2013-07-17	0.356869867514489
2013-07-18	-15.390010300835204
2013-07-19	-15.235807543427079
2013-07-20	30.746828385551932
2013-07-21	7.284366853946474
2013-07-22	-10.690104719064605
2013-07-23	-27.68801746348092
2013-07-24	22.287121186036156
2013-07-25	2.9362336211974007
2013-07-26	-28.244388597729603
2013-07-27	17.868509895807396
2013-07-28	6.941973126141779
2013-07-29	20.50150169607487
2013-07-30	15.165766206740583
2013-07-31	-1.097189430098031
2013-08-01	1.7004649046534248
2013-08-02	-29.33691094354405
2013-08-03	2.316645508487457
2013-08-04	22.683598026054153
2013-08-05	15.68336200036819
2013-08-06	0.7413840302137638
2013-08-07	10.370276378321398
2013-08-08	-47.222716366207
2013-08-09	-31.130179882778272
2013-08-10	-0.37007714250968204
2013-08-11	12.514579672640837
2013-08-12	-11.821356686297854
2013-08-13	8.551493602527936
2013-08-14	-49.384920916946086
2013-08-15	24.609837223337323
2013-08-16	35.261645142801946
2013-08-17	8.523107951919393
2013-08-18	24.72992163629393
2013-08-19	-4.4158628683484915
2013-08-20	8.002400491467085
2013-08-21	-8.11184163137465
2013-08-22	4.240085678047302
2013-08-23	37.22147220362519
2013-08-24	22.024297636513946
2013-08-25	7.243158688436579
2013-08-26	6.472511655711392
2013-08-27	26.991036663923435
2013-08-28	-45.01634155044279
2013-08-29	3.5740464804515772
2013-08-30	-21.4111323589861
2013-08-31	8.243394409674949
2013-09-01	6.38565701098891
2013-09-02	-19.942829179404114
2013-09-03	3.57669658858413
2013-09-04	8.224407053376844
2013-09-05	4.504412126403233
2013-09-06	-44.23225803748981
2013-09-07	-3.8916183031961245
2013-09-08	11.741095662977317
2013-09-09	0.17710536411884426
2013-09-10	14.975295147625856
2013-09-11	7.269001184622029
2013-09-12	25.939346762642003
2013-09-13	-33.70953705307232
2013-09-14	-1.1172801194627027
2013-09-15	-1.8043770592473887
2013-09-16	43.31212302951007
2013-09-17	11.174903177674524
2013-09-18	-9.366485523627693
2013-09-19	-0.13703982907978052
2013-09-20	25.5284636140107
2013-09-21	-6.0917279238678805
2013-09-22	-12.541078226460879
2013-09-23	-0.6023611464599594
2013-09-24	-4.901505737330133
2013-09-25	21.90158899569477
2013-09-26	17.63987801132084
2013-09-27	-5.42677450574212
2013-09-28	-7.864954898281528
2013-09-29	-5.3648657029835505
2013-09-30	-1.954878827757119
2013-10-01	12.475788193966471
2013-10-02	-16.047700977433266
2013-10-03	-10.744266252958997
2013-10-04	25.549489779532397
2013-10-05	18.765986577950734
2013-10-06	13.982910040325107
2013-10-07	8.428141029913938
2013-10-08	-29.390542165594812
2013-10-09	-37.442084699495226
2013-10-10	-28.034280249577083
2013-10-11	25.909132747531416
2013-10-12	-9.30598873052053
2013-10-13	0.0809686212959615
2013-10-14	3.3035915591043628
2013-10-15	-9.434361460631896
2013-10-16	-2.0888769894335297
2013-10-17	2.409568352833774
2013-10-18	20.615153678152286
2013-10-19	-43.94495706599225
2013-10-20	-14.123777708570872
2013-10-21	-40.531838960961394
2013-10-22	-5.681647438470018
2013-10-23	4.643782199610742
2013-10-24	-22.512460317771463
2013-10-25	-33.047925907867445
2013-10-26	-2.072481807420183
2013-10-27	-33.86401162780757
2013-10-28	7.0734604270777615
2013-10-29	24.277980016578855
2013-10-30	-7.518524885141407
2013-10-31	-16.53544995316184
2013-11-01	8.556602988758662
2013-11-02	-11.891171664077016
2013-11-03	-2.3978721693689478
2013-11-04	21.128363753163104
2013-11-05	-26.852344311786553
2013-11-06	-16.372539572764257
2013-11-07	8.946105228899771
2013-11-08	-5.339413446906298
2013-11-09	-4.6771241672108745
2013-11-10	-2.3535391532929246
2013-11-11	-2.266609396528417
2013-11-12	2.266409299143459
2013-11-13	-22.806369913719887
2013-11-14	21.282968943615547
2013-11-15	-5.219589723489203
2013-11-16	39.57883619233001
2013-11-17	6.212205470381211
2013-11-18	18.757901367865827
2013-11-19	-39.01296114544868
2013-11-20	21.905257694934036
2013-11-21	-6.328833319503978
2013-11-22	-21.07817942751451
2013-11-23	-0.4661320697586615
2013-11-24	19.6033265855413
2013-11-25	9.77858673197622
2013-11-26	29.699442626184638
2013-11-27	12.215564914038302
2013-11-28	-31.206684504125896
2013-11-29	-21.886470946661486
2013-11-30	-17.756367525234584
2013-12-01	4.805754515250466
2013-12-02	37.543634731936415
2013-12-03	26.51928669728874
2013-12-04	-32.923749395154275
2013-12-05	-38.60023058244183
2013-12-06	13.902938199711507
2013-12-07	-5.36284674705488
2013-12-08	10.25180880920631
2013-12-09	-8.591669847567076
2013-12-10	-31.68231012565068
2013-12-11	15.43126468822748
2013-12-12	4.31759101960545
2013-12-13	8.922783700705418
2013-12-14	-0.3565607424419317
2013-12-15	6.594311243173421
2013-12-16	-18.06832791319271
2013-12-17	-6.968749846995441
2013-12-18	-5.797822695612745
2013-12-19	-2.209949045516079
2013-12-20	6.401199614267886
2013-12-21	45.40255683892385
2013-12-22	1.9940113956028127
2013-12-23	-2.4495220360418184
2013-12-24	-41.90060677231902
2013-12-25	15.811264807151016
2013-12-26	-2.6734770545681217
2013-12-27	-7.410722881957582
2013-12-28	-11.78060747208841
2013-12-29	11.751989929156707
2013-12-30	-10.94249206115171
2013-12-31	31.43856815630774
2014-01-01	-31.32151386006347
2014-01-02	5.836484551948082
2014-01-03	-2.8545091781067367
2014-01-04	19.982320814718104
2014-01-05	-3.648451867049105
2014-01-06	-1.108257080731201
2014-01-07	32.00575831845812
2014-01-08	19.656021589790647
2014-01-09	-15.26946362569516
2014-01-10	32.643734182911096
2014-01-11	1.2170223953449804
2014-01-12	-45.83248168636889
2014-01-13	-3.1642758897366132
2014-01-14	5.586527593201396
2014-01-15	-6.304611942499132
2014-01-16	-3.4914374939436703
2014-01-17	-20.157207705565362
2014-01-18	-25.996106428396757
2014-01-19	36.62893668808888
2014-01-20	0.09932507462438211
2014-01-21	9.655037660776596
2014-01-22	-13.383487609844911
2014-01-23	23.07395752099653
2014-01-24	15.187725751997908
2014-01-25	-0.35612512495797577
2014-01-26	-29.738880858229532
2014-01-27	-7.174866508666181
2014-01-28	2.8610246135448967
2014-01-29	-5.816810696798463
2014-01-30	1.5086560496584736
2014-01-31	15.101080504014321
2014-02-01	12.153263073868775
2014-02-02	-43.05867087497757
2014-02-03	-20.853353492659213
2014-02-04	-17.329549092345783
2014-02-05	17.06533077083233
2014-02-06	18.77158546991312
2014-02-07	7.870875911528634
2014-02-08	6.97858616583413
2014-02-09	25.144877486038766
2014-02-10	-5.268737139271996
2014-02-11	-25.7377384159352
2014-02-12	27.50278060913068
2014-02-13	22.649520335986377
2014-02-14	11.726439772847284
2014-02-15	-18.632212164896853
2014-02-16	-1.9588102317499263
2014-02-17	-10.95422003646603
2014-02-18	-26.55284456152861
2014-02-19	13.946960144247713
2014-02-20	-12.50442851073782
2014-02-21	-3.103037378800919
2014-02-22	5.579353245613078
2014-02-23	17.629084317910618
2014-02-24	-25.66982285321584
2014-02-25	-11.067853529505017
2014-02-26	23.648115747527847
2014-02-27	-1.2077580127420255
2014-02-28	23.212990691115657
2014-03-01	-12.45892986637784
2014-03-02	5.7514822023592025
2014-03-03	21.14215143403504
2014-03-04	0.27087699042166313
2014-03-05	17.60917886293483
2014-03-06	-14.290685078296155
2014-03-07	-13.478222266514969
2014-03-08	19.17234482030436
2014-03-09	-23.858468910978363
2014-03-10	-22.862652298801873
2014-03-11	48.01514551285066
2014-03-12	2.6031421036112095
2014-03-13	19.10499042709258
2014-03-14	-17.762416045857428
2014-03-15	-4.321488398351926
2014-03-16	0.12708568900977502
2014-03-17	29.175494256338535
2014-03-18	-4.545623586129218
2014-03-19	14.953904560709608
2014-03-20	-13.72271173516078
2014-03-21	9.273844910656253
2014-03-22	24.12517151212118
2014-03-23	35.34937757163204
2014-03-24	-26.619884328929757
2014-03-25	3.4458775026486004
2014-03-26	11.402593391985164
2014-03-27	-1.662788437434022
2014-03-28	-2.171395946125476
2014-03-29	-2.0775939908762497
2014-03-30	-39.84049063498015
2014-03-31	47.295713478558895
2014-04-01	-33.32390186646699
2014-04-02	15.120451117178497
2014-04-03	-0.8801740793643189
2014-04-04	-30.932006091738433
2014-04-05	0.9103474337896729
2014-04-06	-23.96468263022363
2014-04-07	-9.633074568462446
2014-04-08	17.370759425603463
2014-04-09	-15.42855653843165
2014-04-10	8.3549736008936
2014-04-11	-12.590135822168312
2014-04-12	-7.712934057382762
2014-04-13	24.399718351862102
2014-04-14	20.526378605419318
2014-04-15	-28.267364872652553
2014-04-16	0.45938216187260683
2014-04-17	-9.75884614045032
2014-04-18	-12.759656800821096
2014-04-19	4.260306260855928
2014-04-20	2.5263495573214936
2014-04-21	30.823826775618564
2014-04-22	-1.3928213220619277
2014-04-23	-36.93896186691006
2014-04-24	23.821899605250508
2014-04-25	15.33893923519069
2014-04-26	30.94580539734736
2014-04-27	-0.6188861178459848
2014-04-28	20.157575418975807
2014-04-29	28.66306135002424
2014-04-30	-6.722285252037159
2014-05-01	4.756066327554703
2014-05-02	6.542222176721675
2014-05-03	4.632777113667867
2014-05-04	21.676658145283554
2014-05-05	13.165337799203112
2014-05-06	-11.588517234725938
2014-05-07	7.316168429251253
2014-05-08	27.381152200113668
2014-05-09	26.182235023719624
2014-05-10	27.37764163774097
2014-05-11	3.9703661159217205
2014-05-12	-30.228316402344515
2014-05-13	28.432636048667504
2014-05-14	12.202162272688712
2014-05-15	-6.522929206202529
2014-05-16	19.224339745424526
2014-05-17	-4.3690348954776725
2014-05-18	-16.956139003747346
2014-05-19	-8.64387628343457
2014-05-20	4.5729521677051705
2014-05-21	-8.614334093250985
2014-05-22	15.067585729627824
2014-05-23	5.239171167422238
2014-05-24	-19.6545931363944
2014-05-25	10.654381569409761
2014-05-26	37.908032890282456
2014-05-27	-34.91644420704134
2014-05-28	-46.4227299062236
2014-05-29	-18.90759634299823
2014-05-30	-16.886104301312365
2014-05-31	-17.784667435280205
2014-06-01	4.2884563930882855
2014-06-02	-31.364545272374308
2014-06-03	12.76890374658906
2014-06-04	37.048468384872564
2014-06-05	15.016327752997924
2014-06-06	-18.49177993315898
2014-06-07	3.650878602829346
2014-06-08	11.150551102504803
2014-06-09	12.543709618520671
2014-06-10	3.938070773380235
2014-06-11	-6.542337689973283
2014-06-12	0.2479650084723548
2014-06-13	-21.06253682938684
2014-06-14	25.764405699386284
2014-06-15	-23.977413426932358
2014-06-16	-2.310276596733555
2014-06-17	-15.291928522543337
2014-06-18	-2.166188386987466
2014-06-19	-23.56443575787604
2014-06-20	-11.104856869339072
2014-06-21	10.411446153904171
2014-06-22	6.5431091918597275
2014-06-23	22.605170117308553
2014-06-24	-6.478731291846924
2014-06-25	20.145194847062957
2014-06-26	29.53586061036201
2014-06-27	-28.286845364042122
2014-06-28	17.348557237069233
2014-06-29	-3.2993962461896107
2014-06-30	14.978844151430833
2014-07-01	0.16717824412619653
2014-07-02	-8.815352554462809
2014-07-03	-20.574244316354847
2014-07-04	20.123630652356482
2014-07-05	46.17410108972348
2014-07-06	-10.208549954554869
2014-07-07	-11.146687314493537
2014-07-08	-3.3896865786541452
2014-07-09	13.802327756973328
2014-07-10	5.691830755752586
2014-07-11	-11.605992840389284
2014-07-12	-4.2027758777853
2014-07-13	-10.340228711105187
2014-07-14	39.034594181609044
2014-07-15	-19.185982137420922
2014-07-16	-2.283621511084859
2014-07-17	7.8530884074807465
2014-07-18	-34.50000917334959
2014-07-19	41.16552806372253
2014-07-20	-14.22331169054382
2014-07-21	-12.256116455518894
2014-07-22	-13.44674336741441
2014-07-23	-15.052384366792776
2014-07-24	-28.40814021048135
2014-07-25	-17.84733585524062
2014-07-26	-17.37859081010883
2014-07-27	-19.046943571296787
2014-07-28	15.965795967716403
2014-07-29	-6.398798317150574
2014-07-30	0.07603739533430875
2014-07-31	-17.457881226519053
2014-08-01	-54.60932118521828
2014-08-02	-20.437309718364997
2014-08-03	25.016580244454
2014-08-04	-25.211768958017903
2014-08-05	-2.8823108653978036
2014-08-06	-4.832112040602531
2014-08-07	6.792445993984767
2014-08-08	8.934737505471078
2014-08-09	11.439359295171851
2014-08-10	-15.511053930767783
2014-08-11	20.223425351053137
2014-08-12	-62.95797696333787
2014-08-13	-17.390006828681422
2014-08-14	6.922785488217852
2014-08-15	24.586067511329215
2014-08-16	-13.412004470912708
2014-08-17	20.545808195484636
2014-08-18	21.248492182397257
2014-08-19	-7.967142019431579
2014-08-20	-0.7827845387355423
2014-08-21	-10.949807932266236
2014-08-22	-10.646754905639764
2014-08-23	-12.526314929070546
2014-08-24	30.206498258490324
2014-08-25	6.856148799471985
2014-08-26	-0.9014390310861768
2014-08-27	-21.165729689114496
2014-08-28	10.660566340824342
2014-08-29	-4.116457724052416
2014-08-30	30.98590297988242
2014-08-31	13.722705882752946
2014-09-01	-27.458631142107148
2014-09-02	2.298088409422032
2014-09-03	-23.867560112070905
2014-09-04	-32.33331951153619
2014-09-05	-21.66998705413145
2014-09-06	41.22528542064539
2014-09-07	14.8512406787442
2014-09-08	-4.670480949882772
2014-09-09	-28.47342998433868
2014-09-10	8.02287605443067
2014-09-11	2.448424267277246
2014-09-12	11.80488820616344
2014-09-13	-2.576966433206776
2014-09-14	34.076871566596786
2014-09-15	-36.466826416097504
2014-09-16	6.811684102853247
2014-09-17	7.4920436555184775
2014-09-18	4.183810565079868
2014-09-19	-12.862990944422238
2014-09-20	-12.009715223309588
2014-09-21	49.19657851422128
2014-09-22	11.082053086825363
2014-09-23	12.29349788500044
2014-09-24	-17.648311498133218
2014-09-25	25.197451877678287
2014-09-26	12.715523933201585
2014-09-27	45.307166384529246
2014-09-28	14.21642522930139
2014-09-29	-4.773810019767402
2014-09-30	-6.621378991171308
2014-10-01	42.81595314430312
2014-10-02	22.394924005667
2014-10-03	-3.2662937428947876
2014-10-04	-1.3504678967928776
2014-10-05	-13.122208019538759
2014-10-06	-13.9230358933968
2014-10-07	-10.917977133361637
2014-10-08	32.84941908281359
2014-10-09	9.639852459883333
2014-10-10	16.271370903874622
2014-10-11	-3.635083617969859
2014-10-12	-38.76334610176437
2014-10-13	-19.715261182479683
2014-10-14	-32.9866419688016
2014-10-15	21.451862333521188
2014-10-16	-9.93947046243339
2014-10-17	24.701802609155283
2014-10-18	-1.061333068186172
2014-10-19	-7.18184354565733
2014-10-20	-0.9646087390405063
2014-10-21	26.862479982070138
2014-10-22	-16.574961322678146
2014-10-23	20.907062838793987
2014-10-24	-13.85436112010704
2014-10-25	2.8945348686185244
2014-10-26	-8.26194260129218
2014-10-27	-23.953195722805237
2014-10-28	21.809287720314874
2014-10-29	23.887387197302065
2014-10-30	4.3386219726599355
2014-10-31	21.569264345110035
2014-11-01	-35.678144679180186
2014-11-02	-54.15839899761977
2014-11-03	14.373238539490075
2014-11-04	-8.553475460983616
2014-11-05	-10.028104689869611
2014-11-06	9.920295322813246
2014-11-07	-24.04987831546852
2014-11-08	-12.081759533186355
2014-11-09	-13.537540035362463
2014-11-10	-6.230419868762678
2014-11-11	53.065137770600636
2014-11-12	13.605530948484315
2014-11-13	36.8183036925857
2014-11-14	-6.68980233171482
2014-11-15	14.212276930117914
2014-11-16	12.360616176464816
2014-11-17	18.43342945370124
2014-11-18	-12.865056252284276
2014-11-19	12.091374940706443
2014-11-20	-40.44858239230141
2014-11-21	-6.5748324633351345
2014-11-22	-23.20518297596708
2014-11-23	-10.31782021880515
2014-11-24	-19.16820224736757
2014-11-25	44.42389086623727
2014-11-26	-8.94838288571072
2014-11-27	-1.6045113090120322
2014-11-28	35.48401148672321
2014-11-29	37.507018030285174
2014-11-30	23.07810896353885
2014-12-01	-5.749854701051686
2014-12-02	-6.585142090977168
2014-12-03	20.48216128785668
2014-12-04	49.01309253203893
2014-12-05	-5.797184427015964
2014-12-06	-40.11015894450632
2014-12-07	-35.89114045439273
2014-12-08	-10.571395316277087
2014-12-09	-14.835745044403536
2014-12-10	-3.3502355597694002
2014-12-11	-12.287844192514317
2014-12-12	13.765987692159564
2014-12-13	38.161339684021826
2014-12-14	18.79147279922995
2014-12-15	11.416170464313927
2014-12-16	-9.598689417074477
2014-12-17	-3.677360823342137
2014-12-18	-13.132620565829614
2014-12-19	-38.6769944665387
2014-12-20	-39.86907086687209
2014-12-21	-20.660965211017434
2014-12-22	-30.760488781151142
2014-12-23	-1.498321474588771
2014-12-24	-0.7795391934527023
2014-12-25	-16.45532902168727
2014-12-26	-9.125621554567914
2014-12-27	27.88492498374143
2014-12-28	-18.442294452555164
2014-12-29	12.262792706112887
2014-12-30	-27.924055869252616
2014-12-31	28.385696878465247
2015-01-01	11.957524224710742
2015-01-02	47.12349760985786
2015-01-03	-12.48717925424127
2015-01-04	19.315741225060172
2015-01-05	0.7139709280358222
2015-01-06	12.825423318499446
2015-01-07	-4.354535253467596
2015-01-08	11.116567935056288
2015-01-09	-34.97277874226034
2015-01-10	8.068859373110733
2015-01-11	2.3387884267202175
2015-01-12	15.816705252479327
2015-01-13	20.95229896892307
2015-01-14	-2.1355905649344527
2015-01-15	25.30207072406528
2015-01-16	-1.2806870194100701
2015-01-17	1.9153140461132874
2015-01-18	-2.2937073594804467
2015-01-19	45.09762567959154
2015-01-20	7.927893829842349
2015-01-21	18.96247547911838
2015-01-22	32.809926754665035
2015-01-23	-13.80117912749984
2015-01-24	42.10457133136844
2015-01-25	59.02749033540636
2015-01-26	-2.596313883434899
2015-01-27	19.426578062024493
2015-01-28	-31.359210152905383
2015-01-29	11.083659459501748
2015-01-30	14.218576127912298
2015-01-31	-23.048825045431332
2015-02-01	18.721843455398805
2015-02-02	15.751488026875931
2015-02-03	-34.14097205774492
2015-02-04	5.883664054828468
2015-02-05	-33.22081724578831
2015-02-06	-22.6655670338074
2015-02-07	20.293157357172507
2015-02-08	-8.206474344824631
2015-02-09	-45.71285713328311
2015-02-10	-4.668786503876737
2015-02-11	6.474890165350236
2015-02-12	2.8109302750765512
2015-02-13	-26.5004354572498
2015-02-14	28.130920040574793
2015-02-15	-7.555338755451382
2015-02-16	42.722007384205355
2015-02-17	-16.651518505740494
2015-02-18	-14.335610696288054
2015-02-19	-13.292651451322595
2015-02-20	2.1765038472809772
2015-02-21	-1.566710426026311
2015-02-22	-18.34426155123304
2015-02-23	9.1416487370906
2015-02-24	26.74837690615156
2015-02-25	-16.601168284311207
2015-02-26	57.87312578103749
2015-02-27	13.158000371914094
2015-02-28	14.687769745105694
2015-03-01	-20.952948190883966
2015-03-02	-36.88102214272836
2015-03-03	7.496823381735797
2015-03-04	-12.80427146208612
2015-03-05	13.429907854588548
2015-03-06	-19.600127000350245
2015-03-07	-2.927561690708857
2015-03-08	-21.716311469763877
2015-03-09	-17.076266139800275
2015-03-10	-31.285176784084292
2015-03-11	-16.555708008780133
2015-03-12	-1.7739436757931293
2015-03-13	11.367306516961579
2015-03-14	12.734528005798863
2015-03-15	0.6128138727054984
2015-03-16	-44.41126636184032
2015-03-17	-13.344031647770567
2015-03-18	15.16896311331092
2015-03-19	17.124319705342913
2015-03-20	43.305359312959894
2015-03-21	-22.570627473373055
2015-03-22	-2.369326459533241
2015-03-23	20.029507129641846
2015-03-24	4.530928027970286
2015-03-25	-19.843667861587942
2015-03-26	54.20144521008651
2015-03-27	-0.43881758010464766
2015-03-28	33.21461194875202
2015-03-29	17.580237381691678
2015-03-30	-9.359630225214321
2015-03-31	-12.287350036969853
2015-04-01	24.27893815443072
2015-04-02	21.077570517791838
2015-04-03	-20.238752923941664
2015-04-04	-3.5477598514065347
2015-04-05	-39.62939854005287
2015-04-06	16.196310321399515
2015-04-07	-39.21729199467921
2015-04-08	-17.893138666350207
2015-04-09	-3.778558076610076
2015-04-10	25.860337340302443
2015-04-11	28.86453937507721
2015-04-12	33.05735455242832
2015-04-13	-5.5492403771676075
2015-04-14	19.92851435846814
2015-04-15	9.188185940558732
2015-04-16	3.4519311281732428
2015-04-17	17.15610271708015
2015-04-18	-23.242395326236984
2015-04-19	23.80787457178378
2015-04-20	20.62214967582118
2015-04-21	5.872353066076564
2015-04-22	41.61167448223129
2015-04-23	-22.626284973159642
2015-04-24	-18.66585043633398
2015-04-25	-14.657996016937581
2015-04-26	41.987125081622374
2015-04-27	17.091322272975063
2015-04-28	-25.410876118695406
2015-04-29	14.401742673748762
2015-04-30	35.29591099571031
2015-05-01	-2.1294709468085724
2015-05-02	-2.7688386877856646
2015-05-03	-0.23631077913948495
2015-05-04	-13.526813286535013
2015-05-05	6.972688043526376
2015-05-06	-33.56034950824944
2015-05-07	34.030474184493016
2015-05-08	-25.354504714832135
2015-05-09	-9.499632342401862
2015-05-10	-6.862187796729051
2015-05-11	-36.58400954688564
2015-05-12	47.80053651814955
2015-05-13	-31.911303565742074
2015-05-14	21.81084605909176
2015-05-15	4.624922825660378
2015-05-16	-29.801944557434837
2015-05-17	6.724949160027501
2015-05-18	-7.445582399595162
2015-05-19	18.21695556201457
2015-05-20	8.988145219944464
2015-05-21	-2.1649955987159943
2015-05-22	0.8142592656539529
2015-05-23	18.11999111627657
2015-05-24	-40.22054071911819
2015-05-25	22.356024458737732
2015-05-26	1.4588420442458816
2015-05-27	-37.270878130795694
2015-05-28	-26.818643376489273
2015-05-29	-12.837555910689929
2015-05-30	-35.16406268961145
2015-05-31	-11.528882155631468
2015-06-01	-3.217328278765752
2015-06-02	18.80072239294529
2015-06-03	4.873641796012224
2015-06-04	-19.53787222944071
2015-06-05	13.001231864698719
2015-06-06	17.458943999284696
2015-06-07	-1.7315937619509316
2015-06-08	-10.593660102908657
2015-06-09	27.664122920577412
2015-06-10	-4.901105319780046
2015-06-11	26.027569321688034
2015-06-12	-31.395700997257983
2015-06-13	24.01769716246574
2015-06-14	5.184059572319228
2015-06-15	20.003149071899905
2015-06-16	-9.671074417946656
2015-06-17	-21.73538689313724
2015-06-18	-25.777441717124947
2015-06-19	7.94495556059652
2015-06-20	-7.50707080458236
2015-06-21	0.9895947418698293
2015-06-22	40.0786287210565
2015-06-23	1.3402265553512407
2015-06-24	-13.089281077784612
2015-06-25	4.334362144696142
2015-06-26	12.427638933892965
2015-06-27	16.38638387087193
2015-06-28	20.395153157656594
2015-06-29	-2.856160456620282
2015-06-30	31.75066504686148
2015-07-01	16.449737989379866
2015-07-02	14.22785482450891
2015-07-03	-1.8858412924409367
2015-07-04	-2.7434588393259984
2015-07-05	9.481909757758352
2015-07-06	-17.451726817801788
2015-07-07	0.251623955905782
2015-07-08	15.585554823560344
2015-07-09	11.696767270628554
2015-07-10	-10.808740329898814
2015-07-11	-17.02304571419554
2015-07-12	44.0025868020421
2015-07-13	-1.0655497184209628
2015-07-14	51.03709337961549
2015-07-15	-5.90991221835547
2015-07-16	21.491785396178667
2015-07-17	18.190273397824896
2015-07-18	-17.587803494280738
2015-07-19	-30.874919096855333
2015-07-20	24.963721820953694
2015-07-21	5.757349812641538
2015-07-22	-0.5970387108411277
2015-07-23	10.226196635849247
2015-07-24	3.2858878535709737
2015-07-25	-5.169097207813638
2015-07-26	-1.448488580860024
2015-07-27	1.8197269886072207
2015-07-28	10.798871192005388
2015-07-29	-31.189247051054195
2015-07-30	-7.219612181789529
2015-07-31	-26.19995335814537
2015-08-01	15.449768467788298
2015-08-02	-18.340983794672244
2015-08-03	21.386169479095102
2015-08-04	-9.18307136702355
2015-08-05	-9.704960700678326
2015-08-06	9.268096008345724
2015-08-07	-16.62039660437055
2015-08-08	19.950329153353096
2015-08-09	-16.742140863173542
2015-08-10	-11.210104549130088
2015-08-11	-14.477284505991793
2015-08-12	-2.171319113432114
2015-08-13	13.686209076367579
2015-08-14	-52.043977232048064
2015-08-15	43.75264401001995
2015-08-16	19.706576577213422
2015-08-17	-30.91789164357565
2015-08-18	-12.360616762772775
2015-08-19	-13.883970761375043
2015-08-20	-2.610396967155964
2015-08-21	-14.485522786843111
2015-08-22	16.344234348380777
2015-08-23	42.43071125074412
2015-08-24	8.898268619081701
2015-08-25	-7.096336256222962
2015-08-26	-22.067344848763977
2015-08-27	-49.590688081444895
2015-08-28	10.752519448133302
2015-08-29	17.62923893978273
2015-08-30	11.581177465790223
2015-08-31	9.49798772805189
2015-09-01	-17.179223018202183
2015-09-02	-37.94107046079148
2015-09-03	3.2920883827116922
2015-09-04	16.986476577582884
2015-09-05	8.61467236058359
2015-09-06	-25.636710137420806
2015-09-07	11.767069668135766
2015-09-08	35.47429244545705
2015-09-09	-34.98988405251956
2015-09-10	-13.950750459738579
2015-09-11	-6.5106039800273425
2015-09-12	-1.8371923516414215
2015-09-13	-19.03895967496721
2015-09-14	-27.24831288190643
2015-09-15	4.110461807309483
2015-09-16	16.669908150047956
2015-09-17	-1.4948303442842297
2015-09-18	-26.939822686554223
2015-09-19	-0.48857881281406046
2015-09-20	-16.459670134362753
2015-09-21	-3.2588544582390897
2015-09-22	-7.710500827425948
2015-09-23	11.9063003902179
2015-09-24	-14.444343387539277
2015-09-25	40.55035361557178
2015-09-26	32.987313540405424
2015-09-27	6.616109509552456
2015-09-28	19.63996287033906
2015-09-29	11.460852368239271
2015-09-30	1.7661077097101194
2015-10-01	10.699534530709128
2015-10-02	2.1453798516375002
2015-10-03	-16.41394376300219
2015-10-04	9.868847397989693
2015-10-05	-10.249073565356126
2015-10-06	-25.287880639168467
2015-10-07	-2.897304259568153
2015-10-08	27.15113885700061
2015-10-09	45.871185518348966
2015-10-10	-1.7463979405106624
2015-10-11	9.50900961953503
2015-10-12	17.627011579586043
2015-10-13	-32.26237971402815
2015-10-14	7.01354099891325
2015-10-15	9.559170203207046
2015-10-16	-6.174600655181189
2015-10-17	-24.67836980856217
2015-10-18	-15.124839015212888
2015-10-19	37.12566579464164
2015-10-20	-29.84815713026328
2015-10-21	1.3567873831786572
2015-10-22	9.586812447242318
2015-10-23	-8.77143431531631
2015-10-24	-9.093577665260236
2015-10-25	-24.392113099117612
2015-10-26	12.293372828608213
2015-10-27	2.7254745298673804
2015-10-28	-5.689895069474495
2015-10-29	-10.49139484637816
2015-10-30	22.869990104532228
2015-10-31	-39.47218579841666
2015-11-01	30.334906760101443
2015-11-02	-19.447434956147728
2015-11-03	24.273754192063038
2015-11-04	9.9561017589892
2015-11-05	-2.171980451974915
2015-11-06	30.16846530520769
2015-11-07	11.618068311084786
2015-11-08	-42.847625244276045
2015-11-09	-13.777817324000633
2015-11-10	31.15949126987906
2015-11-11	2.9700572204635742
2015-11-12	6.155736912541067
2015-11-13	-56.34781846051426
2015-11-14	13.238857331597652
2015-11-15	-52.45213621025865
2015-11-16	31.326844310443928
2015-11-17	-33.027476233271265
2015-11-18	15.283713025756878
2015-11-19	9.764211816540813
2015-11-20	10.087300628785538
2015-11-21	-29.221465509528553
2015-11-22	-19.66638674793042
2015-11-23	10.403432841167652
2015-11-24	-18.051683085319574
2015-11-25	31.682334751100328
2015-11-26	-10.752442630003726
2015-11-27	26.666455661966268
2015-11-28	13.684996656800879
2015-11-29	30.651292058358084
2015-11-30	19.2501406348513
2015-12-01	0.5832961391097253
2015-12-02	-20.167197270416125
2015-12-03	3.4723903825803433
2015-12-04	-22.109044757392752
2015-12-05	19.554771989659322
2015-12-06	21.927938745478237
2015-12-07	-4.372742889090438
2015-12-08	-10.337634333633664
2015-12-09	33.581607476977815
2015-12-10	-53.75353854105899
2015-12-11	47.58136127552434
2015-12-12	30.359533288490073
2015-12-13	-23.783060308775035
2015-12-14	31.606585020170705
2015-12-15	-32.280995194285
2015-12-16	34.51526834884966
2015-12-17	0.10273128346494909
2015-12-18	13.00700829170741
2015-12-19	4.57156917563068
2015-12-20	22.730589487266034
2015-12-21	-11.011143862817441
2015-12-22	13.965605113475336
2015-12-23	-34.45730664624098
2015-12-24	-12.841825609261399
2015-12-25	13.387232523803101
2015-12-26	15.134838926591748
2015-12-27	-10.876057653734469
2015-12-28	29.274683451847167
2015-12-29	-0.9402152918789579
2015-12-30	-12.816771155541808
2015-12-31	-18.860582267185404
2016-01-01	-0.6349269457359819
2016-01-02	12.325377785108694
2016-01-03	33.72390122843958
2016-01-04	46.26870464057334
2016-01-05	-2.893558375086145
2016-01-06	20.81911558749149
2016-01-07	-10.211439629263085
2016-01-08	27.876360939891548
2016-01-09	-24.036607776674764
2016-01-10	13.940357373057488
2016-01-11	30.198609806972165
2016-01-12	-0.528728644505138
2016-01-13	-9.396641111432361
2016-01-14	-43.32787889807039
2016-01-15	-1.234531438046891
2016-01-16	-49.39086550834088
2016-01-17	-30.239616924431434
2016-01-18	-14.498621068248111
2016-01-19	-36.84223496717948
2016-01-20	-3.503877828976427
2016-01-21	-31.42020696083665
2016-01-22	11.404331087314912
2016-01-23	7.4142641064297194
2016-01-24	-11.700398774530262
2016-01-25	16.07176376276271
2016-01-26	4.286284315415815
2016-01-27	55.863873562634296
2016-01-28	-16.31397758833514
2016-01-29	-12.043474139673203
2016-01-30	-25.43469665426078
2016-01-31	3.0537661931520512
2016-02-01	35.368504209605376
2016-02-02	-5.042552070909209
2016-02-03	1.1680631470903389
2016-02-04	25.350025592596744
2016-02-05	27.563713628632982
2016-02-06	-12.35357285162057
2016-02-07	45.16679301781709
2016-02-08	13.869462087407252
2016-02-09	4.10954219314823
2016-02-10	5.7654866692470845
2016-02-11	3.2659321763511002
2016-02-12	-38.23127043395241
2016-02-13	38.54102941397799
2016-02-14	6.697757862395157
2016-02-15	21.163404719809236
2016-02-16	-32.19252112828826
2016-02-17	-63.572542082407914
2016-02-18	-12.580893339895665
2016-02-19	6.93517382765585
2016-02-20	-45.320594862817885
2016-02-21	-10.86233787874046
2016-02-22	1.8789925478850105
2016-02-23	1.329533276773331
2016-02-24	-24.762205659928377
2016-02-25	-5.126708977773561
2016-02-26	57.90564203701064
2016-02-27	-6.900439460358943
2016-02-28	15.42124067331376
2016-02-29	17.059389943272457
2016-03-01	6.850921492675545
2016-03-02	14.469027931620941
2016-03-03	-37.97899019874496
2016-03-04	-5.341903011217111
2016-03-05	-15.342722325602772
2016-03-06	15.106721021744269
2016-03-07	29.06484562195235
2016-03-08	-19.096021516281937
2016-03-09	1.7597013888532647
2016-03-10	45.31083331165264
2016-03-11	-17.73646114175528
2016-03-12	31.368838268914825
2016-03-13	6.457077257644106
2016-03-14	6.757546050933653
2016-03-15	1.2674251613190446
2016-03-16	16.700822203643405
2016-03-17	38.21920605106133
2016-03-18	-16.319278422388294
2016-03-19	32.91099714815404
2016-03-20	0.9660668433579958
2016-03-21	-20.793529801601377
2016-03-22	15.788640155892947
2016-03-23	36.88248459088362
2016-03-24	-13.772841523634902
2016-03-25	6.608474722482933
2016-03-26	2.869330923048172
2016-03-27	-27.493663522524447
2016-03-28	-1.2705474532923493
2016-03-29	28.560272870939645
2016-03-30	17.198882369969706
2016-03-31	19.16739160603875
2016-04-01	38.81011969924974
2016-04-02	8.056647750595884
2016-04-03	-10.477023817330576
2016-04-04	9.100508134166612
2016-04-05	39.12861638216652
2016-04-06	-10.800188295887352
2016-04-07	-21.460117003666603
2016-04-08	-6.64583831526627
2016-04-09	40.50865934197681
2016-04-10	-9.33273980552294
2016-04-11	-0.051225749247197694
2016-04-12	47.64947283358277
2016-04-13	29.25326219552435
2016-04-14	6.755679954342998
2016-04-15	22.171663423932245
2016-04-16	-10.731838943002032
2016-04-17	-28.68845182001685
2016-04-18	-56.489189217938396
2016-04-19	53.55345584694431
2016-04-20	-17.10714575797642
2016-04-21	35.828222814361155
2016-04-22	-8.152757248135567
2016-04-23	-8.618821543421317
2016-04-24	-47.26544258316064
2016-04-25	21.360876284313623
2016-04-26	-27.797182962967412
2016-04-27	-8.626146298230692
2016-04-28	3.3153005569794995
2016-04-29	-21.46402243810303
2016-04-30	79.50907754745181
2016-05-01	23.112721617273024
2016-05-02	-42.75570747272197
2016-05-03	-0.5929536993847522
2016-05-04	11.98068321066206
2016-05-05	-8.057433908689758
2016-05-06	34.299611167720556
2016-05-07	0.6168350031639954
2016-05-08	-7.954066628967576
2016-05-09	38.88919901140323
2016-05-10	15.157139221321406
2016-05-11	16.54987107622208
2016-05-12	-0.9807043432312268
2016-05-13	27.35948975245585
2016-05-14	-13.533172085201548
2016-05-15	-26.81239278588468
2016-05-16	24.798222831944173
2016-05-17	10.981107655023019
2016-05-18	-9.142784060067044
2016-05-19	-18.034763446921108
2016-05-20	-4.6523246164094285
2016-05-21	19.066416789868054
2016-05-22	-16.68597302646224
2016-05-23	-26.890933764615102
2016-05-24	-0.43175995847351034
2016-05-25	24.19150754214671
2016-05-26	14.502807721763366
2016-05-27	27.94886845755813
2016-05-28	39.2627088468933
2016-05-29	-11.86521599836225
2016-05-30	32.34127009667234
2016-05-31	0.5801952135652783
2016-06-01	-27.030192306500666
2016-06-02	8.192717811587348
2016-06-03	24.202234848867977
2016-06-04	6.462421294814103
2016-06-05	-7.10009393314486
2016-06-06	36.28812625931473
2016-06-07	-1.6499335560363682
2016-06-08	26.35619983806994
2016-06-09	17.750040420945787
2016-06-10	-3.6160041016048456
2016-06-11	35.85736238588494
2016-06-12	3.5499232816474455
2016-06-13	19.860067097308725
2016-06-14	-4.159089229982581
2016-06-15	-41.24040412067244
2016-06-16	22.634942250459492
2016-06-17	-12.676781014232775
2016-06-18	-3.854608353754341
2016-06-19	23.12844236512598
2016-06-20	-2.6764768364904876
2016-06-21	-17.23371659512328
2016-06-22	10.618519125757427
2016-06-23	11.972748060719898
2016-06-24	4.265555245747105
2016-06-25	5.591412833392827
2016-06-26	3.6597569979800983
2016-06-27	-16.85248715264582
2016-06-28	-3.5314101371955378
2016-06-29	-1.2272403207269897
2016-06-30	-4.058514096771011
2016-07-01	14.121865271276933
2016-07-02	4.298002650986288
2016-07-03	-14.420901106842946
2016-07-04	-13.093996825934347
2016-07-05	0.777530371453032
2016-07-06	-36.7517319806239
2016-07-07	-13.513976742096004
2016-07-08	19.777254165500032
2016-07-09	19.71061641911879
2016-07-10	20.81207257955655
2016-07-11	8.099880251644205
2016-07-12	-5.6088853295330185
2016-07-13	-1.591164517045572
2016-07-14	9.919857175526042
2016-07-15	17.58706683761961
2016-07-16	-45.02607739428696
2016-07-17	7.051539390263018
2016-07-18	11.386799851039182
2016-07-19	2.6922999320148095
2016-07-20	17.223651586194165
2016-07-21	-3.6499308434918323
2016-07-22	15.113572264008868
2016-07-23	19.2233119985382
2016-07-24	18.056687555687322
2016-07-25	6.213302081787473
2016-07-26	-2.9656049320842834
2016-07-27	13.313294100645953
2016-07-28	-7.85846929821726
2016-07-29	4.201350305819928
2016-07-30	16.308618828977888
2016-07-31	-21.382516442907935
2016-08-01	1.2253690760385307
2016-08-02	-31.054536900133428
2016-08-03	10.264608087072778
2016-08-04	-17.449649007263606
2016-08-05	-30.73779332603401
2016-08-06	-25.866550548609208
2016-08-07	-14.340491702230668
2016-08-08	10.598571863736048
2016-08-09	-0.487904273321752
2016-08-10	26.43464295960588
2016-08-11	-11.307854718423417
2016-08-12	16.942039782623127
2016-08-13	-18.35162189841902
2016-08-14	25.814950349821995
2016-08-15	-19.448442665834865
2016-08-16	26.14655907942565
2016-08-17	-24.88881867080491
2016-08-18	2.648983868038376
2016-08-19	-15.289301624490257
2016-08-20	-49.80218938417135
2016-08-21	-28.639714008727978
2016-08-22	-18.83999155221488
2016-08-23	8.657271716944438
2016-08-24	36.15198543939299
2016-08-25	-17.31374978675275
2016-08-26	-35.183806573792594
2016-08-27	-29.24326284171416
2016-08-28	27.229778632822676
2016-08-29	6.074145258840242
2016-08-30	-8.703515182122892
2016-08-31	23.95594858877004
2016-09-01	-3.143807027769995
2016-09-02	2.464803819722907
2016-09-03	-1.6253475282829124
2016-09-04	11.306063051084347
2016-09-05	28.122609155491322
2016-09-06	37.50381962082123
2016-09-07	41.09279872478778
2016-09-08	3.9077837831585596
2016-09-09	32.16335557013079
2016-09-10	7.295792707999194
2016-09-11	9.002569987170773
2016-09-12	-27.459495352079703
2016-09-13	-5.167872480864486
2016-09-14	-32.968351079046734
2016-09-15	7.88967309806844
2016-09-16	-0.17527129060847013
2016-09-17	8.718477227799488
2016-09-18	-7.1368459822441075
2016-09-19	-0.5402553856535905
2016-09-20	6.894589646130908
2016-09-21	-15.784269883950376
2016-09-22	-30.543676656350524
2016-09-23	-7.265313257532494
2016-09-24	14.704707806802737
2016-09-25	-27.80011761100855
2016-09-26	10.287664514454738
2016-09-27	-16.40572765961136
2016-09-28	12.600147160400203
2016-09-29	-8.492211868837943
2016-09-30	-10.048039666815056
2016-10-01	16.882178198239675
2016-10-02	57.63001789439251
2016-10-03	-23.89294442856955
2016-10-04	93.27370793385246
2016-10-05	-18.443297145648593
2016-10-06	2.418670018421406
2016-10-07	11.432194723599906
2016-10-08	-1.3853320354399765
2016-10-09	-45.83498660986162
2016-10-10	28.41321674348692
2016-10-11	35.3489557647364
2016-10-12	-8.81841640570414
2016-10-13	-18.5826608090184
2016-10-14	-13.623947396241512
2016-10-15	-19.263393441839213
2016-10-16	-8.920389969483024
2016-10-17	3.3502218421748466
2016-10-18	1.2725005898859822
2016-10-19	-22.628305685748323
2016-10-20	37.7817376256804
2016-10-21	4.830405955563719
2016-10-22	-34.16311126650618
2016-10-23	-6.280426296236945
2016-10-24	5.5048765956832755
2016-10-25	24.366429127026937
2016-10-26	4.2965096920832
2016-10-27	14.784622815521068
2016-10-28	-2.069104312546833
2016-10-29	19.541042032652136
2016-10-30	-26.451530752971795
2016-10-31	-37.346408479315336
2016-11-01	-26.99694174863609
2016-11-02	-38.83422343671383
2016-11-03	-7.721092662442784
2016-11-04	-8.481772633972058
2016-11-05	28.187748705694396
2016-11-06	18.875695482801195
2016-11-07	-3.2225043826198583
2016-11-08	-24.852133077635457
2016-11-09	34.09745308403313
2016-11-10	13.47674885495144
2016-11-11	-33.57156802806069
2016-11-12	1.0418309363401779
2016-11-13	-9.25574812471029
2016-11-14	-30.980697246444112
2016-11-15	2.9931838985405967
2016-11-16	8.873028213190272
2016-11-17	-42.999649810657345
2016-11-18	-24.03336160697803
2016-11-19	-42.35359619248745
2016-11-20	9.342411538167264
2016-11-21	22.515781490832776
2016-11-22	11.921887089192717
2016-11-23	-2.5169167821341016
2016-11-24	-59.868497827837494
2016-11-25	4.201417744150886
2016-11-26	-17.82539919674822
2016-11-27	-7.179257349516931
2016-11-28	-13.251805527860242
2016-11-29	22.66198855433508
2016-11-30	-9.609587448973583
2016-12-01	28.38158464193525
2016-12-02	-21.653047492952673
2016-12-03	-0.34138983760118613
2016-12-04	-20.84168670715583
2016-12-05	-9.170226594788863
2016-12-06	-13.028196107765941
2016-12-07	-6.115454468541478
2016-12-08	11.902723673918924
2016-12-09	27.40457743566157
2016-12-10	7.862464123364276
2016-12-11	36.217354400482975
2016-12-12	-34.534935211437826
2016-12-13	-8.883665029032407
2016-12-14	33.11387729609955
2016-12-15	33.67381486936969
2016-12-16	3.7578365614220415
2016-12-17	13.26822690177372
2016-12-18	12.628412419046223
2016-12-19	-18.359360201205067
2016-12-20	10.67540938962142
2016-12-21	-6.473991941741858
2016-12-22	8.76546785428836
2016-12-23	-41.61369968546246
2016-12-24	-11.66755111674501
2016-12-25	4.867661700321002
2016-12-26	-30.275777034317958
2016-12-27	-17.922974859257387
2016-12-28	12.404333048764896
2016-12-29	29.165725161331437
2016-12-30	12.72271340981229
2016-12-31	-9.571038812943959
2017-01-01	-21.109152948952435
2017-01-02	43.34895711904717
2017-01-03	-39.22419103996495
2017-01-04	-10.395482496786268
2017-01-05	-28.83236056851544
2017-01-06	29.814169768623756
2017-01-07	-13.199863720141654
2017-01-08	3.2086572789276957
2017-01-09	19.920646017567083
2017-01-10	-1.5600684254449335
2017-01-11	19.860632016294424
2017-01-12	-27.347059257363004
2017-01-13	25.905309265863128
2017-01-14	-14.544734358220467
2017-01-15	3.4890008855688137
2017-01-16	-19.452770250826124
2017-01-17	25.86453249405147
2017-01-18	7.112396596807279
2017-01-19	-5.453790304931024
2017-01-20	32.77391363997204
2017-01-21	-47.96914772769328
2017-01-22	2.380256842132394
2017-01-23	29.611540256408144
2017-01-24	-25.023972370830474
2017-01-25	5.035540688982433
2017-01-26	9.87281648999889
2017-01-27	33.2316148995598
2017-01-28	32.914781711124725
2017-01-29	4.35309527388657
2017-01-30	32.49651793273333
2017-01-31	12.72489337829279
2017-02-01	9.626406207027387
2017-02-02	5.627234066939476
2017-02-03	-18.067326660673352
2017-02-04	-23.271850982975483
2017-02-05	16.014706132766445
2017-02-06	-14.23461104129927
2017-02-07	-4.889479685052626
2017-02-08	34.64306987146967
2017-02-09	-28.840992527097047
2017-02-10	4.88337399486496
2017-02-11	2.672814717451698
2017-02-12	-31.258637334573038
2017-02-13	7.885445510176604
2017-02-14	-18.353616073322154
2017-02-15	38.09816962888648
2017-02-16	-7.72046704766848
2017-02-17	-1.4178344722365879
2017-02-18	7.44893754665498
2017-02-19	1.4965182528261465
2017-02-20	21.753453735167138
2017-02-21	-18.37188352036499
2017-02-22	-18.00198734063142
2017-02-23	28.017313141915718
2017-02-24	-28.237918892460662
2017-02-25	-9.731139757010924
2017-02-26	-5.55747918277214
2017-02-27	-31.041753223565138
2017-02-28	16.749862866849845
2017-03-01	-37.4877878522772
2017-03-02	-30.701698638103302
2017-03-03	9.80930375623156
2017-03-04	-13.291218857799212
2017-03-05	33.95335509056931
2017-03-06	-5.632551559042418
2017-03-07	1.3961834454530073
2017-03-08	-16.79303031851518
2017-03-09	-8.878044530762198
2017-03-10	45.86473503246237
2017-03-11	26.426039618425957
2017-03-12	-20.24675624406033
2017-03-13	12.024082393533893
2017-03-14	25.262263834073043
2017-03-15	-22.412548856002246
2017-03-16	-7.4263037651177335
2017-03-17	20.516593499455833
2017-03-18	-11.205716378553216
2017-03-19	10.072142342176125
2017-03-20	22.635400996202538
2017-03-21	-0.3912505102691537
2017-03-22	-1.101914376348611
2017-03-23	7.641741410356165
2017-03-24	16.683476138023774
2017-03-25	32.893651172856536
2017-03-26	7.096402301014409
2017-03-27	-11.047907632350068
2017-03-28	-28.09382208050455
2017-03-29	-5.855023737675945
2017-03-30	23.648897079866536
2017-03-31	-1.1773219116270448
2017-04-01	-4.245599913931102
2017-04-02	-8.390619730960914
2017-04-03	-6.863839912588971
2017-04-04	-11.368168063080388
2017-04-05	-62.22725956370748
2017-04-06	-1.7851338968555133
2017-04-07	-58.60217853675153
2017-04-08	2.2114329103358212
2017-04-09	7.593070242418235
2017-04-10	-12.319316652579534
2017-04-11	-11.46543634151923
2017-04-12	-18.870624633390193
2017-04-13	-3.0451151028208514
2017-04-14	7.95970901993775
2017-04-15	9.379091721459245
2017-04-16	16.632564876897472
2017-04-17	18.330429123346587
2017-04-18	3.377426835287597
2017-04-19	-18.06776914888105
2017-04-20	-9.501761742705256
2017-04-21	30.980975860028806
2017-04-22	-29.139128980690188
2017-04-23	-9.311500548237861
2017-04-24	-0.8149887677476182
2017-04-25	4.562632765403023
2017-04-26	-19.963267670575547
2017-04-27	10.772263698805984
2017-04-28	-15.164536157752714
2017-04-29	-32.18947240810826
2017-04-30	11.55237431059767
2017-05-01	7.670366623142715
2017-05-02	21.500517556191564
2017-05-03	-11.311829282136413
2017-05-04	3.438524943013122
2017-05-05	9.567926746172343
2017-05-06	-39.45779968545738
2017-05-07	7.919233606679018
2017-05-08	17.19916773778834
2017-05-09	18.37416564891879
2017-05-10	-55.25247432540249
2017-05-11	16.107483345971893
2017-05-12	-37.81635327229032
2017-05-13	-6.231164776826218
2017-05-14	-6.30143966147643
2017-05-15	3.8857106073310517
2017-05-16	21.050927897266856
2017-05-17	57.57751391947913
2017-05-18	25.109391207252614
2017-05-19	-30.96190540825303
2017-05-20	21.33206750051346
2017-05-21	-2.8384249063321976
2017-05-22	22.192631416169572
2017-05-23	13.501555098607705
2017-05-24	-10.805785387429959
2017-05-25	8.529297813398621
2017-05-26	6.774568931460649
2017-05-27	23.376751303842507
2017-05-28	22.733392360329574
2017-05-29	-8.957733512801457
2017-05-30	-5.70362442464693
2017-05-31	1.3400590546412325
2017-06-01	8.808799339183363
2017-06-02	15.28284855392417
2017-06-03	30.98537207221377
2017-06-04	-4.545715107510903
2017-06-05	14.458642196431144
2017-06-06	30.817321765748332
2017-06-07	-6.447088153445478
2017-06-08	25.49946528146737
2017-06-09	3.996862730202844
2017-06-10	-38.90185614442547
2017-06-11	-19.312976342950208
2017-06-12	8.732602918748434
2017-06-13	-15.169022930658713
2017-06-14	5.075179010144852
2017-06-15	-4.152837641791988
2017-06-16	-11.293198739345527
2017-06-17	-10.73303924527263
2017-06-18	-5.7996869577427
2017-06-19	-26.27616855595008
2017-06-20	-24.366937492617843
2017-06-21	4.945380989326927
2017-06-22	-4.42720260754687
2017-06-23	3.9286697378740474
2017-06-24	-3.220083996559194
2017-06-25	16.673797390065133
2017-06-26	2.2382763353645068
2017-06-27	-19.64290745190578
2017-06-28	-27.05898919145819
2017-06-29	-31.617698036293717
2017-06-30	-11.585966857803463
2017-07-01	-17.520877590647853
2017-07-02	13.428767927927233
2017-07-03	-1.0210616040689435
2017-07-04	17.927772403291804
2017-07-05	-44.05220709415486
2017-07-06	-14.382235200057789
2017-07-07	21.650475401279976
2017-07-08	-13.290665491862494
2017-07-09	-24.05824385850783
2017-07-10	1.7915683308400863
2017-07-11	40.60972287692349
2017-07-12	18.141630518354827
2017-07-13	-2.10056226378585
2017-07-14	-10.389148114741818
2017-07-15	4.524125250593514
2017-07-16	14.378334072016274
2017-07-17	-1.854946539335247
2017-07-18	-16.69361295267814
2017-07-19	24.316640709569544
2017-07-20	41.30733848048813
2017-07-21	-10.601295810772621
2017-07-22	-41.065947529311046
2017-07-23	22.674607013148435
2017-07-24	59.645383046949185
2017-07-25	-8.546570326492743
2017-07-26	-15.094151927153963
2017-07-27	-7.556857328075843
2017-07-28	22.068369238991895
2017-07-29	32.2085424823791
2017-07-30	-17.3932908382727
2017-07-31	-15.331140360958024
2017-08-01	22.25899504930722
2017-08-02	12.838894903452259
2017-08-03	-14.85262022617847
2017-08-04	7.994824383452691
2017-08-05	27.729766893135935
2017-08-06	-31.214201407625076
2017-08-07	-9.23884395919663
2017-08-08	11.294642719421962
2017-08-09	6.063269867635593
2017-08-10	-20.44221046439327
2017-08-11	-42.77603126088727
2017-08-12	-4.502976398800166
2017-08-13	33.571089824610674
2017-08-14	-20.385669707061215
2017-08-15	11.230667546362406
2017-08-16	-28.019306283115412
2017-08-17	-23.097443953987195
2017-08-18	18.139742828769407
2017-08-19	-24.581416404339915
2017-08-20	-0.1093947746735564
2017-08-21	-12.524285561520829
2017-08-22	-15.001345017300835
2017-08-23	5.6925775357962785
2017-08-24	42.98231948261867
2017-08-25	6.204731048268426
2017-08-26	-38.67810809707085
2017-08-27	13.215292363728384
2017-08-28	17.741180063849924
2017-08-29	-0.06381826932226353
2017-08-30	-9.631254411004106
2017-08-31	17.761582650840293
2017-09-01	35.0375151716317
2017-09-02	17.271421894786453
2017-09-03	1.3132859458192203
2017-09-04	-39.130050027418186
2017-09-05	59.45166921566392
2017-09-06	6.091874904376729
2017-09-07	27.633037346969196
2017-09-08	4.453949487266471
2017-09-09	-15.565518862994779
2017-09-10	18.1441642264924
2017-09-11	-3.412498593811912
2017-09-12	-15.753689425339001
2017-09-13	2.497015670023206
2017-09-14	-9.322334365770462
2017-09-15	14.916483956894186
2017-09-16	-12.36801187197898
2017-09-17	-30.447581354029204
2017-09-18	0.8251500395658165
2017-09-19	-4.930332356678746
2017-09-20	-26.12803413712408
2017-09-21	2.1080595005004623
2017-09-22	6.592485665562613
2017-09-23	-16.604548965119022
2017-09-24	31.58984381918503
2017-09-25	1.3581774620813922
2017-09-26	-8.653813249985738
2017-09-27	-1.7127408682221763
2017-09-28	8.584307400322368
2017-09-29	23.363236496869995
2017-09-30	-5.5933534683576225
2017-10-01	-1.2789501848602216
2017-10-02	-10.371179561039103
2017-10-03	2.197822434761134
2017-10-04	12.552892955701145
2017-10-05	17.062350544106426
2017-10-06	-8.25174390415349
2017-10-07	3.3450231068101157
2017-10-08	-0.869902358425169
2017-10-09	2.519936543519714
2017-10-10	26.267299385848847
2017-10-11	-18.54443445186588
2017-10-12	6.991028685407322
2017-10-13	6.907116071514049
2017-10-14	3.849603738105995
2017-10-15	1.5047870230537652
2017-10-16	-29.6136739498909
2017-10-17	-22.587274729127213
2017-10-18	18.6541448498466
2017-10-19	-10.487804403499098
2017-10-20	18.81243055120694
2017-10-21	7.201147030880078
2017-10-22	-37.47139809644495
2017-10-23	38.19883941812178
2017-10-24	29.105768607758538
2017-10-25	-16.81129775275054
2017-10-26	-12.74133545425487
2017-10-27	-18.87884906692391
2017-10-28	-11.448849494292748
2017-10-29	-11.846818969572928
2017-10-30	15.244978942396585
2017-10-31	2.9712892467433134
2017-11-01	-5.904967846186257
2017-11-02	-20.908465887358467
2017-11-03	-18.511400476916986
2017-11-04	-9.762846395455725
2017-11-05	25.691850836073282
2017-11-06	31.143463063253602
2017-11-07	-21.489512817007764
2017-11-08	-6.227635217416217
2017-11-09	48.858140930679596
2017-11-10	11.494489136229754
2017-11-11	-4.683560337237482
2017-11-12	-50.08429672521258
2017-11-13	16.432818156765094
2017-11-14	27.290202067220342
2017-11-15	29.87317871786121
2017-11-16	29.554810128421863
2017-11-17	12.828264464803684
2017-11-18	11.403564507688442
2017-11-19	-23.77895390848008
2017-11-20	37.01609811991738
2017-11-21	-33.4222333677191
2017-11-22	2.6407134048294845
2017-11-23	-42.36726319190845
2017-11-24	-4.192011032607566
2017-11-25	-1.6855037025387631
2017-11-26	-20.078159489307723
2017-11-27	24.226743596552335
2017-11-28	-9.302192853512796
2017-11-29	10.595081882904445
2017-11-30	-23.07253928827407
2017-12-01	-0.33134849065069094
2017-12-02	-33.7463847200881
2017-12-03	43.04801269161139
2017-12-04	-12.502049208946875
2017-12-05	-5.1332314929615
2017-12-06	18.223264322897133
2017-12-07	23.754149910105735
2017-12-08	18.7839146370323
2017-12-09	46.854216465777256
2017-12-10	-37.75136736666383
2017-12-11	5.213402111743872
2017-12-12	30.030097625355086
2017-12-13	10.94183371054919
2017-12-14	-3.814369053832994
2017-12-15	-11.47445485191967
2017-12-16	8.79467783212585
2017-12-17	44.27030305242166
2017-12-18	21.475535453575844
2017-12-19	-31.0054838880175
2017-12-20	-11.71559573365613
2017-12-21	36.01364532286771
2017-12-22	33.54290679414055
2017-12-23	30.770308248589618
2017-12-24	1.0506475540323623
2017-12-25	-2.3806310018863215
2017-12-26	-14.513439379190674
2017-12-27	19.96744998572816
2017-12-28	-23.305378594804786
2017-12-29	-7.362102386059146
2017-12-30	17.150168505449027
2017-12-31	18.387494311456525
2018-01-01	-11.635318649114305
2018-01-02	25.787781431074055
2018-01-03	-15.757906648208817
2018-01-04	30.748992266431458
2018-01-05	41.12352344445659
2018-01-06	-21.564112631969046
2018-01-07	-0.13239491618319255
2018-01-08	22.556531295089
2018-01-09	-9.760909239490257
2018-01-10	34.397448125297075
2018-01-11	31.011987394380558
2018-01-12	-27.644521681407983
2018-01-13	3.4602393047738635
2018-01-14	4.7328886520094535
2018-01-15	22.955699365674786
2018-01-16	6.73914011761332
2018-01-17	-6.966971395511584
2018-01-18	-18.540061433542203
2018-01-19	6.179427668314447
2018-01-20	31.29677430386723
2018-01-21	41.26154427811264
2018-01-22	-6.0504877874626
2018-01-23	6.775730464256886
2018-01-24	10.547726432211922
2018-01-25	24.82508612436628
2018-01-26	-15.813392263338457
2018-01-27	-21.27593297189294
2018-01-28	-23.839416390928744
2018-01-29	11.276240001658508
2018-01-30	11.617992897514556
2018-01-31	4.559375134305304
2018-02-01	-39.39075058950286
2018-02-02	9.4568173645798
2018-02-03	-16.57536947646737
2018-02-04	-1.3388450669501315
2018-02-05	-2.6468212973097707
2018-02-06	-15.575895018255466
2018-02-07	-19.361465775707295
2018-02-08	-6.580339543755007
2018-02-09	-4.185643046377051
2018-02-10	28.157991805361572
2018-02-11	-0.988111413268911
2018-02-12	5.211387382547747
2018-02-13	23.189061631334585
2018-02-14	26.47662219638397
2018-02-15	-10.930296554926967
2018-02-16	-11.30521685667589
2018-02-17	-52.45143805913972
2018-02-18	27.462914156292374
2018-02-19	-40.28559570718616
2018-02-20	3.1513949421193654
2018-02-21	-17.60573429246698
2018-02-22	11.944487904142475
2018-02-23	-42.53666981411209
2018-02-24	-23.52320717601671
2018-02-25	9.987839960441272
2018-02-26	-11.04125382495427
2018-02-27	31.74484790589654
2018-02-28	-1.305173778932404
2018-03-01	-18.04334075796859
2018-03-02	-8.723396797597031
2018-03-03	-0.17445358500945551
2018-03-04	8.964452451223451
2018-03-05	-21.79929385122308
2018-03-06	18.012533183248188
2018-03-07	6.263047449636914
2018-03-08	50.18925553139899
2018-03-09	13.965184827132852
2018-03-10	-11.359072996898723
2018-03-11	-5.350183517028623
2018-03-12	-7.69518414310077
2018-03-13	-1.519103922471179
2018-03-14	-7.860908485106753
2018-03-15	-26.79900668606821
2018-03-16	-34.14205508777168
2018-03-17	24.041282806060185
2018-03-18	-11.385856049777667
2018-03-19	2.3767926182732313
2018-03-20	41.48155737636493
2018-03-21	30.697009947952658
2018-03-22	18.75614067960619
2018-03-23	12.223073798948265
2018-03-24	1.4363063500809057
2018-03-25	13.419422306911398
2018-03-26	29.472323310069307
2018-03-27	29.543743542003153
2018-03-28	-18.160975888528448
2018-03-29	7.237910008156219
2018-03-30	-1.9930820252560515
2018-03-31	-4.847721776634134
2018-04-01	-8.982406623389885
2018-04-02	-20.003094016579862
2018-04-03	-5.492512730689494
2018-04-04	5.404657243910382
2018-04-05	26.270509961255975
2018-04-06	2.5574009753526123
2018-04-07	-24.92740305252814
2018-04-08	-26.03522094638307
2018-04-09	-5.447821666583406
2018-04-10	-3.795141725038312
2018-04-11	22.27979545774391
2018-04-12	26.743360617818364
2018-04-13	0.740537898544277
2018-04-14	-29.54200461500007
2018-04-15	-10.967359285271705
2018-04-16	-40.16400616822437
2018-04-17	-32.155826693214955
2018-04-18	37.68714053494368
2018-04-19	-37.968328036113284
2018-04-20	-33.94653343931197
2018-04-21	-4.960332125019195
2018-04-22	-27.112576464913538
2018-04-23	-14.14392551975256
2018-04-24	30.313026728063516
2018-04-25	2.320692155057448
2018-04-26	-1.3975460723802386
2018-04-27	8.964630965620316
2018-04-28	21.765462762625134
2018-04-29	-20.715444617072322
2018-04-30	-1.6172416515586112
2018-05-01	1.1187161711851663
2018-05-02	-59.9536289318712
2018-05-03	36.35032123274256
2018-05-04	7.965804057504459
2018-05-05	0.1483098304475582
2018-05-06	20.80378899771694
2018-05-07	5.712733499057508
2018-05-08	5.466499514244049
2018-05-09	-34.18654372140605
2018-05-10	-4.086704826283651
2018-05-11	3.270597246772102
2018-05-12	0.6505397582705337
2018-05-13	12.627010586818255
2018-05-14	-14.722244641717069
2018-05-15	15.880689018101286
2018-05-16	-26.254256877078813
2018-05-17	-1.2147769577584089
2018-05-18	20.341771287029836
2018-05-19	-5.488230686854138
2018-05-20	9.688614205162773
2018-05-21	19.036636559796563
2018-05-22	-26.08783800929456
2018-05-23	-7.490927601690201
2018-05-24	48.668575234083754
2018-05-25	-22.719254610905253
2018-05-26	9.306772322070408
2018-05-27	-3.3284969323899265
2018-05-28	-17.269169862104587
2018-05-29	24.336793986134197
2018-05-30	-13.880061800899808
2018-05-31	-9.775852639586638
2018-06-01	-21.235987871683886
2018-06-02	2.5539000249499524
2018-06-03	-10.84987609612367
2018-06-04	9.563709655703592
2018-06-05	20.447189114580983
2018-06-06	-18.92593796176376
2018-06-07	-23.33150921143916
2018-06-08	-21.874907717229988
2018-06-09	5.479435063842741
2018-06-10	7.0415587087172975
2018-06-11	-0.9223621404534919
2018-06-12	32.23223867240132
2018-06-13	-4.1190076282884
2018-06-14	-18.087958955423254
2018-06-15	-34.30027319119095
2018-06-16	23.431686609059923
2018-06-17	-38.82744232320789
2018-06-18	27.63795832581982
2018-06-19	-32.41198422383904
2018-06-20	-12.360417918090498
2018-06-21	24.917723107368037
2018-06-22	-5.592991673748594
2018-06-23	-4.142089169723071
2018-06-24	-3.0327000407944205
2018-06-25	-7.777177909745532
2018-06-26	-7.343581375417591
2018-06-27	16.830379486830374
2018-06-28	36.86492882572289
2018-06-29	-39.71824895043649
2018-06-30	-2.060521139315852
2018-07-01	43.27504831058838
2018-07-02	-6.5766824000744135
2018-07-03	56.6546776774538
2018-07-04	35.27156437251475
2018-07-05	-28.10808034908689
2018-07-06	5.938224298356418
2018-07-07	-0.023838081796142108
2018-07-08	7.92677350156593
2018-07-09	-9.475914824442748
2018-07-10	-3.099428898311949
2018-07-11	-4.80366551541959
2018-07-12	-4.784254454379263
2018-07-13	37.55568609519354
2018-07-14	-28.872635904833032
2018-07-15	-13.627650105754842
2018-07-16	-4.181003391597605
2018-07-17	-20.147691527554745
2018-07-18	7.805792973226307
2018-07-19	7.684179243027272
2018-07-20	-5.567857236420713
2018-07-21	-24.877746938489288
2018-07-22	5.000703723105256
2018-07-23	-19.867566291711885
2018-07-24	5.712426473891587
2018-07-25	-10.416266857014044
2018-07-26	-8.245649203344222
2018-07-27	5.997478628818742
2018-07-28	0.29736396161083256
2018-07-29	43.07911663045698
2018-07-30	-25.88530382033224
2018-07-31	5.962159253502429
2018-08-01	8.8905104740625
2018-08-02	-29.83120870321197
2018-08-03	10.87473473407894
2018-08-04	14.188080266570255
2018-08-05	6.3277976882962115
2018-08-06	37.69184830952062
2018-08-07	-7.543354334778739
2018-08-08	16.687259920111146
2018-08-09	-31.207490320975268
2018-08-10	-15.62696980693013
2018-08-11	7.1536819833095215
2018-08-12	-19.31227704780793
2018-08-13	19.973029133722193
2018-08-14	-36.89022569779083
2018-08-15	16.97365690311434
2018-08-16	-38.6569993048744
2018-08-17	22.547382346265426
2018-08-18	38.08991821125743
2018-08-19	-1.0323946389058076
2018-08-20	5.117853871366083
2018-08-21	6.0598497120174635
2018-08-22	18.886300189183125
2018-08-23	-9.664218404231127
2018-08-24	23.487363989028047
2018-08-25	16.96675529935558
2018-08-26	12.175660445016351
2018-08-27	28.083746141525953
2018-08-28	-3.194301407413837
2018-08-29	-35.115031372492545
2018-08-30	-3.3906306663082715
2018-08-31	29.08752274328113
2018-09-01	15.98691732001865
2018-09-02	7.117950851082134
2018-09-03	-13.835201152226505
2018-09-04	11.590597039054527
2018-09-05	19.85263412642699
2018-09-06	45.810744308993144
2018-09-07	-26.8415667298111
2018-09-08	43.705292977091965
2018-09-09	9.40177565265707
2018-09-10	18.73685047314723
2018-09-11	-1.5859360432287442
2018-09-12	-10.340490249553335
2018-09-13	2.85501391775788
2018-09-14	23.300662639483264
2018-09-15	21.610559209586718
2018-09-16	20.660126722379385
2018-09-17	-0.6821804569532721
2018-09-18	-14.064322522074201
2018-09-19	7.164488455138451
2018-09-20	-20.44848400797982
2018-09-21	-29.903429152593837
2018-09-22	58.086624876933016
2018-09-23	-37.87709900294747
2018-09-24	18.564890667884885
2018-09-25	-12.442557122072676
2018-09-26	-20.55257762043948
2018-09-27	6.636443751328058
2018-09-28	-17.086859747422704
2018-09-29	-47.11359494191956
2018-09-30	-4.033328837285716
2018-10-01	5.224134106674573
2018-10-02	-23.682759120155346
2018-10-03	-8.6235954920789
2018-10-04	-24.318624110122144
2018-10-05	11.47787715957613
2018-10-06	52.50357386153294
2018-10-07	27.733536437491033
2018-10-08	9.331002773112573
2018-10-09	-13.420207115885265
2018-10-10	30.293991713913147
2018-10-11	-11.522077979413455
2018-10-12	-23.095764413248627
2018-10-13	7.894237407909386
2018-10-14	-14.253211767740934
2018-10-15	-26.112366595232018
2018-10-16	21.666361399196646
2018-10-17	-8.333352079416812
2018-10-18	5.404112307318049
2018-10-19	-1.0723814555884743
2018-10-20	2.929519838888303
2018-10-21	-28.887235880913178
2018-10-22	-0.430655600636634
2018-10-23	-21.864179132732342
2018-10-24	-24.921662358228698
2018-10-25	-11.189819560497416
2018-10-26	-17.7013186470573
2018-10-27	23.217914677176335
2018-10-28	-36.98947667085636
2018-10-29	13.557368106654405
2018-10-30	3.4650904912780893
2018-10-31	50.48046217972978
2018-11-01	-8.623639215189806
2018-11-02	-0.9614761065066106
2018-11-03	-27.38692971439835
2018-11-04	17.342689592639804
2018-11-05	25.60426658003999
2018-11-06	-15.982867244497477
2018-11-07	-11.22608641352511
2018-11-08	-0.05581365533865834
2018-11-09	-38.29795977252092
2018-11-10	-20.255686579952545
2018-11-11	4.476185279395837
2018-11-12	17.568111098808913
2018-11-13	39.464141667996905
2018-11-14	-23.28221643482547
2018-11-15	43.41124021439306
2018-11-16	4.851762380413603
2018-11-17	13.547062119028512
2018-11-18	4.416360935261364
2018-11-19	38.88414227825708
2018-11-20	38.03195355066885
2018-11-21	2.12859790501122
2018-11-22	-11.839908162098167
2018-11-23	-12.528764433080896
2018-11-24	-11.70971875972129
2018-11-25	-17.02938295709061
2018-11-26	-13.331468830191637
2018-11-27	11.504942738890819
2018-11-28	34.69396660047111
2018-11-29	7.4261775919012845
2018-11-30	-6.479085912333874
2018-12-01	-25.48285138149814
2018-12-02	20.394277342550943
2018-12-03	-14.579087407324732
2018-12-04	34.30935296330969
2018-12-05	-2.9763226574042223
2018-12-06	-11.699983424107508
2018-12-07	-19.940020323018302
2018-12-08	7.829689531527507
2018-12-09	20.35688692857742
2018-12-10	13.729465675140176
2018-12-11	30.262413312102204
2018-12-12	4.113056683809863
2018-12-13	-11.686457721259023
2018-12-14	-9.242153754533977
2018-12-15	30.9664661119802
2018-12-16	-22.337132355704505
2018-12-17	-22.134118000725326
2018-12-18	8.815718113726884
2018-12-19	-17.19591609801187
2018-12-20	-5.667527661566424
2018-12-21	0.07811164535853166
2018-12-22	8.086051359050717
2018-12-23	12.821962886944823
2018-12-24	33.979241654460445
2018-12-25	-19.443685933160502
2018-12-26	-19.538795853477612
2018-12-27	-28.20622237827606
2018-12-28	-17.437772087886607
2018-12-29	12.3835976027706
2018-12-30	-18.92489539337552
2018-12-31	-11.308246242639566
2019-01-01	-19.91895836413955
2019-01-02	8.686402247470072
2019-01-03	7.185661657782853
2019-01-04	-8.094732121522656
2019-01-05	34.97813256426048
2019-01-06	41.5957198168084
2019-01-07	5.129822616665873
2019-01-08	28.268227248984232
2019-01-09	-7.45136671410741
2019-01-10	-35.671301461630875
2019-01-11	36.577864070133735
2019-01-12	-27.875624969158668
2019-01-13	21.95072921098244
2019-01-14	27.393545573573117
2019-01-15	-31.623941278295014
2019-01-16	-26.267548053958347
2019-01-17	13.494698330281848
2019-01-18	-7.943748000523124
2019-01-19	-4.786978969350142
2019-01-20	19.06586933317034
2019-01-21	-3.414584785945137
2019-01-22	10.296612317828329
2019-01-23	6.393558772884562
2019-01-24	5.020173176539473
2019-01-25	-37.39227170077516
2019-01-26	3.7503879961203532
2019-01-27	9.566706092571216
2019-01-28	-17.31077898243866
2019-01-29	-19.797239315139755
2019-01-30	26.72088081602137
2019-01-31	-7.693252358359947
2019-02-01	28.207655659998974
2019-02-02	10.005515477830722
2019-02-03	-23.615287024650343
2019-02-04	48.80612464838792
2019-02-05	8.184112421184079
2019-02-06	0.5117652682832712
2019-02-07	9.621182535527275
2019-02-08	-16.077034697836083
2019-02-09	-13.764348198197704
2019-02-10	-9.28490676216497
2019-02-11	-9.779907332178043
2019-02-12	8.402470389897001
2019-02-13	-2.8099619539429774
2019-02-14	-30.043795904792624
2019-02-15	28.126460079357315
2019-02-16	56.316024644356894
2019-02-17	-4.098496492844473
2019-02-18	-21.65532158128117
2019-02-19	10.792112046259914
2019-02-20	42.8621307487496
2019-02-21	3.5985618633073173
2019-02-22	57.02544568515015
2019-02-23	-21.16813950940526
2019-02-24	5.749646430114107
2019-02-25	-7.220969094183149
2019-02-26	-0.5780767286958595
2019-02-27	2.0034141976674484
2019-02-28	27.666014166294246
2019-03-01	0.9803650798802417
2019-03-02	35.528686435976056
2019-03-03	19.240427950324907
2019-03-04	-60.89443048709053
2019-03-05	0.003353516819360247
2019-03-06	9.109075268727867
2019-03-07	22.387609711517737
2019-03-08	20.866173332266186
2019-03-09	-10.483551123578696
2019-03-10	-21.20029751674672
2019-03-11	5.6548976963501225
2019-03-12	-2.1660167073246814
2019-03-13	-28.186523337909506
2019-03-14	4.296572845232479
2019-03-15	-10.201372307503936
2019-03-16	3.9521008687078902
2019-03-17	-23.482340063204116
2019-03-18	-42.89677478284819
2019-03-19	-3.7508045143762176
2019-03-20	4.245544643185762
2019-03-21	10.66884219713363
2019-03-22	28.197536098214382
2019-03-23	13.505618467451653
2019-03-24	15.299874354012738
2019-03-25	11.05376853320546
2019-03-26	27.45563527247781
2019-03-27	-28.174371223923828
2019-03-28	12.290300131434853
2019-03-29	46.09665184145788
2019-03-30	-35.4060060995437
2019-03-31	-10.862807084035522
2019-04-01	-16.353158355123366
2019-04-02	19.37825053672855
2019-04-03	-13.352802925914263
2019-04-04	-12.146255761770146
2019-04-05	11.978038480517933
2019-04-06	21.641834707829574
2019-04-07	24.67714199023131
2019-04-08	-8.138272058695204
2019-04-09	4.32719074491996
2019-04-10	20.946471121649086
2019-04-11	-25.860063650287927
2019-04-12	12.0471836990339
2019-04-13	-23.80708641958879
2019-04-14	12.92109119404121
2019-04-15	2.463962542208946
2019-04-16	-100.97685679918949
2019-04-17	28.71998071114026
2019-04-18	-4.180322989849056
2019-04-19	25.77877188110187
2019-04-20	27.070380435733536
2019-04-21	19.50544245276034
2019-04-22	7.752956595104193
2019-04-23	-34.549884115963664
2019-04-24	18.08579862810073
2019-04-25	7.910976165158878
2019-04-26	-3.2270136000247884
2019-04-27	6.456738258385002
2019-04-28	18.071934868040003
2019-04-29	9.402742690347766
2019-04-30	-12.098413652016385
2019-05-01	18.9467556155603
2019-05-02	19.510463368972253
2019-05-03	0.2896100562910455
2019-05-04	16.929646877081385
2019-05-05	-7.645509628729988
2019-05-06	-8.11432354022846
2019-05-07	3.9074151673135207
2019-05-08	-36.42231985415653
2019-05-09	-0.8879745249157092
2019-05-10	7.707885734401446
2019-05-11	34.619641864757256
2019-05-12	2.397481613814758
2019-05-13	22.846173630252224
2019-05-14	-5.769103846985129
2019-05-15	5.774601239950142
2019-05-16	10.752901628548846
2019-05-17	21.949957473826032
2019-05-18	-14.23755272282496
2019-05-19	-14.562655786074446
2019-05-20	-28.113057576455237
2019-05-21	-18.764754462584037
2019-05-22	4.326233263295041
2019-05-23	20.674101050683642
2019-05-24	8.332330970061012
2019-05-25	19.3387568449137
2019-05-26	-5.418215817326359
2019-05-27	-3.4137176442970683
2019-05-28	15.44988378059311
2019-05-29	-6.656198312833259
2019-05-30	13.730357414223587
2019-05-31	20.701422171704813
2019-06-01	6.044076803569645
2019-06-02	-4.335494103331131
2019-06-03	-38.886962279128475
2019-06-04	-23.75985650300742
2019-06-05	-12.786761988796663
2019-06-06	-15.028929822549266
2019-06-07	-45.79860729848364
2019-06-08	-46.29633281275734
2019-06-09	-26.86132898593326
2019-06-10	-6.374303075634348
2019-06-11	-3.128033930337806
2019-06-12	-3.6686943616610703
2019-06-13	33.09764246378999
2019-06-14	-8.246309128829749
2019-06-15	50.8864445064618
2019-06-16	35.99629220263238
2019-06-17	16.417626248528997
2019-06-18	12.052879142440139
2019-06-19	38.30108153002609
2019-06-20	1.784096211923711
2019-06-21	11.444144225890573
2019-06-22	17.929549356227547
2019-06-23	38.3533261379356
2019-06-24	52.311433363951174
2019-06-25	-25.902076952031102
2019-06-26	-10.909204838436544
2019-06-27	0.10741246192986942
2019-06-28	5.9421461929720545
2019-06-29	20.629121726377054
2019-06-30	-36.74849015248327
2019-07-01	-6.172760634469794
2019-07-02	20.93061622018323
2019-07-03	11.098440145017682
2019-07-04	-1.0584448961782964
2019-07-05	-1.9305735069764978
2019-07-06	-25.023168063801467
2019-07-07	-2.1423172789672753
2019-07-08	42.48228284504264
2019-07-09	4.603257080489542
2019-07-10	-11.239309835762507
2019-07-11	-28.326848050695517
2019-07-12	-44.81417051084382
2019-07-13	-24.328795521783977
2019-07-14	6.775916083692417
2019-07-15	0.23249355412403439
2019-07-16	38.62336056772637
2019-07-17	-15.877791873789633
2019-07-18	-7.036134623138388
2019-07-19	13.630661842170218
2019-07-20	-28.441771829829385
2019-07-21	-22.628571187062715
2019-07-22	30.07654252220525
2019-07-23	2.627289551023976
2019-07-24	14.551722270701852
2019-07-25	13.126484908060688
2019-07-26	-22.660825814631707
2019-07-27	10.012715620979005
2019-07-28	17.746914050452556
2019-07-29	30.440864776362197
2019-07-30	-41.295865435642845
2019-07-31	-34.534208653491426
2019-08-01	42.2744490363803
2019-08-02	25.593930709278577
2019-08-03	-15.920289336705398
2019-08-04	20.14631810405035
2019-08-05	-19.020267204387412
2019-08-06	19.084075149918288
2019-08-07	-5.456578289260628
2019-08-08	-11.492045151238827
2019-08-09	-10.751261851701948
2019-08-10	-9.939710609968252
2019-08-11	-41.210552449801376
2019-08-12	3.046699190509784
2019-08-13	5.8396530507884234
2019-08-14	4.0432165880983595
2019-08-15	17.38889630577758
2019-08-16	22.586974531628265
2019-08-17	24.957674330918074
2019-08-18	-0.9827483312815122
2019-08-19	-27.385364609874543
2019-08-20	1.2188576927530534
2019-08-21	-8.431334951696591
2019-08-22	6.816105873155048
2019-08-23	-2.793145432271703
2019-08-24	-1.7496587442420866
2019-08-25	1.7585829513113125
2019-08-26	-18.737818824238577
2019-08-27	-11.286278726129394
2019-08-28	58.919915841542604
2019-08-29	18.32325005305374
2019-08-30	-36.10921201786484
2019-08-31	-8.812058714656358
2019-09-01	16.61528842191808
2019-09-02	-29.33848047887349
2019-09-03	-0.5398795057797934
2019-09-04	6.741196879621397
2019-09-05	-16.53773179552357
2019-09-06	-31.125503856354534
2019-09-07	8.288171753375186
2019-09-08	-8.013352609313587
2019-09-09	-38.784773629155396
2019-09-10	44.59572548735265
2019-09-11	34.72567914497113
2019-09-12	-9.819948047006635
2019-09-13	33.7627118927649
2019-09-14	-4.701681894981348
2019-09-15	-34.109436896710726
2019-09-16	-9.75125052776434
2019-09-17	-15.916257783125989
2019-09-18	-31.336280229864897
2019-09-19	-0.9199818273418345
2019-09-20	-5.007275136842966
2019-09-21	5.629823425689657
2019-09-22	0.06833157495619924
2019-09-23	-37.921674646014665
2019-09-24	8.402932994003578
2019-09-25	-12.039796579658145
2019-09-26	19.004102630716
2019-09-27	12.194484717646471
2019-09-28	-34.38495588641128
2019-09-29	-2.0017351674635755
2019-09-30	-8.974829033557002
2019-10-01	12.347017458993918
2019-10-02	-13.11675793686739
2019-10-03	-1.0886775441145142
2019-10-04	-11.745934397617445
2019-10-05	18.66844249340621
2019-10-06	27.07329600401987
2019-10-07	-30.844669806298146
2019-10-08	16.555521787320647
2019-10-09	2.3719043846593495
2019-10-10	0.9403969780187246
2019-10-11	8.096368274749516
2019-10-12	8.081845397250117
2019-10-13	13.941917491478568
2019-10-14	10.45356794377121
2019-10-15	-16.113738855755617
2019-10-16	-31.219317533648677
2019-10-17	30.570805337409645
2019-10-18	-9.532861759411697
2019-10-19	7.182188047984197
2019-10-20	0.9351659871806852
2019-10-21	-6.243057879404717
2019-10-22	6.6750459613776085
2019-10-23	20.26625277729412
2019-10-24	-13.231641427558124
2019-10-25	-29.92908117837217
2019-10-26	-11.206026324005041
2019-10-27	-19.5066176611639
2019-10-28	4.385779402892491
2019-10-29	-33.11734826867682
2019-10-30	-78.7384256554728
2019-10-31	-58.49800710589472
2019-11-01	-29.19627975916095
2019-11-02	24.712684978507227
2019-11-03	1.1252403243759679
2019-11-04	16.08519717689193
2019-11-05	-10.942076891345417
2019-11-06	21.599382045569236
2019-11-07	-1.794259809587323
2019-11-08	18.825644699407917
2019-11-09	-24.09338509580813
2019-11-10	-1.8542760846649402
2019-11-11	-7.968665821436405
2019-11-12	7.91748096950828
2019-11-13	-19.4645014968644
2019-11-14	30.653912303032254
2019-11-15	-16.260312363776084
2019-11-16	11.336565065197068
2019-11-17	5.054917562762834
2019-11-18	5.296728113418808
2019-11-19	35.83205310429982
2019-11-20	-11.867264110230035
2019-11-21	5.232989094322875
2019-11-22	-7.302835338206023
2019-11-23	9.246956852611971
2019-11-24	8.410629981613353
2019-11-25	-32.64695042206382
2019-11-26	33.504822334327564
2019-11-27	5.831111899866706
2019-11-28	22.49034124706572
2019-11-29	-47.68744824813333
2019-11-30	42.76110851145641
2019-12-01	-1.6236398197094115
2019-12-02	16.63468692675113
2019-12-03	12.798443779429899
2019-12-04	-20.896904743715883
2019-12-05	-15.122630204078959
2019-12-06	12.916036574265734
2019-12-07	21.2418596631031
2019-12-08	-6.193350683428095
2019-12-09	22.206573220755743
2019-12-10	32.06608782837877
2019-12-11	-3.402534385813726
2019-12-12	10.460958620831972
2019-12-13	-45.682593209907594
2019-12-14	4.313018154933725
2019-12-15	3.0791361991080963
2019-12-16	-31.066857943760155
2019-12-17	-24.545444182301036
2019-12-18	-19.666668610430996
2019-12-19	43.99454761058182
2019-12-20	-26.749144469319518
2019-12-21	-59.50952941554175
2019-12-22	-7.323238679495265
2019-12-23	2.6680057260985075
2019-12-24	-16.42307573662331
2019-12-25	-2.72692463490115
2019-12-26	-0.22417923413986962
2019-12-27	-33.68689493903576
2019-12-28	9.633895646178669
2019-12-29	1.6699302023920732
2019-12-30	-2.894363607205692
2019-12-31	-33.42628428384943
2020-01-01	-10.439186127444005
2020-01-02	37.374363500909226
2020-01-03	-31.618729174477508
2020-01-04	15.740854818798127
2020-01-05	8.148047367973334
2020-01-06	14.541153927292259
2020-01-07	5.89122621419994
2020-01-08	2.9383689589182276
2020-01-09	-22.839241034491344
2020-01-10	15.365896522654781
2020-01-11	-13.719321093681135
2020-01-12	12.41327387344674
2020-01-13	37.81535617192296
2020-01-14	10.721099646766282
2020-01-15	-19.836709448028895
2020-01-16	1.3090951998304488
2020-01-17	-5.80579608032567
2020-01-18	46.455822424895565
2020-01-19	32.45909229475891
2020-01-20	-6.540999591348781
2020-01-21	-14.39956940236086
2020-01-22	-6.160040015643134
2020-01-23	3.6595346890724816
2020-01-24	18.062650035079823
2020-01-25	22.269978848746096
2020-01-26	-31.669813738779055
2020-01-27	-3.2432227746631623
2020-01-28	-13.999115878690622
2020-01-29	-5.458413783811182
2020-01-30	-6.968891826389469
2020-01-31	13.770774311637991
2020-02-01	-9.80910259568466
2020-02-02	17.638457943188477
2020-02-03	-8.114124549741463
2020-02-04	-13.201989052828026
2020-02-05	17.096623329027803
2020-02-06	31.224079764749614
2020-02-07	-1.2563592264611685
2020-02-08	-16.240650903610565
2020-02-09	-7.8522875259476965
2020-02-10	-5.465628304741895
2020-02-11	-29.20850064327002
2020-02-12	36.99938961604341
2020-02-13	-0.007917873189220437
2020-02-14	31.911834385015986
2020-02-15	0.7750521756689256
2020-02-16	-2.936646460408804
2020-02-17	30.528787500918554
2020-02-18	-10.462023037579108
2020-02-19	26.34826310782631
2020-02-20	-0.5292503629761554
2020-02-21	-9.067762582918808
2020-02-22	24.83725718436538
2020-02-23	-21.538345334832236
2020-02-24	-24.762083365569403
2020-02-25	-4.168707733512248
2020-02-26	-11.337902301631738
2020-02-27	7.912525930094683
2020-02-28	-10.485051680912095
2020-02-29	-16.690155259162875
2020-03-01	-0.7063455994453121
2020-03-02	32.45511538375815
2020-03-03	-5.700614314950471
2020-03-04	8.126365876275669
2020-03-05	8.205715010491502
2020-03-06	30.963437335126805
2020-03-07	-48.102458069230565
2020-03-08	15.873125937961582
2020-03-09	-24.723660213180406
2020-03-10	-11.298073494509214
2020-03-11	-28.74482571845439
2020-03-12	16.353303217168158
2020-03-13	0.2882835114439173
2020-03-14	9.12316024227848
2020-03-15	7.381068761770719
2020-03-16	13.869153838013982
2020-03-17	19.441631664106033
2020-03-18	-2.0897468442124456
2020-03-19	-13.59731081900107
2020-03-20	-32.43534531415316
2020-03-21	21.073213578115766
2020-03-22	21.162715862426495
2020-03-23	19.89579586490773
2020-03-24	-42.94001061458
2020-03-25	18.038545110903208
2020-03-26	-5.646583374924024
2020-03-27	24.17105227383678
2020-03-28	23.160586469670108
2020-03-29	1.4317878742760946
2020-03-30	-13.305161869155464
2020-03-31	4.460391048521736
2020-04-01	2.518461189773673
2020-04-02	17.601567704228156
2020-04-03	28.030993949066538
2020-04-04	-32.66387361358431
2020-04-05	7.7117093890831105
2020-04-06	7.282503497752839
2020-04-07	-28.877681120677003
2020-04-08	-38.40867503736737
2020-04-09	9.864803448956083
2020-04-10	1.7272525083396015
2020-04-11	7.196973279514394
2020-04-12	-23.561346700812145
2020-04-13	-11.46228798149045
2020-04-14	12.571351530345709
2020-04-15	-3.208186613501966
2020-04-16	21.0372007276115
2020-04-17	44.76994726077587
2020-04-18	7.143223835085743
2020-04-19	0.27750634547528097
2020-04-20	-2.6462634993571204
2020-04-21	-16.26135268832234
2020-04-22	11.803846769646675
2020-04-23	0.14149402660050292
2020-04-24	-24.400139353604192
2020-04-25	12.960320241912488
2020-04-26	-1.0083382978535302
2020-04-27	15.914996889935125
2020-04-28	-39.65386078230483
2020-04-29	-20.543921311538856
2020-04-30	-18.963584978321073
2020-05-01	-25.222822855861182
2020-05-02	-6.5542143160538755
2020-05-03	-13.388571926958333
2020-05-04	5.117366206214165
2020-05-05	37.51130779463181
2020-05-06	-20.68158807024996
2020-05-07	-29.17931546767224
2020-05-08	2.0876250923600974
2020-05-09	-7.203106983553257
2020-05-10	3.982670531406227
2020-05-11	-26.491284695480857
2020-05-12	-2.766623455153331
2020-05-13	27.715346556364427
2020-05-14	24.38556037258959
2020-05-15	6.98741337729598
2020-05-16	12.596951055026613
2020-05-17	-41.464476585669644
2020-05-18	-9.47188086969133
2020-05-19	-30.08679237968434
2020-05-20	1.3750976412353184
2020-05-21	8.58766681915637
2020-05-22	13.540529174678259
2020-05-23	20.076708400358868
2020-05-24	27.66157514485838
2020-05-25	8.033872179761305
2020-05-26	-8.188716872625827
2020-05-27	-3.352592658304511
2020-05-28	-10.579367919251366
2020-05-29	-3.9746620506412507
2020-05-30	-12.449905384530252
2020-05-31	27.162618858186693
2020-06-01	4.100573562045747
2020-06-02	38.092953365224844
2020-06-03	-11.437777214662233
2020-06-04	33.18825541901312
2020-06-05	15.393592529372976
2020-06-06	-46.485627905556406
2020-06-07	1.5917135646280296
2020-06-08	-11.434466940878824
2020-06-09	-30.9340968556447
2020-06-10	-2.7733565747126727
2020-06-11	12.296505580568471
2020-06-12	-2.3908084793619997
2020-06-13	28.503666217201477
2020-06-14	14.15059808679743
2020-06-15	8.072000060496723
2020-06-16	0.8075882950309006
2020-06-17	-49.51838179592201
2020-06-18	-38.90570371606031
2020-06-19	-8.7106503134341
2020-06-20	-58.95834055196177
2020-06-21	13.438723687948546
2020-06-22	-7.8377165984575665
2020-06-23	3.3751752992936934
2020-06-24	-11.144132767260412
2020-06-25	35.944974654290405
2020-06-26	-10.472996487887738
2020-06-27	-21.970452374480438
2020-06-28	16.12867587189706
2020-06-29	-18.991497726949788
2020-06-30	8.126396802010625
2020-07-01	-15.256122802717908
2020-07-02	34.72647152728685
2020-07-03	-20.325925501466244
2020-07-04	25.817805791768713
2020-07-05	-21.67039996250838
2020-07-06	-9.516542347701636
2020-07-07	24.0218702191212
2020-07-08	25.414970145810347
2020-07-09	-26.036182665996595
2020-07-10	24.8356144370912
2020-07-11	-9.30599068165779
2020-07-12	7.0284639185926165
2020-07-13	-6.693845231744103
2020-07-14	41.76430021554722
2020-07-15	2.4431102417062176
2020-07-16	1.5740401909406123
2020-07-17	9.60063495003309
2020-07-18	14.218434252958316
2020-07-19	35.34492677592987
2020-07-20	20.96666660877418
2020-07-21	-35.91769724856882
2020-07-22	20.068532820824068
2020-07-23	12.26822198374004
2020-07-24	10.848229950027525
2020-07-25	-6.45447595002966
2020-07-26	-20.8275417879092
2020-07-27	-4.883717787730476
2020-07-28	-10.215137736622086
2020-07-29	-1.4538838737555244
2020-07-30	32.006355884679145
2020-07-31	-17.52161815824228
2020-08-01	-45.36418247740321
2020-08-02	-10.943505680811423
2020-08-03	1.3862200990004387
2020-08-04	2.5359848657598496
2020-08-05	0.2779627251578236
2020-08-06	-16.756307522447514
2020-08-07	3.483638138569205
2020-08-08	-3.745842170578917
2020-08-09	-5.0201162351805495
2020-08-10	10.89272448270181
2020-08-11	10.355725132004805
2020-08-12	0.7563695463405973
2020-08-13	4.769515950466848
2020-08-14	-9.633928971334447
2020-08-15	7.399155460341099
2020-08-16	-25.51139188191776
2020-08-17	8.435787503836876
2020-08-18	-13.37239515614576
2020-08-19	-7.528925819779365
2020-08-20	8.327739245974248
2020-08-21	21.277063627810822
2020-08-22	3.251629231991071
2020-08-23	14.05542528716479
2020-08-24	43.34585626873641
2020-08-25	10.029801570821766
2020-08-26	12.16116935142724
2020-08-27	17.521728253471625
2020-08-28	-17.411369514974368
2020-08-29	8.660398518959544
2020-08-30	8.198600059389682
2020-08-31	-10.283492405225013
2020-09-01	-19.521292114594583
2020-09-02	36.97015038072437
2020-09-03	-3.781321098453712
2020-09-04	-10.082386293101019
2020-09-05	10.377227936106591
2020-09-06	-16.520258429293932
2020-09-07	0.839046107687886
2020-09-08	-25.76825015667208
2020-09-09	23.33196214326802
2020-09-10	38.42148961401198
2020-09-11	4.722791426275184
2020-09-12	16.833487653452778
2020-09-13	20.517473722688948
2020-09-14	-6.6437969946755135
2020-09-15	-23.996628264847143
2020-09-16	-4.8079510450138825
2020-09-17	17.081437932148514
2020-09-18	-11.275486033572067
2020-09-19	27.743197240375565
2020-09-20	-8.40558099688599
2020-09-21	9.99426708420228
2020-09-22	-6.055531939408283
2020-09-23	14.444865910902886
2020-09-24	-0.08916960278121544
2020-09-25	2.2422961220519912
2020-09-26	-18.669806044925355
2020-09-27	36.96374102565694
2020-09-28	5.634313401595903
2020-09-29	1.948672217588556
2020-09-30	-18.407246631227935
2020-10-01	27.059916702305426
2020-10-02	33.45754288675244
2020-10-03	-14.371521506232924
2020-10-04	-0.4268180507764381
2020-10-05	-3.963789558060058
2020-10-06	28.692986921348886
2020-10-07	-22.60614375751964
2020-10-08	13.033374836363283
2020-10-09	-2.093469472604485
2020-10-10	22.97279371480975
2020-10-11	21.031260243938263
2020-10-12	-8.789793613160336
2020-10-13	-32.60043887287852
2020-10-14	-9.02260670887396
2020-10-15	35.16488142348153
2020-10-16	-16.56878121302896
2020-10-17	-10.00970801516223
2020-10-18	36.496091431516554
2020-10-19	-22.6208198546424
2020-10-20	8.904441704589054
2020-10-21	72.91833928595958
2020-10-22	21.347590860766612
2020-10-23	33.26534195179109
2020-10-24	5.2224934818160476
2020-10-25	-42.92701538046969
2020-10-26	32.396774814376684
2020-10-27	18.865390544145413
2020-10-28	-16.91784230466934
2020-10-29	15.721201867553626
2020-10-30	-0.7885748443475302
2020-10-31	-41.140324456604006
2020-11-01	12.618575596676449
2020-11-02	-19.217009472543072
2020-11-03	-19.439542004891987
2020-11-04	2.7933403576070766
2020-11-05	-8.358755600587065
2020-11-06	-57.972255445568805
2020-11-07	-33.645070748369925
2020-11-08	5.904101538743792
2020-11-09	28.13966256493175
2020-11-10	50.424202371247894
2020-11-11	-3.0635003162212335
2020-11-12	17.766534101567323
2020-11-13	-1.9426635368944007
2020-11-14	-5.895908360624029
2020-11-15	-13.473447205866284
2020-11-16	-13.890146165251375
2020-11-17	28.885783393866443
2020-11-18	26.213379847540832
2020-11-19	-4.160670472605453
2020-11-20	6.501011721887481
2020-11-21	-23.147991332338695
2020-11-22	16.20216216507532
2020-11-23	1.4849826384173093
2020-11-24	-14.736800663632842
2020-11-25	-24.504048009487718
2020-11-26	25.200860743737685
2020-11-27	20.69630342193138
2020-11-28	36.863318772224105
2020-11-29	26.124207495651298
2020-11-30	2.3530468017662622
2020-12-01	25.891745438639568
2020-12-02	-22.67893588490632
2020-12-03	-1.6902929190526115
2020-12-04	-23.549280838024146
2020-12-05	1.2990910333771373
2020-12-06	8.428996971753664
2020-12-07	7.0675816763052195
2020-12-08	-47.273546938893354
2020-12-09	-26.11156090490838
2020-12-10	0.7215187912335344
2020-12-11	-10.0966426875866
2020-12-12	-19.448685234507433
2020-12-13	-13.167212621186486
2020-12-14	-3.053238372695321
2020-12-15	-27.13580397241317
2020-12-16	-2.7568110654552047
2020-12-17	15.12804492356816
2020-12-18	-7.314237158875061
2020-12-19	-0.6330536021302753
2020-12-20	-11.777640113893183
2020-12-21	36.99454173930233
2020-12-22	-22.83764968419765
2020-12-23	3.4359593076316886
2020-12-24	2.9358602485509855
2020-12-25	14.123494980926589
2020-12-26	-3.2401180695031195
2020-12-27	4.678604891760428
2020-12-28	-11.81280853386791
2020-12-29	-3.439203552088869
2020-12-30	-17.894071199225813
2020-12-31	20.51128137125628
2021-01-01	29.645669975757748
2021-01-02	17.983327589571864
2021-01-03	-15.327962532034505
2021-01-04	13.048045514607223
2021-01-05	6.680487552672562
2021-01-06	6.968070267657768
2021-01-07	-5.576562767558897
2021-01-08	-22.494322431492
2021-01-09	-4.6097015540174455
2021-01-10	-23.54321388135583
2021-01-11	27.603310129306124
2021-01-12	-27.662849748477328
2021-01-13	1.38031435226723
2021-01-14	4.518714748701681
2021-01-15	-16.65939466434697
2021-01-16	-17.337743085589594
2021-01-17	-18.790384817363154
2021-01-18	-29.32171807074881
2021-01-19	-6.123856501799241
2021-01-20	21.760568345677193
2021-01-21	16.30635804045249
2021-01-22	-12.923225168930205
2021-01-23	16.249375779105975
2021-01-24	5.369742352814915
2021-01-25	34.23195165469896
2021-01-26	17.708317173244918
2021-01-27	-27.12870593666498
2021-01-28	-19.83495912582638
2021-01-29	25.59814179351507
2021-01-30	15.447735625347743
2021-01-31	54.56724778332096
2021-02-01	-12.554798156629152
2021-02-02	4.9331811444673805
2021-02-03	-17.679017503150508
2021-02-04	-2.2641629093288627
2021-02-05	-38.03932461650248
2021-02-06	14.256242980316351
2021-02-07	-4.809522770609838
2021-02-08	17.123748178226847
2021-02-09	-1.7328619036572228
2021-02-10	-24.30621577620946
2021-02-11	20.780204558112793
2021-02-12	-41.82663102041415
2021-02-13	9.154518375291817
2021-02-14	27.253249089037613
2021-02-15	-35.05495589669559
2021-02-16	25.109472302627175
2021-02-17	0.09326864711546323
2021-02-18	-29.046159076196833
2021-02-19	-5.6694103780844305
2021-02-20	23.468262887533967
2021-02-21	-8.495353622401701
2021-02-22	36.65196363327087
2021-02-23	-9.095793679463847
2021-02-24	-21.41031919053942
2021-02-25	-18.908708582452572
2021-02-26	-26.288726135376677
2021-02-27	-4.047553224974927
2021-02-28	-25.81141915241997
2021-03-01	-23.057484577129287
2021-03-02	4.951697753689381
2021-03-03	1.8719344818318588
2021-03-04	14.326538575813673
2021-03-05	-21.936767402493448
2021-03-06	-43.777017097640744
2021-03-07	-3.4771140616789946
2021-03-08	-19.259981015033492
2021-03-09	22.73674865183662
2021-03-10	22.68087508933347
2021-03-11	-22.965331852938544
2021-03-12	-49.88884838296459
2021-03-13	-39.11561615487868
2021-03-14	-21.72373865848878
2021-03-15	-6.706788040375814
2021-03-16	-10.94392473231957
2021-03-17	-16.448336227744324
2021-03-18	17.90516653640804
2021-03-19	-17.503972021776722
2021-03-20	-5.925689989940216
2021-03-21	-15.218952152527212
2021-03-22	8.2845156002142
2021-03-23	17.637159449634556
2021-03-24	18.73592633621886
2021-03-25	13.743029529567773
2021-03-26	-8.15155802197528
2021-03-27	14.863770221901731
2021-03-28	-34.87139791220309
2021-03-29	-11.773319906080888
2021-03-30	8.75221583147274
2021-03-31	-12.675705228702375
2021-04-01	56.93053915437024
2021-04-02	-1.3786548182687326
2021-04-03	-25.08960289956033
2021-04-04	60.7615785569155
2021-04-05	20.51221829098542
2021-04-06	-13.334571103461258
2021-04-07	24.20254102191363
2021-04-08	5.294364685119716
2021-04-09	-20.087183007953506
2021-04-10	2.0969165242711103
2021-04-11	-23.110525551456572
2021-04-12	-5.661894071462777
2021-04-13	7.237531359766751
2021-04-14	39.9800403884899
2021-04-15	28.607325944341596
2021-04-16	25.008733495517358
2021-04-17	-8.45107141300784
2021-04-18	-41.67134727295652
2021-04-19	-2.815949566487359
2021-04-20	-38.224110218904535
2021-04-21	6.041928938187305
2021-04-22	29.256271561096003
2021-04-23	-11.134353600922061
2021-04-24	3.076389869447408
2021-04-25	7.566923776133568
2021-04-26	-24.426887207456986
2021-04-27	-40.87046618623806
2021-04-28	-15.073826555757634
2021-04-29	36.43715707278627
2021-04-30	-4.30273648326947
2021-05-01	-10.768827534099504
2021-05-02	0.19464211682241095
2021-05-03	-7.860947573837265
2021-05-04	-22.89099585253671
2021-05-05	4.578713600171013
2021-05-06	36.083039257940804
2021-05-07	-25.635297095968262
2021-05-08	-8.071394094918823
2021-05-09	-12.323342533962583
2021-05-10	12.409930540785655
2021-05-11	9.717436857972434
2021-05-12	16.80349042471121
2021-05-13	17.87569794877446
2021-05-14	36.951689357050356
2021-05-15	-4.568513779305476
2021-05-16	-6.907719020765894
2021-05-17	-17.055511572278522
2021-05-18	31.907905212441328
2021-05-19	-2.6012161651689416
2021-05-20	25.409279221510356
2021-05-21	-16.80476211492652
2021-05-22	-11.172726465201968
2021-05-23	-26.726331647057677
2021-05-24	9.86519289337898
2021-05-25	-10.04180551018737
2021-05-26	4.548907300883671
2021-05-27	-14.582344536064385
2021-05-28	19.606760611309216
2021-05-29	-2.7084664480217153
2021-05-30	16.149060867983206
2021-05-31	25.850479383212317
2021-06-01	53.24216301528975
2021-06-02	23.156977108624226
2021-06-03	0.2872299128442237
2021-06-04	21.233986065335284
2021-06-05	0.6299762437717358
2021-06-06	-19.24754906696747
2021-06-07	11.004437578236965
2021-06-08	-1.240196261245537
2021-06-09	-20.970343632531964
2021-06-10	-19.94191331546239
2021-06-11	25.32600185909611
2021-06-12	14.94600575021808
2021-06-13	0.910460859983556
2021-06-14	13.012620301620126
2021-06-15	15.929493550591486
2021-06-16	-26.743233700404105
2021-06-17	41.08947357095231
2021-06-18	3.8253956334819534
2021-06-19	-13.19126654996305
2021-06-20	-42.90067641158881
2021-06-21	18.55814181094937
2021-06-22	46.71768380195729
2021-06-23	-23.982983448937667
2021-06-24	44.10925836384275
2021-06-25	-43.24909490604467
2021-06-26	-20.231749436649366
2021-06-27	2.1342138075263537
2021-06-28	16.635938270904507
2021-06-29	-8.509170206338673
2021-06-30	10.948812255309612
2021-07-01	6.814912707289803
2021-07-02	7.048786415877913
2021-07-03	-8.327921554826444
2021-07-04	-3.7265252507358504
2021-07-05	41.443811330112915
2021-07-06	12.322366312987544
2021-07-07	9.535804534606704
2021-07-08	22.18533994726418
2021-07-09	-44.67014000758289
2021-07-10	4.9581952121502315
2021-07-11	3.570394536819806
2021-07-12	21.671502372322227
2021-07-13	1.2862977660862491
2021-07-14	-32.5250122760125
2021-07-15	18.59714947257942
2021-07-16	-21.232185421949946
2021-07-17	43.21792770095788
2021-07-18	10.009147206942101
2021-07-19	24.842296201215667
2021-07-20	-0.7659578370914248
2021-07-21	-30.145911969772236
2021-07-22	-0.6522699533370093
2021-07-23	-0.002323122358278251
2021-07-24	-24.59407269562206
2021-07-25	-47.27124038070614
2021-07-26	-17.073380717567822
2021-07-27	25.867098725761075
2021-07-28	54.60307511602267
2021-07-29	29.43906935453558
2021-07-30	8.509994758866977
2021-07-31	-9.175272272368398
2021-08-01	13.38140506505892
2021-08-02	10.995002899172414
2021-08-03	-7.258564583608928
2021-08-04	-10.744904441361728
2021-08-05	-21.309209936672243
2021-08-06	-24.73818755530501
2021-08-07	-19.20730414066122
2021-08-08	1.890839786094353
2021-08-09	-15.480484830094582
2021-08-10	34.177687450358235
2021-08-11	28.06288066805245
2021-08-12	40.319598657826
2021-08-13	11.154079147756244
2021-08-14	-23.87337687351892
2021-08-15	-9.095531344787464
2021-08-16	-18.290648886467764
2021-08-17	19.536893596463653
2021-08-18	35.55220947241517
2021-08-19	44.76100844314584
2021-08-20	24.46048898113963
2021-08-21	-51.41327466670065
2021-08-22	-42.77603578161931
2021-08-23	26.090303284285042
2021-08-24	-1.3278239616507002
2021-08-25	-21.50966295028393
2021-08-26	25.512960322871802
2021-08-27	25.593542694455937
2021-08-28	-17.453539970695722
2021-08-29	-0.4451958455655203
2021-08-30	-14.352080672036722
2021-08-31	-24.54200611585743
2021-09-01	8.093254239373232
2021-09-02	-6.004111382593936
2021-09-03	2.623023113040514
2021-09-04	-7.962802956870812
2021-09-05	-8.00480238957503
2021-09-06	6.413749948308781
2021-09-07	0.04607677964788914
2021-09-08	9.630820726565945
2021-09-09	20.507408882984425
2021-09-10	-32.15050920563045
2021-09-11	8.035779819708411
2021-09-12	9.417239545558983
2021-09-13	-15.239461631438434
2021-09-14	-11.098314895480064
2021-09-15	-21.293996599164046
2021-09-16	-30.50776018603511
2021-09-17	21.102828474841505
2021-09-18	42.419161027840474
2021-09-19	-18.152503331709212
2021-09-20	40.9590030206745
2021-09-21	41.770401596111405
2021-09-22	-26.628908157855417
2021-09-23	1.1144807695956118
2021-09-24	11.253135215885447
2021-09-25	-2.3270788736114207
2021-09-26	14.62767699248688
2021-09-27	-4.031975123311847
2021-09-28	-21.364538436645034
2021-09-29	-2.6871924673549072
2021-09-30	-13.775154543561461
2021-10-01	-6.08661041257335
2021-10-02	0.4757515895791731
2021-10-03	18.085476563329365
2021-10-04	40.47767785496826
2021-10-05	-15.440828297029704
2021-10-06	11.736680413407894
2021-10-07	28.248028675114114
2021-10-08	10.42671079434768
2021-10-09	10.854333431760413
2021-10-10	-6.56792795834547
2021-10-11	-8.247289233324496
2021-10-12	40.468474319653176
2021-10-13	-26.11334467713977
2021-10-14	-13.137306242747137
2021-10-15	-32.567291087642
2021-10-16	33.93382192518735
2021-10-17	-1.9582343376705447
2021-10-18	-7.54076351184475
2021-10-19	2.699357396528194
2021-10-20	-40.83987207794988
2021-10-21	22.497704397421042
2021-10-22	-67.56815451636655
2021-10-23	-26.938467173071235
2021-10-24	-8.627172075338759
2021-10-25	48.5185661356925
2021-10-26	55.46655329512576
2021-10-27	16.46581135377363
2021-10-28	23.37147774785201
2021-10-29	22.667898248264247
2021-10-30	-4.060081619368682
2021-10-31	27.445773490301494
2021-11-01	18.2981341339167
2021-11-02	-14.120084069945001
2021-11-03	-23.10100494019214
2021-11-04	17.58144337321166
2021-11-05	-5.5025455357050586
2021-11-06	2.9094795098795077
2021-11-07	3.4673963673969785
2021-11-08	-2.77332675508303
2021-11-09	0.16298617742876698
2021-11-10	-16.78806175195133
2021-11-11	0.586262680324959
2021-11-12	-21.79551510914435
2021-11-13	-33.24682600326507
2021-11-14	6.442549450506532
2021-11-15	-24.561765204315257
2021-11-16	3.7926236687021477
2021-11-17	-5.932199518836088
2021-11-18	-21.13892689907759
2021-11-19	-22.816492990937416
2021-11-20	-30.863281545449624
2021-11-21	-9.58640393292476
2021-11-22	-22.257075982156124
2021-11-23	-7.135962005756747
2021-11-24	-30.12421813300857
2021-11-25	-32.83891517986105
2021-11-26	-36.32603390864729
2021-11-27	-11.144725788089204
2021-11-28	17.602133719211245
2021-11-29	-44.71716451723936
2021-11-30	-3.274648672886487
2021-12-01	-0.383935380919987
2021-12-02	-12.132940102690608
2021-12-03	-44.480467645695086
2021-12-04	-42.6449896544168
2021-12-05	13.574223851533946
2021-12-06	12.11234299554412
2021-12-07	14.262904232402011
2021-12-08	-3.644621840051717
2021-12-09	10.37892580127899
2021-12-10	22.589046191445746
2021-12-11	-3.4515335293865377
2021-12-12	7.19914699201027
2021-12-13	20.751057820926377
2021-12-14	24.72954431667083
2021-12-15	-2.5057645122660963
2021-12-16	1.748229223121782
2021-12-17	-5.021842996619359
2021-12-18	5.298587754577192
2021-12-19	3.2244819403372755
2021-12-20	-14.255664624238044
2021-12-21	-34.24633409052616
2021-12-22	-5.319107650054538
2021-12-23	-0.2430197379245731
2021-12-24	-19.205214735667386
2021-12-25	-29.685232064518537
2021-12-26	2.539486192563972
2021-12-27	-12.696374404993131
2021-12-28	4.362783005187044
2021-12-29	-3.750065486422595
2021-12-30	-3.907238118734793
2021-12-31	22.288995211083737
2022-01-01	38.70418998363542
2022-01-02	41.68476193458859
2022-01-03	36.68428965320975
2022-01-04	-8.957097576479642
2022-01-05	6.2790910351460365
2022-01-06	28.356675445799187
2022-01-07	-14.921735317530361
2022-01-08	23.67942877393797
2022-01-09	5.262589678989173
2022-01-10	6.49998987450458
2022-01-11	-7.089553722596786
2022-01-12	9.352336857359521
2022-01-13	6.290600668341484
2022-01-14	-40.76735055091285
2022-01-15	-8.619725620743877
2022-01-16	-0.1609397846422702
2022-01-17	15.359581494184736
2022-01-18	-21.896331733354735
2022-01-19	12.704775271894901
2022-01-20	-5.023793015649064
2022-01-21	27.713883334973712
2022-01-22	-4.788340805514276
2022-01-23	-21.956272802284122
2022-01-24	-1.8423988182568334
2022-01-25	10.447332413044354
2022-01-26	-14.473383138942134
2022-01-27	-22.87036155864196
2022-01-28	-22.431852388759836
2022-01-29	1.3955850482209056
2022-01-30	-8.965864203235
2022-01-31	15.868228088608713
2022-02-01	32.08132288101805
2022-02-02	-3.90755865959808
2022-02-03	9.69780082118147
2022-02-04	7.501172046546371
2022-02-05	-9.769297162081337
2022-02-06	-1.7240673586890425
2022-02-07	-13.659476829503985
2022-02-08	-5.97636640857352
2022-02-09	-33.27720332297037
2022-02-10	-36.138347531636015
2022-02-11	7.075083878550649
2022-02-12	3.040180417758137
2022-02-13	5.008978965454976
2022-02-14	-11.08111420470464
2022-02-15	-11.736402469328569
2022-02-16	-7.246980215933531
2022-02-17	12.736296834803586
2022-02-18	15.977088708213468
2022-02-19	-17.655947994666956
2022-02-20	50.32293010418561
2022-02-21	21.876735325153113
2022-02-22	0.23909729280672576
2022-02-23	-1.3707275982457385
2022-02-24	-20.879906250426682
2022-02-25	19.983068757095563
2022-02-26	3.736316915038132
2022-02-27	5.503403834884892
2022-02-28	-4.582994595039245
2022-03-01	-10.767702124644973
2022-03-02	-14.046572830020118
2022-03-03	57.981504769076835
2022-03-04	36.048687713030425
2022-03-05	14.32841072022899
2022-03-06	-11.741154525235865
2022-03-07	40.63053843178474
2022-03-08	-24.557247069466484
2022-03-09	28.988737938239524
2022-03-10	26.68853355394987
2022-03-11	-1.7010086021267308
2022-03-12	17.629907687727435
2022-03-13	25.535027617740152
2022-03-14	10.191111065036987
2022-03-15	-25.014611532200714
2022-03-16	-20.10487472362246
2022-03-17	25.28593206563451
2022-03-18	12.20608188716939
2022-03-19	43.851469215028835
2022-03-20	4.084267321880129
2022-03-21	7.287708683061024
2022-03-22	23.00553048292003
2022-03-23	4.181012806729395
2022-03-24	18.925198220856693
2022-03-25	-53.0111319824328
2022-03-26	0.5688833966590372
2022-03-27	-0.6728479700213614
2022-03-28	1.616910851399005
2022-03-29	6.95866859089794
2022-03-30	-24.903127182998155
2022-03-31	-21.195192408095807
2022-04-01	-25.282326387253566
2022-04-02	32.677742144890935
2022-04-03	22.702554686227785
2022-04-04	43.99532376996485
2022-04-05	12.1227199984941
2022-04-06	-3.485759021857864
2022-04-07	11.03203606890085
2022-04-08	14.276101675546911
2022-04-09	-0.49334152495788586
2022-04-10	-15.734447493995297
2022-04-11	22.468025735986327
2022-04-12	-17.90322519639378
2022-04-13	18.54625072634603
2022-04-14	11.070372571911724
2022-04-15	-4.826804589331331
2022-04-16	-3.112621896495088
2022-04-17	15.906480975804104
2022-04-18	-22.23785600328812
2022-04-19	-5.56374543180703
2022-04-20	-36.88236794716452
2022-04-21	-7.679623403639585
2022-04-22	-16.48651289320345
2022-04-23	-31.036278487688726
2022-04-24	3.560748901675521
2022-04-25	19.482996410710765
2022-04-26	-14.029306694924474
2022-04-27	3.0161127653103232
2022-04-28	12.294947707004788
2022-04-29	25.667786398478242
2022-04-30	-16.189037112592125
2022-05-01	-24.60883530981653
2022-05-02	-33.90370354235258
2022-05-03	42.14046199468565
2022-05-04	-2.4549869073989505
2022-05-05	31.733049485899596
2022-05-06	63.7509411316057
2022-05-07	-12.604973564891852
2022-05-08	-50.243082084563575
2022-05-09	-16.772263088117448
2022-05-10	-6.436947828222661
2022-05-11	19.123809430048805
2022-05-12	2.2606218939227567
2022-05-13	11.64161812211482
2022-05-14	-18.314112336794288
2022-05-15	12.298558142287227
2022-05-16	14.444444816581692
2022-05-17	16.403805694846046
2022-05-18	-11.948281500872948
2022-05-19	15.329181005589069
2022-05-20	26.164805677131774
2022-05-21	49.91483037548069
2022-05-22	-2.26035776430889
2022-05-23	-30.619540673945423
2022-05-24	10.742547631532673
2022-05-25	9.220993317915715
2022-05-26	8.757940148463055
2022-05-27	-41.43084537198269
2022-05-28	-27.825969152527332
2022-05-29	-24.981739476932443
2022-05-30	-10.509971871189041
2022-05-31	-43.38646050818883
2022-06-01	26.984668607141156
2022-06-02	1.659879108217985
2022-06-03	6.377696305859562
2022-06-04	30.534399718854036
2022-06-05	-4.851316294831055
2022-06-06	17.43172087123367
2022-06-07	2.1743363713956994
2022-06-08	-37.55112634962432
2022-06-09	-16.99409230798525
2022-06-10	-1.7952531541881258
2022-06-11	-0.46158914892769154
2022-06-12	9.975302753315592
2022-06-13	-12.365718499922957
2022-06-14	24.43385911409152
2022-06-15	2.5493970040797036
2022-06-16	22.826570026470446
2022-06-17	36.57589157685431
2022-06-18	22.794681026921864
2022-06-19	7.632805364192314
2022-06-20	-0.231780189192345
2022-06-21	-6.889201262247877
2022-06-22	31.33269281587535
2022-06-23	11.136116669394855
2022-06-24	39.53656057877195
2022-06-25	-14.751926801677447
2022-06-26	-1.5108479590354074
2022-06-27	14.464149064792785
2022-06-28	14.83128646529541
2022-06-29	48.91762553897223
2022-06-30	13.624635759813957
2022-07-01	7.77359306501125
2022-07-02	-15.530038442022597
2022-07-03	3.5694549312830928
2022-07-04	-1.8090266188276838
2022-07-05	13.149736445407251
2022-07-06	-8.811542203067862
2022-07-07	-8.845293766801852
2022-07-08	-8.398308151923304
2022-07-09	16.70000425544385
2022-07-10	18.90593731625424
2022-07-11	-14.505784091282083
2022-07-12	-22.857254723346912
2022-07-13	1.7602200262593475
2022-07-14	-0.6689685463029806
2022-07-15	18.067253752165737
2022-07-16	19.684856100413523
2022-07-17	-9.760601570322144
2022-07-18	-8.490192159676091
2022-07-19	-30.369006998196948
2022-07-20	4.831595207145751
2022-07-21	-10.088182654732854
2022-07-22	11.71316420118149
2022-07-23	2.821469904757087
2022-07-24	17.83421146923535
2022-07-25	11.24309336257458
2022-07-26	3.8332294819610384
2022-07-27	12.955270984121313
2022-07-28	6.474569537253392
2022-07-29	45.212258050029554
2022-07-30	-50.367826640604505
2022-07-31	18.563878816590424
2022-08-01	15.546848202565611
2022-08-02	53.416898251931116
2022-08-03	-8.567347664540796
2022-08-04	-11.354187906561416
2022-08-05	-0.7651825190460548
2022-08-06	-20.27448160443914
2022-08-07	-5.309156184744946
2022-08-08	23.65925143693693
2022-08-09	16.014689663248927
2022-08-10	9.329915836345798
2022-08-11	-11.772603138917937
2022-08-12	1.1274079754651467
2022-08-13	-9.140426270666934
2022-08-14	-32.35346055344981
2022-08-15	-1.0638967087338564
2022-08-16	-8.664850878991624
2022-08-17	6.460675403534728
2022-08-18	19.233620875672017
2022-08-19	10.502831997028116
2022-08-20	14.822906447923316
2022-08-21	5.975534591001271
2022-08-22	26.08705594753376
2022-08-23	17.214681963474373
2022-08-24	-20.01640857633018
2022-08-25	-18.416868587708088
2022-08-26	-22.842834587812334
2022-08-27	-35.62195789265356
2022-08-28	-32.963888805819394
2022-08-29	8.359234759187572
2022-08-30	1.3131710915601218
2022-08-31	4.120099107895112
2022-09-01	-12.24082745434582
2022-09-02	-15.86058501986155
2022-09-03	12.53088786093935
2022-09-04	14.398632719829445
2022-09-05	-18.068738455175215
2022-09-06	21.884543480925725
2022-09-07	-5.7761832937550475
2022-09-08	-14.792363479351765
2022-09-09	2.47730661926326
2022-09-10	18.864970615545516
2022-09-11	0.4953504191065986
2022-09-12	15.259484362706319
2022-09-13	16.368617257514916
2022-09-14	-22.071114253431293
2022-09-15	-5.898158180571655
2022-09-16	14.577302068947896
2022-09-17	36.93186151240691
2022-09-18	-8.739762181249109
2022-09-19	3.7861871380676373
2022-09-20	-0.22832535117912944
2022-09-21	-4.197144408287152
2022-09-22	-13.75025704915955
2022-09-23	-18.737834684831892
2022-09-24	4.957793574430398
2022-09-25	10.275468290917026
2022-09-26	5.297038422914233
2022-09-27	-3.8564661185741116
2022-09-28	-7.22294882264762
2022-09-29	4.027068311876842
2022-09-30	-10.929365929625884
2022-10-01	17.717249327157443
2022-10-02	-5.985572638344578
2022-10-03	2.7577589936348517
2022-10-04	0.9364959657882979
2022-10-05	-19.80634080197933
2022-10-06	-10.43835867653437
2022-10-07	-8.916406993012199
2022-10-08	8.235756167227002
2022-10-09	-37.78686208949874
2022-10-10	-18.9783919414642
2022-10-11	-12.971572624246763
2022-10-12	-22.517694413373263
2022-10-13	30.047226846896486
2022-10-14	-11.080307801719012
2022-10-15	13.307026849485501
2022-10-16	1.4679488702326755
2022-10-17	-4.863297431252357
2022-10-18	27.512959540742685
2022-10-19	-27.178770956302852
2022-10-20	24.194888942420512
2022-10-21	-13.832532100999112
2022-10-22	19.576135437643345
2022-10-23	14.188229722535683
2022-10-24	8.408082679173667
2022-10-25	-4.602373931176363
2022-10-26	20.856202884030907
2022-10-27	0.3423531711233212
2022-10-28	8.872111732505552
2022-10-29	2.221279414090101
2022-10-30	3.036539800005781
2022-10-31	0.4750157178998239
2022-11-01	-0.3677946167384578
2022-11-02	19.778150390471932
2022-11-03	-28.108141478520913
2022-11-04	15.1392488954262
2022-11-05	-7.039765785263931
2022-11-06	-17.130776045935146
2022-11-07	10.109642601846586
2022-11-08	-11.545580919171973
2022-11-09	11.607919629377102
2022-11-10	-5.575504306094176
2022-11-11	35.143508091794395
2022-11-12	17.084620508148728
2022-11-13	6.32357569130308
2022-11-14	-11.535867116437373
2022-11-15	21.855827414816975
2022-11-16	7.128127664551547
2022-11-17	-4.239828154366353
2022-11-18	10.855078449261578
2022-11-19	-13.703609976308227
2022-11-20	43.641693216846214
2022-11-21	-8.423836431399021
2022-11-22	70.73436076276882
2022-11-23	15.789711837869737
2022-11-24	4.535949645263752
2022-11-25	41.819441233652405
2022-11-26	44.824380431155625
2022-11-27	19.920563058317544
2022-11-28	1.069946860813073
2022-11-29	-38.48073421654084
2022-11-30	-1.4173427464255217
2022-12-01	8.941704545015853
2022-12-02	-36.490125639835576
2022-12-03	-20.377716738195804
2022-12-04	-20.883037458597652
2022-12-05	-4.017983371956614
2022-12-06	-39.93521742436221
2022-12-07	-15.959628396079182
2022-12-08	-2.207279082999083
2022-12-09	14.799857073442546
2022-12-10	30.919520137423465
2022-12-11	12.676718875860836
2022-12-12	28.85696287545899
2022-12-13	17.503356399969817
2022-12-14	-5.495155452625883
2022-12-15	7.35563466300585
2022-12-16	21.051796755933673
2022-12-17	1.2444423935299735
2022-12-18	25.704608695565994
2022-12-19	7.44379401191328
2022-12-20	16.13009886042032
2022-12-21	-0.19453038186254634
2022-12-22	-2.1441836206934433
2022-12-23	-12.08298801521008
2022-12-24	-1.893191935537646
2022-12-25	-4.14630390117663
2022-12-26	18.028585138266703
2022-12-27	36.19535261133374
2022-12-28	25.68398364353261
2022-12-29	4.678878143128328
2022-12-30	-38.75079319489948
2022-12-31	-7.2639529693700595
2023-01-01	-18.33061146704289
